project_code,project_name,agency,ministry,sector,state,approval_date,start_date,original_completion_date,revised_completion_date,actual_completion_date,original_cost,revised_cost,cumulative_expenditure,report_month,approval_date_raw,start_date_raw,original_completion_date_raw,revised_completion_date_raw,actual_completion_date_raw,original_cost_raw,revised_cost_raw,cumulative_expenditure_raw,source_file,source_page,source_row_number,source_serial_number,extraction_method
N16000282,SITARGANJ LPG PROJECT Central Sector Projects,INDIAN OIL CORPORATION LIMITED,,PETROLEUM,,,,2020-02,,,160.1,,125.58,2023-04,,,02/2020,,,160.10,,125.58,FR_APril_2023.pdf,24,8,1,pdfplumber-table2-v1
N16000303,REVAMPING OF EXISTING FACILITIES/ AUGMENTATION OF FACILITIES AT BAITALPUR DEPOT FOR,INDIAN OIL CORPORATION LIMITED,,PETROLEUM,,,,2021-08,,,318.8,,224.25,2023-04,,,08/2021,,,318.80,,224.25,FR_APril_2023.pdf,24,9,2,pdfplumber-table2-v1
N16000318,LPG BP PROJECT JODHPUR,INDIAN OIL CORPORATION LIMITED,,PETROLEUM,,,,,,,229.8,,165.84,2023-04,,,-,,,229.80,,165.84,FR_APril_2023.pdf,24,10,3,pdfplumber-table2-v1
N16000336,"AUGMENTATION OF LPG IMPORT TERMINAL FROM 0.6 MMTPA TO 2.5 MMTPA AT KANDLA, GUJARAT",INDIAN OIL CORPORATION LIMITED,,PETROLEUM,,,,,,,588.2,,393.17,2023-04,,,-,,,588.20,,393.17,FR_APril_2023.pdf,24,11,4,pdfplumber-table2-v1
N16000353,ETHANOL PRODUCTION FROM PSA OFF GAS BASED ON LANZATECH TECHNOLOGY AT PANIPAT REFINERY,INDIAN OIL CORPORATION LIMITED,,PETROLEUM,,,,2020-02,,,598.0,,679.2,2023-04,,,02/2020,,,598.00,,679.20,FR_APril_2023.pdf,24,12,5,pdfplumber-table2-v1
N16000355,SULTANPUR JHAJJAR HISSAR PIPELINE (SJHPL) PROJECT,GAS AUTHORITY OF INDIA LIMITED,,PETROLEUM,,,,2020-08,,,286.42,,241.8,2023-04,,,08/2020,,,286.42,,241.80,FR_APril_2023.pdf,24,13,6,pdfplumber-table2-v1
N16000476,CITY GAS DISTRIBUTION NETWORK PROJECT AT RUPNAGAR Central Sector Projects,BHARAT PETROLEUM CORPORATION LIMITED,,PETROLEUM,,,,2023-06,,,172.7,,122.76,2023-04,,,06/2023,,,172.70,,122.76,FR_APril_2023.pdf,24,14,7,pdfplumber-table2-v1
N18000164,EASTERN REGION STRENGTHENING SCHEME-XII,POWER GRID CORPORATION OF INDIA LIMITED,,POWER,,,,2016-11,,,522.29,,481.11,2023-04,,,11/2016,,,522.29,,481.11,FR_APril_2023.pdf,24,17,8,pdfplumber-table2-v1
N18000242,ESTABLISHMENT OF 220/66KV GIS AT UT CHANDIGARH ALONG WITH 220KV D/C LINE FROM CHANDIGARH GIS TO 400/,POWER GRID CORPORATION OF INDIA LIMITED,,POWER,,,,2019-02,,,322.3,,206.86,2023-04,,,02/2019,,,322.30,,206.86,FR_APril_2023.pdf,24,18,9,pdfplumber-table2-v1
N18000245,SYSTEM STRENGTHENING SCHEME IN NORTH REGION XXXVII,POWER GRID CORPORATION OF INDIA LIMITED,,POWER,,,,2019-12,,,379.95,,277.82,2023-04,,,12/2019,,,379.95,,277.82,FR_APril_2023.pdf,24,19,10,pdfplumber-table2-v1
N18000258,EASTERN REGION STRENGTHENING SCHEME-XVIII Central Sector Projects,POWER GRID CORPORATION OF INDIA LIMITED,,POWER,,,,2020-07,,,3500.0,,3183.32,2023-04,,,07/2020,,,"3,500.00",,"3,183.32",FR_APril_2023.pdf,24,20,11,pdfplumber-table2-v1
N18000301,TRANSMISSION SYSTEM FOR PROVIDING CONNECTIVITY TO RE PROJECTS AT BHUJ-II (2000 MW) IN GUJARAT,POWER GRID CORPORATION OF INDIA LIMITED,,POWER,,,,2021-08,,,1031.0,,1024.67,2023-04,,,08/2021,,,"1,031.00",,"1,024.67",FR_APril_2023.pdf,24,21,12,pdfplumber-table2-v1
N18000308,NORTHERN REGION SYSTEM STRENGTHENING - XL,POWER GRID CORPORATION OF INDIA LIMITED,,POWER,,,,2020-12,,,572.98,,306.67,2023-04,,,12/2020,,,572.98,,306.67,FR_APril_2023.pdf,24,22,13,pdfplumber-table2-v1
N18000315,EASTERN REGION STRENGTHENING SCHEME - XXIII,POWER GRID CORPORATION OF INDIA LIMITED,,POWER,,,,2021-06,,,239.89,,167.56,2023-04,,,06/2021,,,239.89,,167.56,FR_APril_2023.pdf,24,23,14,pdfplumber-table2-v1
N21000025,ALL INDIA INSTITUTE OF MEDICAL SCIENCE AT GORAKHPUR (U.P.),HLL Infra Tech Services Limited,,HEALTH AND FAMILY WELFARE,,,,2020-04,,,785.0,,642.64,2023-04,,,04/2020,,,785.00,,642.64,FR_APril_2023.pdf,24,26,15,pdfplumber-table2-v1
N24000616,CONSTRUCTION OF 2-LANE ROAD FROM EXISTING KM 21.500 OF HUNLI-ANINI ROAD( NEAR ITHUN BRIDGE) TO KM 37,NATIONAL HIGHWAYS AND INFRASTRUCTURE DEVELOPMENT CORPORATION Ltd.,,ROAD TRANSPORT AND HIGHWAYS,,,,2019-12,,,245.79,,188.33,2023-04,,,12/2019,,,245.79,,188.33,FR_APril_2023.pdf,25,4,16,pdfplumber-table2-v1
N24000690,TWO LANING OF EXISTING KHUPA HAYULIANG HAWAI ROAD ON EPC BASIS FROM DESIGN KM. 0.000 (KHUPA) TO KM.,NATIONAL HIGHWAYS AND INFRASTRUCTURE DEVELOPMENT CORPORATION Ltd.,,ROAD TRANSPORT AND HIGHWAYS,,,,2020-11,,,198.22,,164.05,2023-04,,,11/2020,,,198.22,,164.05,FR_APril_2023.pdf,25,5,17,pdfplumber-table2-v1
N24001182,CONSTRUCTION OF 2-LANE WITH PAVED SHOULDER OF FLEXIBLE PAVEMENT FROM KM 42.80 TO KM 60.30 ON NH NO.1,MINISTRY OF ROAD TRANSPORT AND HIGHWAYS (STATE PWDs),,ROAD TRANSPORT AND HIGHWAYS,,,,2021-01,,,205.95,,164.0,2023-04,,,01/2021,,,205.95,,164.00,FR_APril_2023.pdf,25,6,18,pdfplumber-table2-v1
N24001496,SINNAR-SHIRDI (INCLUDING SINNAR BYPASS) PPP BOT (Hybrid Annuity),NATIONAL HIGHWAYS AUTHORITY OF INDIA,,ROAD TRANSPORT AND HIGHWAYS,,,,2022-08,,,1026.0,,868.51,2023-04,,,08/2022,,,"1,026.00",,868.51,FR_APril_2023.pdf,25,7,19,pdfplumber-table2-v1
N28000085,NAGPUR METRO RAIL,NAGPUR METRO RAIL CORPORATION LTD,,URBAN DEVELOPMENT,,,,2018-03,,,8680.0,,8491.14,2023-04,,,03/2018,,,"8,680.00",,"8,491.14",FR_APril_2023.pdf,25,10,20,pdfplumber-table2-v1
N24000866,UP-GRADATION TO 4-LANE WITH PAVED SHOULDER OF JAMMU- AKHNOOR SECTION OF NH-144A FROM CANAL HEAD (KM 0,NATIONAL HIGHWAYS AND INFRASTRUCTURE DEVELOPMENT CORPORATION Ltd.,,ROAD TRANSPORT AND HIGHWAYS,,,,2021-02,,,404.17,,324.05,2023-05,,,02/2021,,,404.17,,324.05,FR_may_2023.pdf,26,15,21,pdfplumber-table2-v1
N24001152,"STRENGTHENING WITH PAVED SHOULDER FROM KM 30/0 TO KM 46/0, KM 54/0 TO KM 61/0, KM 69/0 TO KM 80/0 AN",MINISTRY OF ROAD TRANSPORT AND HIGHWAYS (STATE PWDs),,ROAD TRANSPORT AND HIGHWAYS,,,,2021-09,,,160.0,,142.53,2023-05,,,09/2021,,,160.00,,142.53,FR_may_2023.pdf,26,16,22,pdfplumber-table2-v1
N24001243,"BALANCE WORK FOR ""IMPROVEMENT OF EXISTING SINGLE INTERMEDIATE LANE ROAD OF NH-44 TO BE 2-LANE ROAD W",MINISTRY OF ROAD TRANSPORT AND HIGHWAYS (STATE PWDs),,ROAD TRANSPORT AND HIGHWAYS,,,,2020-12,,,166.94,,113.72,2023-05,,,12/2020,,,166.94,,113.72,FR_may_2023.pdf,26,17,23,pdfplumber-table2-v1
N24001250,WIDENING/IMPROVEMENT TO 4-LANE WITH PAVED SHOULDER FROM KM 66.00 TO KM 81.00 (DESIGN CHAINAGE 65.923 EPC,NATIONAL HIGHWAYS AND INFRASTRUCTURE DEVELOPMENT CORPORATION Ltd.,,ROAD TRANSPORT AND HIGHWAYS,,,,2022-03,,,278.46,,246.11,2023-05,,,03/2022,,,278.46,,246.11,FR_may_2023.pdf,26,18,24,pdfplumber-table2-v1
N24001295,CONSTRUCTION OF 2 LANE ROAD OF POTIN TO PANGIN SECTION OF NH 13 FROM KM 284.92 TO KM 314.25 (PACKAGE EPC,MINISTRY OF ROAD TRANSPORT AND HIGHWAYS (STATE PWDs),,ROAD TRANSPORT AND HIGHWAYS,,,,2027-03,,,347.78,,276.79,2023-05,,,03/2027,,,347.78,,276.79,FR_may_2023.pdf,26,19,25,pdfplumber-table2-v1
N24001311,KAILASHAHAR TO KHOWAI PKG-2 EPC,NATIONAL HIGHWAYS AND INFRASTRUCTURE DEVELOPMENT CORPORATION Ltd.,,ROAD TRANSPORT AND HIGHWAYS,,,,2022-07,,,206.78,,197.72,2023-05,,,07/2022,,,206.78,,197.72,FR_may_2023.pdf,26,20,26,pdfplumber-table2-v1
N24001577,DELHI-VADODARA GREENFIELD ALIGNMENT (NH-148N) (PKG-08) (CH. 214.260 - CH. 247.31) [START OF ROB NEAR EPC,NATIONAL HIGHWAYS AUTHORITY OF INDIA,,ROAD TRANSPORT AND HIGHWAYS,,,,2022-11,,,1297.25,,950.33,2023-05,,,11/2022,,,"1,297.25",,950.33,FR_may_2023.pdf,26,21,27,pdfplumber-table2-v1
N24001578,SANGARIYA (NEAR CHAUTALA)-RASISAR (NEAR BIKANER) (PHASE-I) (AJ/SR-PACKAGE-8) EPC,NATIONAL HIGHWAYS AUTHORITY OF INDIA,,ROAD TRANSPORT AND HIGHWAYS,,,,2022-10,,,580.79,,552.88,2023-05,,,10/2022,,,580.79,,552.88,FR_may_2023.pdf,26,22,28,pdfplumber-table2-v1
N24001583,RASISAR (NEAR BIKANER)-DEOGARH (NEAR DHANDHANIYA) (PHASE- I) (AJ/RD-PACKAGE-5) EPC,NATIONAL HIGHWAYS AUTHORITY OF INDIA,,ROAD TRANSPORT AND HIGHWAYS,,,,2021-11,,,820.02,,405.35,2023-05,,,11/2021,,,820.02,,405.35,FR_may_2023.pdf,26,23,29,pdfplumber-table2-v1
N24001585,SANGARIYA (NEAR CHAUTALA)-RASISAR (NEAR BIKANER) (AJ/SR- PACKAGE-4) EPC,NATIONAL HIGHWAYS AUTHORITY OF INDIA,,ROAD TRANSPORT AND HIGHWAYS,,,,2022-06,,,542.7,,444.17,2023-05,,,06/2022,,,542.70,,444.17,FR_may_2023.pdf,27,4,30,pdfplumber-table2-v1
N16000274,BOKARO-ANGUL PIPELINE PROJECT,GAS AUTHORITY OF INDIA LIMITED,,PETROLEUM,,,,2020-12,,,3437.0,,2463.3,2023-06,,,12/2020,,,"3,437.00",,"2,463.30",FR_june_2023.pdf,27,9,31,pdfplumber-table2-v1
N16000370,PIPELINE REPLACEMENT PROJECT (PRP-VI),OIL & NATURAL GAS CORPORATION LIMITED,,PETROLEUM,,,,2020-12,,,763.92,,830.87,2023-06,,,12/2020,,,763.92,,830.87,FR_june_2023.pdf,27,10,32,pdfplumber-table2-v1
N16000408,SULPHUR FORMING UNIT IN SRU EPC,HINDUSTAN PETROLEUM CORPORATION LIMITED,,PETROLEUM,,,,2021-08,,,210.94,,177.86,2023-06,,,08/2021,,,210.94,,177.86,FR_june_2023.pdf,27,11,33,pdfplumber-table2-v1
N18000252,AMELIA COAL MINE Central Sector Projects,THDC INDIA LIMITED,,POWER,,,,2020-09,,,2104.21,,890.47,2023-06,,,09/2020,,,"2,104.21",,890.47,FR_june_2023.pdf,27,14,34,pdfplumber-table2-v1
N18000282,NOKHRA EPC,NATIONAL THERMAL POWER CORPORATION,,POWER,,,,2021-09,,,1722.14,,1710.02,2023-06,,,09/2021,,,"1,722.14",,"1,710.02",FR_june_2023.pdf,27,15,35,pdfplumber-table2-v1
N21000003,LHMC NEW DELHI-RE-DEVELOPMENT,HOSPITAL SERVICES CONSULTANCY CORPORATION LTD,,HEALTH AND FAMILY WELFARE,,,,2013-11,,,414.11,,586.5,2023-06,,,11/2013,,,414.11,,586.50,FR_june_2023.pdf,27,18,36,pdfplumber-table2-v1
N21000007,"LGBRIMH-TEZPUR, ASSAM",HOSPITAL SERVICES CONSULTANCY CORPORATION LTD,,HEALTH AND FAMILY WELFARE,,,,2014-12,,,175.57,,179.15,2023-06,,,12/2014,,,175.57,,179.15,FR_june_2023.pdf,27,19,37,pdfplumber-table2-v1
N21000008,AIIMS - MOTHER AND CHILD BLOCK,HOSPITAL SERVICES CONSULTANCY CORPORATION LTD,,HEALTH AND FAMILY WELFARE,,,,2017-05,,,204.44,,285.0,2023-06,,,05/2017,,,204.44,,285.00,FR_june_2023.pdf,27,20,38,pdfplumber-table2-v1
N21000009,AIIMS - OPD(NEW),HOSPITAL SERVICES CONSULTANCY CORPORATION LTD,,HEALTH AND FAMILY WELFARE,,,,2017-05,,,293.65,,299.76,2023-06,,,05/2017,,,293.65,,299.76,FR_june_2023.pdf,27,21,39,pdfplumber-table2-v1
N21000010,"CONSTRUCTION OF HOSPITAL BLOCK, IIT, KHARAGPUR",HOSPITAL SERVICES CONSULTANCY CORPORATION LTD,,HEALTH AND FAMILY WELFARE,,,,2017-05,,,168.9,,182.1,2023-06,,,05/2017,,,168.90,,182.10,FR_june_2023.pdf,27,22,40,pdfplumber-table2-v1
N21000011,CONSTRUCTION OF HOSPITAL AND OPD BLOCK NCI JHAJJAR,HOSPITAL SERVICES CONSULTANCY CORPORATION LTD,,HEALTH AND FAMILY WELFARE,,,,2018-03,,,505.58,,586.96,2023-06,,,03/2018,,,505.58,,586.96,FR_june_2023.pdf,27,23,41,pdfplumber-table2-v1
N21000012,SATELLITE CENTRE PGI CHANDIGARH SANGRUR PUNJAB,HOSPITAL SERVICES CONSULTANCY CORPORATION LTD,,HEALTH AND FAMILY WELFARE,,,,2018-02,,,152.95,,171.9,2023-06,,,02/2018,,,152.95,,171.90,FR_june_2023.pdf,27,24,42,pdfplumber-table2-v1
N21000013,NEIGRIHMS SHILLONG MEGHALYA,HOSPITAL SERVICES CONSULTANCY CORPORATION LTD,,HEALTH AND FAMILY WELFARE,,,,2018-05,,,363.99,,321.0,2023-06,,,05/2018,,,363.99,,321.00,FR_june_2023.pdf,27,25,43,pdfplumber-table2-v1
N21000015,CNCI KOLKATA WEST BENGAL,HOSPITAL SERVICES CONSULTANCY CORPORATION LTD,,HEALTH AND FAMILY WELFARE,,,,2018-09,,,244.0,,224.92,2023-06,,,09/2018,,,244.00,,224.92,FR_june_2023.pdf,27,26,44,pdfplumber-table2-v1
N21000016,"RESIDENTIAL COMPLEX AND OPD BLOCK, AIIMS, NAGPUR MAHARASTRA Central Sector Projects",HOSPITAL SERVICES CONSULTANCY CORPORATION LTD,,HEALTH AND FAMILY WELFARE,,,,2019-03,,,274.19,,259.46,2023-06,,,03/2019,,,274.19,,259.46,FR_june_2023.pdf,27,27,45,pdfplumber-table2-v1
N21000017,"RESIDENTIAL COMPLEX AND OPD BLOCK, AIIMS-MNAGLAGIRI GUNTUR, ANDHRA PRADESH Central Sector Projects",HOSPITAL SERVICES CONSULTANCY CORPORATION LTD,,HEALTH AND FAMILY WELFARE,,,,2019-03,,,272.19,,268.59,2023-06,,,03/2019,,,272.19,,268.59,FR_june_2023.pdf,28,4,46,pdfplumber-table2-v1
N21000018,"RESIDENTIALCOMPLEX AND OPD BLOCK, AIIMS, KALYANI WEST BENGAL Central Sector Projects",HOSPITAL SERVICES CONSULTANCY CORPORATION LTD,,HEALTH AND FAMILY WELFARE,,,,2019-03,,,355.15,,321.31,2023-06,,,03/2019,,,355.15,,321.31,FR_june_2023.pdf,28,5,47,pdfplumber-table2-v1
N21000019,GERIATRICS BLOCK- AIIMS DLEHI,HOSPITAL SERVICES CONSULTANCY CORPORATION LTD,,HEALTH AND FAMILY WELFARE,,,,,,,156.56,,145.94,2023-06,,,-,,,156.56,,145.94,FR_june_2023.pdf,28,6,48,pdfplumber-table2-v1
N21000020,HOSPITAL AND TEACHING- AIIMS GUNTUR Central Sector Projects,HOSPITAL SERVICES CONSULTANCY CORPORATION LTD,,HEALTH AND FAMILY WELFARE,,,,,,,601.02,,590.2,2023-06,,,-,,,601.02,,590.20,FR_june_2023.pdf,28,7,49,pdfplumber-table2-v1
N21000021,HOSPITAL AND MEDICAL COLLEGE AIIMS RAEBARELI Central Sector Projects,HOSPITAL SERVICES CONSULTANCY CORPORATION LTD,,HEALTH AND FAMILY WELFARE,,,,,,,268.84,,269.92,2023-06,,,-,,,268.84,,269.92,FR_june_2023.pdf,28,8,50,pdfplumber-table2-v1
N21000022,SUPER SPECIALITY BLOCK PMSSY GOA Central Sector Projects,HOSPITAL SERVICES CONSULTANCY CORPORATION LTD,,HEALTH AND FAMILY WELFARE,,,,,,,249.01,,244.64,2023-06,,,-,,,249.01,,244.64,FR_june_2023.pdf,28,9,51,pdfplumber-table2-v1
N21000023,HOSPITAL AND TEACHING- AIIMS NAGPUR Central Sector Projects,HOSPITAL SERVICES CONSULTANCY CORPORATION LTD,,HEALTH AND FAMILY WELFARE,,,,,,,582.99,,562.03,2023-06,,,-,,,582.99,,562.03,FR_june_2023.pdf,28,10,52,pdfplumber-table2-v1
N21000024,HOSPITAL AND TEACHING- AIIMS KALYANI,HOSPITAL SERVICES CONSULTANCY CORPORATION LTD,,HEALTH AND FAMILY WELFARE,,,,,,,651.99,,622.18,2023-06,,,-,,,651.99,,622.18,FR_june_2023.pdf,28,11,53,pdfplumber-table2-v1
N21000028,AIIMS BILASPUR,NBCC FOR HEALTH,,HEALTH AND FAMILY WELFARE,,,,2021-09,,,1351.0,,1185.1,2023-06,,,09/2021,,,"1,351.00",,"1,185.10",FR_june_2023.pdf,28,12,54,pdfplumber-table2-v1
220100164,BELAPUR-SEAWOOD-URAN ELECTRIFIED DOUBLE LINE(MTP),METROPOLITAN RAPID TRANSPORT PROJECTS,,RAILWAYS,,,,2004-03,,,495.44,,1920.57,2023-06,,,03/2004,,,495.44,,"1,920.57",FR_june_2023.pdf,28,15,55,pdfplumber-table2-v1
220100222,"KODERMA-RANCHI VIA BARKAKANA (NL),ECR",EAST CENTRAL RAILWAYS,,RAILWAYS,,,,,,,1033.07,,3881.88,2023-06,,,-,,,"1,033.07",,"3,881.88",FR_june_2023.pdf,28,16,56,pdfplumber-table2-v1
220100325,SUKINDA ROAD - ANGUL (NL)(ECOR),RAIL VIKAS NIGAM LTD.,,RAILWAYS,,,,2015-02,,,1202.7,,2488.95,2023-06,,,02/2015,,,"1,202.70",,"2,488.95",FR_june_2023.pdf,28,17,57,pdfplumber-table2-v1
N22000121,AHMEDABAD-HIMMATNAGAR-UDAIPUR (WR),WESTERN RAILWAY,,RAILWAYS,,,,2020-03,,,829.74,,2248.41,2023-06,,,03/2020,,,829.74,,"2,248.41",FR_june_2023.pdf,28,18,58,pdfplumber-table2-v1
N22000144,PALANPUR-SAMAKHAYALI (DL),RAIL VIKAS NIGAM LTD.,,RAILWAYS,,,,2021-12,,,1548.66,,2814.97,2023-06,,,12/2021,,,"1,548.66",,"2,814.97",FR_june_2023.pdf,28,19,59,pdfplumber-table2-v1
N22000145,VIRAMGAM-SAMAKHIALI (DL),WESTERN RAILWAY,,RAILWAYS,,,,2021-03,,,1037.15,,1539.79,2023-06,,,03/2021,,,"1,037.15",,"1,539.79",FR_june_2023.pdf,28,20,60,pdfplumber-table2-v1
N22000201,MADURAI-BODINAYAKKANUR,SOUTHERN RAILWAY,,RAILWAYS,,,,,,,164.41,,513.97,2023-06,,,-,,,164.41,,513.97,FR_june_2023.pdf,28,21,61,pdfplumber-table2-v1
N22000221,BANDEL-BOINCHI 3RD LINE,EASTERN RAILWAYS,,RAILWAYS,,,,,,,288.35,,603.92,2023-06,,,-,,,288.35,,603.92,FR_june_2023.pdf,28,22,62,pdfplumber-table2-v1
N22000238,BOINCHI-SHAKTIGARH 3RD LINE,EASTERN RAILWAYS,,RAILWAYS,,,,,,,175.8,,454.29,2023-06,,,-,,,175.80,,454.29,FR_june_2023.pdf,28,23,63,pdfplumber-table2-v1
N22000302,BAZAR SAU -AZIMGANJ JN. DOUBLING,EASTERN RAILWAYS,,RAILWAYS,,,,,,,255.64,,415.43,2023-06,,,-,,,255.64,,415.43,FR_june_2023.pdf,28,24,64,pdfplumber-table2-v1
N22000313,VIJAYWADA-GUDUGOLANU-BHIMAVARAM-NARSAPUR DL (221 KM),RAIL VIKAS NIGAM LTD.,,RAILWAYS,,,,2020-03,,,1503.71,,4483.77,2023-06,,,03/2020,,,"1,503.71",,"4,483.77",FR_june_2023.pdf,28,25,65,pdfplumber-table2-v1
N22000325,HUBLI- CHIKJAJUR,SOUTH WESTERN RAILWAY,,RAILWAYS,,,,2020-03,,,1156.94,,1590.73,2023-06,,,03/2020,,,"1,156.94",,"1,590.73",FR_june_2023.pdf,28,26,66,pdfplumber-table2-v1
N22000334,HAJIPUR - BACHAWARA,EAST CENTRAL RAILWAYS,,RAILWAYS,,,,2019-03,,,678.54,,1089.3,2023-06,,,03/2019,,,678.54,,"1,089.30",FR_june_2023.pdf,29,4,67,pdfplumber-table2-v1
N22000392,SURENDRA NAGAR RAJKOT,WESTERN RAILWAY,,RAILWAYS,,,,2021-03,,,1002.39,,867.09,2023-06,,,03/2021,,,"1,002.39",,867.09,FR_june_2023.pdf,29,5,68,pdfplumber-table2-v1
N22000394,DOUBLING OF TRACK BETWEEN GOOTY AND DHARMAVARAM OF SOUTH CENTRAL RAILWAY,RAIL INDIA TECHNICAL AND ECONOMIC SERVICE,,RAILWAYS,,,,2021-03,,,636.38,,1081.75,2023-06,,,03/2021,,,636.38,,"1,081.75",FR_june_2023.pdf,29,6,69,pdfplumber-table2-v1
N22000395,ROURKELA JHARSUGUDA THIRD LINE 101 KM,SOUTH EASTERN RAILWAY,,RAILWAYS,,,,2020-03,,,969.83,,1396.8,2023-06,,,03/2020,,,969.83,,"1,396.80",FR_june_2023.pdf,29,7,70,pdfplumber-table2-v1
N22000407,DAUND-GULBARGA - DOUBLING (224.9 KM) AND PUNE-GUNTAKAL - ELECTRIFICATION (641.37 KM),RAIL VIKAS NIGAM LTD.,,RAILWAYS,,,,2020-03,,,713.48,,3240.14,2023-06,,,03/2020,,,713.48,,"3,240.14",FR_june_2023.pdf,29,8,71,pdfplumber-table2-v1
N22000410,SAMBALPUR - TITLAGARH - DOUBLING,RAIL VIKAS NIGAM LTD.,,RAILWAYS,,,,2020-03,,,948.04,,2517.11,2023-06,,,03/2020,,,948.04,,"2,517.11",FR_june_2023.pdf,29,9,72,pdfplumber-table2-v1
N22000411,RAIPUR - TITLAGARH - DOUBLING,RAIL VIKAS NIGAM LTD.,,RAILWAYS,,,,2020-03,,,1402.02,,1479.06,2023-06,,,03/2020,,,"1,402.02",,"1,479.06",FR_june_2023.pdf,29,10,73,pdfplumber-table2-v1
N22000413,BHIMSEN - JHANSI DOUBLING WITH ELECTRIFICATION,RAIL VIKAS NIGAM LTD.,,RAILWAYS,,,,2020-12,,,1183.25,,2256.64,2023-06,,,12/2020,,,"1,183.25",,"2,256.64",FR_june_2023.pdf,29,11,74,pdfplumber-table2-v1
N22000414,BINA - KOTA DOUBLING WITH RE,RAIL VIKAS NIGAM LTD.,,RAILWAYS,,,,2020-12,,,1485.85,,2606.08,2023-06,,,12/2020,,,"1,485.85",,"2,606.08",FR_june_2023.pdf,29,12,75,pdfplumber-table2-v1
N22000456,INDARA - DOHRIGHAT GAUGE CONVERSION.,NORTH EASTERN RAILWAY,,RAILWAYS,,,,2016-04,,,213.0,,277.23,2023-06,,,04/2016,,,213.00,,277.23,FR_june_2023.pdf,29,13,76,pdfplumber-table2-v1
N22000466,JODHPUR (RAI KA BAGH) - DEGANA DOUBLING (145 KM),NORTH WESTERN RAILWAY,,RAILWAYS,,,,2022-08,,,808.85,,806.65,2023-06,,,08/2022,,,808.85,,806.65,FR_june_2023.pdf,29,14,77,pdfplumber-table2-v1
N22000469,AUNRIHAR - JAUNPUR PATCH DOUBLING .,NORTH EASTERN RAILWAY,,RAILWAYS,,,,2022-01,,,600.0,,406.77,2023-06,,,01/2022,,,600.00,,406.77,FR_june_2023.pdf,29,15,78,pdfplumber-table2-v1
N22000488,GEVRA ROAD PENDRA ROAD,Indian Railway Construction Company Limited,,RAILWAYS,,,,2022-03,,,2288.0,,2139.95,2023-06,,,03/2022,,,"2,288.00",,"2,139.95",FR_june_2023.pdf,29,16,79,pdfplumber-table2-v1
N24000482,FOUR LANING OF KOILWAR TO BHOJPUR,NATIONAL HIGHWAYS AUTHORITY OF INDIA,,ROAD TRANSPORT AND HIGHWAYS,,,,2020-01,,,814.04,,1089.89,2023-06,,,01/2020,,,814.04,,"1,089.89",FR_june_2023.pdf,29,19,80,pdfplumber-table2-v1
N24000506,FOUR LANING OF BHOJPUR TO BUXAR,NATIONAL HIGHWAYS AUTHORITY OF INDIA,,ROAD TRANSPORT AND HIGHWAYS,,,,2020-10,,,642.41,,786.78,2023-06,,,10/2020,,,642.41,,786.78,FR_june_2023.pdf,29,20,81,pdfplumber-table2-v1
N24000722,CONSTRUCTION OF NH-24 4-LANE BYPASS STARTING FROM KM 479.500 OF NH-24 AND TERMINATING AT KM 17.600 O,NATIONAL HIGHWAYS AUTHORITY OF INDIA,,ROAD TRANSPORT AND HIGHWAYS,,,,2019-07,,,305.0,,236.44,2023-06,,,07/2019,,,305.00,,236.44,FR_june_2023.pdf,29,21,82,pdfplumber-table2-v1
N24000792,FOUR LANING OF ALIGARH - KANPUR SECTION PKG-I FROM ALIGARH - BHADWAS,NATIONAL HIGHWAYS AUTHORITY OF INDIA,,ROAD TRANSPORT AND HIGHWAYS,,,,2022-06,,,809.07,,1202.13,2023-06,,,06/2022,,,809.07,,"1,202.13",FR_june_2023.pdf,29,22,83,pdfplumber-table2-v1
N24001279,CONSTRUCTION OF TWO LANE WITH PAVED SHOULDER OF SELLING-DULTE SECTION OF NH-06 (PKG-II) EPC,NATIONAL HIGHWAYS AND INFRASTRUCTURE DEVELOPMENT CORPORATION Ltd.,,ROAD TRANSPORT AND HIGHWAYS,,,,2022-07,,,216.49,,370.83,2023-06,,,07/2022,,,216.49,,370.83,FR_june_2023.pdf,29,23,84,pdfplumber-table2-v1
N16000272,DHAMRA-ANGUL PIPELINE PROJECT,GAS AUTHORITY OF INDIA LIMITED,,PETROLEUM,,,,2020-12,,,1933.0,,2103.9,2023-07,,,12/2020,,,"1,933.00",,"2,103.90",FR_july1_2023.pdf,29,28,85,pdfplumber-table2-v1
N16000390,HARIDWAR RISHIKESH DEHRADUN PIPELINE PROJECT,GAS AUTHORITY OF INDIA LIMITED,,PETROLEUM,,,,2021-04,,,217.92,,148.4,2023-07,,,04/2021,,,217.92,,148.40,FR_july1_2023.pdf,29,29,86,pdfplumber-table2-v1
N16000475,CITY GAS DISTRIBUTION NETWORK PROJECT AT SAHARANPUR Central Sector Projects,BHARAT PETROLEUM CORPORATION LIMITED,,PETROLEUM,,,,2023-06,,,186.7,,184.32,2023-07,,,06/2023,,,186.70,,184.32,FR_july1_2023.pdf,30,4,87,pdfplumber-table2-v1
N24000678,TWO LANING OF AKAJAN LIKABALI BAME ROAD ON EPC BASIS FROM EXISTING KM 71.000 TO KM 99.000 (DESIGN KM,NATIONAL HIGHWAYS AND INFRASTRUCTURE DEVELOPMENT CORPORATION Ltd.,,ROAD TRANSPORT AND HIGHWAYS,,,,2021-03,,,284.09,,284.02,2023-07,,,03/2021,,,284.09,,284.02,FR_july1_2023.pdf,30,7,88,pdfplumber-table2-v1
N24000679,TWO LANING OF EXISTING HAYULIANG HAWAI ROAD ON EPC BASIS FROM DESIGN KM. 17.000 (KHUPA) TO KM. 34.00,NATIONAL HIGHWAYS AND INFRASTRUCTURE DEVELOPMENT CORPORATION Ltd.,,ROAD TRANSPORT AND HIGHWAYS,,,,2020-11,,,195.23,,209.93,2023-07,,,11/2020,,,195.23,,209.93,FR_july1_2023.pdf,30,8,89,pdfplumber-table2-v1
N24000680,TWO LANING OF EXISTING HAYULIANG HAWAI ROAD ON EPC BASIS FROM DESIGN KM. 34.000 TO KM. 51.825 [EXIST,NATIONAL HIGHWAYS AND INFRASTRUCTURE DEVELOPMENT CORPORATION Ltd.,,ROAD TRANSPORT AND HIGHWAYS,,,,2020-11,,,203.36,,211.33,2023-07,,,11/2020,,,203.36,,211.33,FR_july1_2023.pdf,30,9,90,pdfplumber-table2-v1
N24001510,4L FROM KM 42.000 TO KM 80.00 OF DODABALLAPUR BYPASS TO HOSKOTE SECTION OF NH-648 (OLD NH- 207) ON H PPP BOT (Hybrid Annuity),NATIONAL HIGHWAYS AUTHORITY OF INDIA,,ROAD TRANSPORT AND HIGHWAYS,,,,2021-02,,,1278.0,,950.43,2023-07,,,02/2021,,,"1,278.00",,950.43,FR_july1_2023.pdf,30,10,91,pdfplumber-table2-v1
N16000342,"CONSTRUCTION OF GRASS ROOT PETROLEUM TOP AT ATCHUTAPURAM, ANDHRA PRADESH",INDIAN OIL CORPORATION LIMITED,,PETROLEUM,,,,2021-04,,,466.0,,415.73,2023-08,,,04/2021,,,466.00,,415.73,FR_august_2023.pdf,31,15,92,pdfplumber-table2-v1
N24000205,SIX LANING OF CHANDIKHOL-JAGATPUR-BHUBANESWAR PPP (BOT),NATIONAL HIGHWAYS AUTHORITY OF INDIA,,ROAD TRANSPORT AND HIGHWAYS,,,,2014-06,,,1047.0,,1855.0,2023-08,,,06/2014,,,"1,047.00",,"1,855.00",FR_august_2023.pdf,31,18,93,pdfplumber-table2-v1
N24000308,CONSTRUCTION OF A NEW 2-LANE HIGHWAY FROM KM 71/00 TO 99/83 IN MIZORAM TO SUPPORT KALADAN MULTI MOD ITEM RATE,MINISTRY OF ROAD TRANSPORT AND HIGHWAYS (STATE PWDs),,ROAD TRANSPORT AND HIGHWAYS,,,,2010-10,,,193.69,,364.32,2023-08,,,10/2010,,,193.69,,364.32,FR_august_2023.pdf,31,19,94,pdfplumber-table2-v1
N24000415,CONSTRUCTION OF A NEW 2-LANE HIGHWAY FROM KM 0.00 (ON NH- 54 NEAR LAWNGTLAI) ITEM RATE,MINISTRY OF ROAD TRANSPORT AND HIGHWAYS (STATE PWDs),,ROAD TRANSPORT AND HIGHWAYS,,,,2010-10,,,195.04,,415.11,2023-08,,,10/2010,,,195.04,,415.11,FR_august_2023.pdf,31,20,95,pdfplumber-table2-v1
N24000501,FOUR LANING OF FORBESGANJ - JOGBANI,NATIONAL HIGHWAYS AUTHORITY OF INDIA,,ROAD TRANSPORT AND HIGHWAYS,,,,2018-04,,,322.09,,286.33,2023-08,,,04/2018,,,322.09,,286.33,FR_august_2023.pdf,31,21,96,pdfplumber-table2-v1
N24000699,REHABILITATION AND UP-GRADATION OF BIRAMITRAPUR TO BRAHMANI BYPASS (PKG-I) Central Sector Projects,NATIONAL HIGHWAYS AUTHORITY OF INDIA,,ROAD TRANSPORT AND HIGHWAYS,,,,2020-11,,,476.56,,311.77,2023-08,,,11/2020,,,476.56,,311.77,FR_august_2023.pdf,31,22,97,pdfplumber-table2-v1
N24000731,REHABILITATION AND UP-GRADATION OF EXISTING 2-LANE TO 4 LANE OF KOIDA (KM206.20) TO RAJAMUNDA (KM 25,NATIONAL HIGHWAYS AUTHORITY OF INDIA,,ROAD TRANSPORT AND HIGHWAYS,,,,2020-05,,,953.09,,731.39,2023-08,,,05/2020,,,953.09,,731.39,FR_august_2023.pdf,31,23,98,pdfplumber-table2-v1
N24000844,SIX LANNING OF NH-5 (NEW NH-16) FROM TANGI TO BHUBANESHWAR (KM 355.000 TO KM 414.000) EPC,NATIONAL HIGHWAYS AUTHORITY OF INDIA,,ROAD TRANSPORT AND HIGHWAYS,,,,2021-04,,,806.11,,737.93,2023-08,,,04/2021,,,806.11,,737.93,FR_august_2023.pdf,31,24,99,pdfplumber-table2-v1
N24000845,SIX / FOUR LANING OF NH 5 (NEW NH 16) FROM PUINTOLA TO TANGI (KM. 284.000 TO KM. 355.000) EPC,NATIONAL HIGHWAYS AUTHORITY OF INDIA,,ROAD TRANSPORT AND HIGHWAYS,,,,2020-12,,,538.41,,415.11,2023-08,,,12/2020,,,538.41,,415.11,FR_august_2023.pdf,31,25,100,pdfplumber-table2-v1
N24000876,REHABILITATION AND UPGRADATION TO 2-LANE WITH PAVED SHOULDER CONFIGURATION OF NANDAKUMAR-CONTAI-CHAN,MINISTRY OF ROAD TRANSPORT AND HIGHWAYS (STATE PWDs),,ROAD TRANSPORT AND HIGHWAYS,,,,2019-09,,,396.86,,325.22,2023-08,,,09/2019,,,396.86,,325.22,FR_august_2023.pdf,32,4,101,pdfplumber-table2-v1
N24000915,WIDENING TO 2LPS FROM 58/00 TO 116/10 OF NH-153B (NAKTIDEUL TO BOUDH) IN THE STATE OF ODISHA,MINISTRY OF ROAD TRANSPORT AND HIGHWAYS (STATE PWDs),,ROAD TRANSPORT AND HIGHWAYS,,,,2018-04,,,206.88,,123.5,2023-08,,,04/2018,,,206.88,,123.50,FR_august_2023.pdf,32,5,102,pdfplumber-table2-v1
N24000916,WIDENING TO 2LPS FROM 173/37 TO 229/40 OF NH-59 IN THE STATE OF ODISHA,MINISTRY OF ROAD TRANSPORT AND HIGHWAYS (STATE PWDs),,ROAD TRANSPORT AND HIGHWAYS,,,,2018-08,,,214.23,,179.48,2023-08,,,08/2018,,,214.23,,179.48,FR_august_2023.pdf,32,6,103,pdfplumber-table2-v1
N24001181,CONSTRUCTION OF A NEW 2-LANE HIGHWAY FROM KM 38/00 TO 71/00 IN MIZORAM TO SUPPORT KALADAN MULTI MOD,MINISTRY OF ROAD TRANSPORT AND HIGHWAYS (STATE PWDs),,ROAD TRANSPORT AND HIGHWAYS,,,,2014-09,,,186.96,,312.5,2023-08,,,09/2014,,,186.96,,312.50,FR_august_2023.pdf,32,7,104,pdfplumber-table2-v1
N24001307,WIDENING TO 2-LANE WITH PAVED SHOULDER IN/C GEOMETRIC IMPROVEMENT FROM KM 397.00 TO KM 422.00 ( 25 K EPC,MINISTRY OF ROAD TRANSPORT AND HIGHWAYS (STATE PWDs),,ROAD TRANSPORT AND HIGHWAYS,,,,2022-12,,,197.67,,211.12,2023-08,,,12/2022,,,197.67,,211.12,FR_august_2023.pdf,32,8,105,pdfplumber-table2-v1
N24001713,2ND FLYOVER (LCW) PARALLEL TO EXISTING FLYOVER IN KISHANGANJ TOWN. EPC,NATIONAL HIGHWAYS AUTHORITY OF INDIA,,ROAD TRANSPORT AND HIGHWAYS,,,,2020-06,,,150.21,,150.98,2023-08,,,06/2020,,,150.21,,150.98,FR_august_2023.pdf,32,9,106,pdfplumber-table2-v1
N12000086,NMDC INTEGRATED STEEL PLANT,NATIONAL MINERAL DEVELOPMENT CORPORATION (NMDC),,STEEL,,,,2015-05,,,15525.0,,23191.55,2023-09,,,05/2015,,,"15,525.00",,"23,191.55",FR_sept_2023.pdf,30,14,107,pdfplumber-table2-v1
N16000334,BARAUNI-GUWAHATI PIPELINE,GAS AUTHORITY OF INDIA LIMITED,,PETROLEUM,,,,2021-12,,,3308.0,,3687.1,2023-09,,,12/2021,,,"3,308.00",,"3,687.10",FR_sept_2023.pdf,30,17,108,pdfplumber-table2-v1
N16000373,RESITEMENT OF RANCHI AND DHANBAD OLD POL DEPOT AT BOKARO.,BHARAT PETROLEUM CORPORATION LIMITED,,PETROLEUM,,,,2022-06,,,248.55,,232.05,2023-09,,,06/2022,,,248.55,,232.05,FR_sept_2023.pdf,30,18,109,pdfplumber-table2-v1
N24000252,CONSTRUCTION OF MAJOR BRIDGE WITH APPROACHES ACROSS PRANHITA RIVER AT KM 57.300 ON NH-63(16) EPC,MINISTRY OF ROAD TRANSPORT AND HIGHWAYS (STATE PWDs),,ROAD TRANSPORT AND HIGHWAYS,,,,,,,168.3,,100.56,2023-09,,,-,,,168.30,,100.56,FR_sept_2023.pdf,30,21,110,pdfplumber-table2-v1
N24000412,MANGAWA-MP/UP BORDER SECTION OF NH-27 (4L) IN MP BOT (TOLL),MINISTRY OF ROAD TRANSPORT AND HIGHWAYS (STATE PWDs),,ROAD TRANSPORT AND HIGHWAYS,,,,2015-04,,,410.72,,392.45,2023-09,,,04/2015,,,410.72,,392.45,FR_sept_2023.pdf,30,22,111,pdfplumber-table2-v1
N24000718,6-LANING OF EXISTING 2-LANE (I) NANDIGAMA BYPASS FROM KM 220.700 TO KM 226.600 (DESIGN CHAINAGE FROM,NATIONAL HIGHWAYS AUTHORITY OF INDIA,,ROAD TRANSPORT AND HIGHWAYS,,,,2019-06,,,328.67,,333.18,2023-09,,,06/2019,,,328.67,,333.18,FR_sept_2023.pdf,30,23,112,pdfplumber-table2-v1
N24000872,UPGRADATION OF MORENA-PORSA ROAD TO 2L + PS,MINISTRY OF ROAD TRANSPORT AND HIGHWAYS (STATE PWDs),,ROAD TRANSPORT AND HIGHWAYS,,,,2018-08,,,166.21,,155.1,2023-09,,,08/2018,,,166.21,,155.10,FR_sept_2023.pdf,30,24,113,pdfplumber-table2-v1
N24000894,UPGRADATION OF MAKSUDANGARH-SIRONJ ROAD TO 2L + PS,MINISTRY OF ROAD TRANSPORT AND HIGHWAYS (STATE PWDs),,ROAD TRANSPORT AND HIGHWAYS,,,,2018-03,,,279.44,,234.24,2023-09,,,03/2018,,,279.44,,234.24,FR_sept_2023.pdf,30,25,114,pdfplumber-table2-v1
N24001006,AKOT TO ANJANGAON,MINISTRY OF ROAD TRANSPORT AND HIGHWAYS (STATE PWDs),,ROAD TRANSPORT AND HIGHWAYS,,,,2019-06,,,245.77,,221.84,2023-09,,,06/2019,,,245.77,,221.84,FR_sept_2023.pdf,30,26,115,pdfplumber-table2-v1
N24001009,KHAMGAON TO SHEGAON,MINISTRY OF ROAD TRANSPORT AND HIGHWAYS (STATE PWDs),,ROAD TRANSPORT AND HIGHWAYS,,,,2019-05,,,203.21,,163.81,2023-09,,,05/2019,,,203.21,,163.81,FR_sept_2023.pdf,31,4,116,pdfplumber-table2-v1
N24001010,SHEGAON TO DEORI PHATA,MINISTRY OF ROAD TRANSPORT AND HIGHWAYS (STATE PWDs),,ROAD TRANSPORT AND HIGHWAYS,,,,2019-05,,,373.1,,320.45,2023-09,,,05/2019,,,373.10,,320.45,FR_sept_2023.pdf,31,5,117,pdfplumber-table2-v1
N24001014,NANDGAON TO MORSHI,MINISTRY OF ROAD TRANSPORT AND HIGHWAYS (STATE PWDs),,ROAD TRANSPORT AND HIGHWAYS,,,,2019-06,,,385.87,,258.29,2023-09,,,06/2019,,,385.87,,258.29,FR_sept_2023.pdf,31,6,118,pdfplumber-table2-v1
N24001015,MORSHI TO ACHALPUR,MINISTRY OF ROAD TRANSPORT AND HIGHWAYS (STATE PWDs),,ROAD TRANSPORT AND HIGHWAYS,,,,2019-06,,,341.16,,247.86,2023-09,,,06/2019,,,341.16,,247.86,FR_sept_2023.pdf,31,7,119,pdfplumber-table2-v1
N24001016,MORSHI TO MAH/MP BORDER,MINISTRY OF ROAD TRANSPORT AND HIGHWAYS (STATE PWDs),,ROAD TRANSPORT AND HIGHWAYS,,,,2019-06,,,471.61,,321.02,2023-09,,,06/2019,,,471.61,,321.02,FR_sept_2023.pdf,31,8,120,pdfplumber-table2-v1
N24001019,KATOL TO WARUD,MINISTRY OF ROAD TRANSPORT AND HIGHWAYS (STATE PWDs),,ROAD TRANSPORT AND HIGHWAYS,,,,2019-06,,,463.62,,265.78,2023-09,,,06/2019,,,463.62,,265.78,FR_sept_2023.pdf,31,9,121,pdfplumber-table2-v1
N24001024,MANGAON TO DIGHI PORT,MINISTRY OF ROAD TRANSPORT AND HIGHWAYS (STATE PWDs),,ROAD TRANSPORT AND HIGHWAYS,,,,2019-07,,,457.52,,426.61,2023-09,,,07/2019,,,457.52,,426.61,FR_sept_2023.pdf,31,10,122,pdfplumber-table2-v1
N24001025,INDAPAUR TO AGARDANDA,MINISTRY OF ROAD TRANSPORT AND HIGHWAYS (STATE PWDs),,ROAD TRANSPORT AND HIGHWAYS,,,,2019-07,,,355.17,,318.68,2023-09,,,07/2019,,,355.17,,318.68,FR_sept_2023.pdf,31,11,123,pdfplumber-table2-v1
N24001028,PATGAON KHOPOLI SECTION I,MINISTRY OF ROAD TRANSPORT AND HIGHWAYS (STATE PWDs),,ROAD TRANSPORT AND HIGHWAYS,,,,2019-12,,,170.0,,125.8,2023-09,,,12/2019,,,170.00,,125.80,FR_sept_2023.pdf,31,12,124,pdfplumber-table2-v1
N24001032,DEORI TO AMGAON,MINISTRY OF ROAD TRANSPORT AND HIGHWAYS (STATE PWDs),,ROAD TRANSPORT AND HIGHWAYS,,,,2019-05,,,409.62,,290.44,2023-09,,,05/2019,,,409.62,,290.44,FR_sept_2023.pdf,31,13,125,pdfplumber-table2-v1
N24001049,KARAD TO VITA,MINISTRY OF ROAD TRANSPORT AND HIGHWAYS (STATE PWDs),,ROAD TRANSPORT AND HIGHWAYS,,,,2019-12,,,344.85,,281.41,2023-09,,,12/2019,,,344.85,,281.41,FR_sept_2023.pdf,31,14,126,pdfplumber-table2-v1
N24001052,SANGOLA TO JATH,MINISTRY OF ROAD TRANSPORT AND HIGHWAYS (STATE PWDs),,ROAD TRANSPORT AND HIGHWAYS,,,,2019-12,,,257.38,,166.31,2023-09,,,12/2019,,,257.38,,166.31,FR_sept_2023.pdf,31,15,127,pdfplumber-table2-v1
N24001053,KARAD TO TAGAON,MINISTRY OF ROAD TRANSPORT AND HIGHWAYS (STATE PWDs),,ROAD TRANSPORT AND HIGHWAYS,,,,2019-06,,,537.81,,245.41,2023-09,,,06/2019,,,537.81,,245.41,FR_sept_2023.pdf,31,16,128,pdfplumber-table2-v1
N24001056,TEMBHURNI PANDHARPUR MANGALWEDHA MARWADE UMDI,MINISTRY OF ROAD TRANSPORT AND HIGHWAYS (STATE PWDs),,ROAD TRANSPORT AND HIGHWAYS,,,,2019-07,,,422.02,,302.13,2023-09,,,07/2019,,,422.02,,302.13,FR_sept_2023.pdf,31,17,129,pdfplumber-table2-v1
N24001059,SHIVUR TO YEOLA,MINISTRY OF ROAD TRANSPORT AND HIGHWAYS (STATE PWDs),,ROAD TRANSPORT AND HIGHWAYS,,,,2019-12,,,181.08,,97.86,2023-09,,,12/2019,,,181.08,,97.86,FR_sept_2023.pdf,31,18,130,pdfplumber-table2-v1
N24001066,LATUR TO PANGAON,MINISTRY OF ROAD TRANSPORT AND HIGHWAYS (STATE PWDs),,ROAD TRANSPORT AND HIGHWAYS,,,,2019-12,,,336.47,,203.39,2023-09,,,12/2019,,,336.47,,203.39,FR_sept_2023.pdf,31,19,131,pdfplumber-table2-v1
N24001083,CHIKLI TO TAKARKHED,MINISTRY OF ROAD TRANSPORT AND HIGHWAYS (STATE PWDs),,ROAD TRANSPORT AND HIGHWAYS,,,,2019-12,,,393.1,,255.24,2023-09,,,12/2019,,,393.10,,255.24,FR_sept_2023.pdf,31,20,132,pdfplumber-table2-v1
N24001086,BODHWAD TO STATE BORDER,MINISTRY OF ROAD TRANSPORT AND HIGHWAYS (STATE PWDs),,ROAD TRANSPORT AND HIGHWAYS,,,,2019-07,,,178.26,,159.96,2023-09,,,07/2019,,,178.26,,159.96,FR_sept_2023.pdf,31,21,133,pdfplumber-table2-v1
N24001089,MALEGAON TO RISOD,MINISTRY OF ROAD TRANSPORT AND HIGHWAYS (STATE PWDs),,ROAD TRANSPORT AND HIGHWAYS,,,,2019-12,,,303.24,,199.08,2023-09,,,12/2019,,,303.24,,199.08,FR_sept_2023.pdf,32,4,134,pdfplumber-table2-v1
N24001093,ARNI TO NAIGAINBANDI,MINISTRY OF ROAD TRANSPORT AND HIGHWAYS (STATE PWDs),,ROAD TRANSPORT AND HIGHWAYS,,,,2019-12,,,309.94,,207.17,2023-09,,,12/2019,,,309.94,,207.17,FR_sept_2023.pdf,32,5,135,pdfplumber-table2-v1
N24001094,NAIGAONBANDI TO MANGRULPIR,MINISTRY OF ROAD TRANSPORT AND HIGHWAYS (STATE PWDs),,ROAD TRANSPORT AND HIGHWAYS,,,,2019-03,,,244.04,,177.94,2023-09,,,03/2019,,,244.04,,177.94,FR_sept_2023.pdf,32,6,136,pdfplumber-table2-v1
N24001096,TALEGAON TO GONAPUR,MINISTRY OF ROAD TRANSPORT AND HIGHWAYS (STATE PWDs),,ROAD TRANSPORT AND HIGHWAYS,,,,2019-03,,,264.41,,200.42,2023-09,,,03/2019,,,264.41,,200.42,FR_sept_2023.pdf,32,7,137,pdfplumber-table2-v1
N24001098,WARDHA TO HINGAGHAT,MINISTRY OF ROAD TRANSPORT AND HIGHWAYS (STATE PWDs),,ROAD TRANSPORT AND HIGHWAYS,,,,2019-12,,,216.9,,164.0,2023-09,,,12/2019,,,216.90,,164.00,FR_sept_2023.pdf,32,8,138,pdfplumber-table2-v1
N24001103,SARAD VANI PIMPALGAON,MINISTRY OF ROAD TRANSPORT AND HIGHWAYS (STATE PWDs),,ROAD TRANSPORT AND HIGHWAYS,,,,2019-07,,,250.46,,198.32,2023-09,,,07/2019,,,250.46,,198.32,FR_sept_2023.pdf,32,9,139,pdfplumber-table2-v1
N24001115,VADPALE TO BHOGAN KHURD,MINISTRY OF ROAD TRANSPORT AND HIGHWAYS (STATE PWDs),,ROAD TRANSPORT AND HIGHWAYS,,,,2019-11,,,1598.47,,1277.25,2023-09,,,11/2019,,,"1,598.47",,"1,277.25",FR_sept_2023.pdf,32,10,140,pdfplumber-table2-v1
N24001116,GADCHIROLI TO MUL,MINISTRY OF ROAD TRANSPORT AND HIGHWAYS (STATE PWDs),,ROAD TRANSPORT AND HIGHWAYS,,,,2019-06,,,484.15,,456.25,2023-09,,,06/2019,,,484.15,,456.25,FR_sept_2023.pdf,32,11,141,pdfplumber-table2-v1
N24001117,MUL TO CHANDRAPUR,MINISTRY OF ROAD TRANSPORT AND HIGHWAYS (STATE PWDs),,ROAD TRANSPORT AND HIGHWAYS,,,,2019-07,,,162.34,,107.56,2023-09,,,07/2019,,,162.34,,107.56,FR_sept_2023.pdf,32,12,142,pdfplumber-table2-v1
N24001118,SAKOLI TO BHANDARA,MINISTRY OF ROAD TRANSPORT AND HIGHWAYS (STATE PWDs),,ROAD TRANSPORT AND HIGHWAYS,,,,2019-06,,,362.96,,273.57,2023-09,,,06/2019,,,362.96,,273.57,FR_sept_2023.pdf,32,13,143,pdfplumber-table2-v1
N24001128,BHOKAR TO SARSAM,MINISTRY OF ROAD TRANSPORT AND HIGHWAYS (STATE PWDs),,ROAD TRANSPORT AND HIGHWAYS,,,,2019-07,,,295.09,,186.27,2023-09,,,07/2019,,,295.09,,186.27,FR_sept_2023.pdf,32,14,144,pdfplumber-table2-v1
N24001133,PARSHURAM GHAT TO ARAWALI,MINISTRY OF ROAD TRANSPORT AND HIGHWAYS (STATE PWDs),,ROAD TRANSPORT AND HIGHWAYS,,,,2019-12,,,983.14,,1108.3,2023-09,,,12/2019,,,983.14,,"1,108.30",FR_sept_2023.pdf,32,15,145,pdfplumber-table2-v1
N24001135,WAKED TO TALEGAON,MINISTRY OF ROAD TRANSPORT AND HIGHWAYS (STATE PWDs),,ROAD TRANSPORT AND HIGHWAYS,,,,2019-02,,,1244.75,,1025.72,2023-09,,,02/2019,,,"1,244.75",,"1,025.72",FR_sept_2023.pdf,32,16,146,pdfplumber-table2-v1
N24001137,KALMATH TO ZARAP,MINISTRY OF ROAD TRANSPORT AND HIGHWAYS (STATE PWDs),,ROAD TRANSPORT AND HIGHWAYS,,,,2020-03,,,1338.13,,1346.39,2023-09,,,03/2020,,,"1,338.13",,"1,346.39",FR_sept_2023.pdf,32,17,147,pdfplumber-table2-v1
N24001149,RISOD TO HINGOLI,MINISTRY OF ROAD TRANSPORT AND HIGHWAYS (STATE PWDs),,ROAD TRANSPORT AND HIGHWAYS,,,,2019-12,,,355.99,,247.6,2023-09,,,12/2019,,,355.99,,247.60,FR_sept_2023.pdf,32,18,148,pdfplumber-table2-v1
N24001198,CONSTRUCTION TO TWO LANE WITH PAVED SHOULDERS WITH FLEXIBLE PAVEMENT ON KHALGHAT TO SARWARDEWLA ROAD,MINISTRY OF ROAD TRANSPORT AND HIGHWAYS (STATE PWDs),,ROAD TRANSPORT AND HIGHWAYS,,,,2021-03,,,264.5,,215.21,2023-09,,,03/2021,,,264.50,,215.21,FR_sept_2023.pdf,32,19,149,pdfplumber-table2-v1
N24001298,SIX LANING OF EXISTING 4-LANE ROAD FROM GUNDUGOLANU (DESIGN KM 1023.280) TO KALAPARRU (DESIGN KM 105 EPC,NATIONAL HIGHWAYS AUTHORITY OF INDIA,,ROAD TRANSPORT AND HIGHWAYS,,,,2020-01,,,597.67,,614.2,2023-09,,,01/2020,,,597.67,,614.20,FR_sept_2023.pdf,32,20,150,pdfplumber-table2-v1
N24001312,2-LANING OF CHURACHANDPUR TUIVAI SECTION OF NH-102B (1A PACKAGES) EPC,NATIONAL HIGHWAYS AND INFRASTRUCTURE DEVELOPMENT CORPORATION Ltd.,,ROAD TRANSPORT AND HIGHWAYS,,,,2022-06,,,167.95,,84.16,2023-09,,,06/2022,,,167.95,,84.16,FR_sept_2023.pdf,32,21,151,pdfplumber-table2-v1
N24001340,4-LANING OF DEWAS-UJJAIN OF SECTION NH-148 NG FROM KM 0+000 TO KM 41.42 IN MP ON HAM MODE PPP BOT (Hybrid Annuity),NATIONAL HIGHWAYS AUTHORITY OF INDIA,,ROAD TRANSPORT AND HIGHWAYS,,,,2021-07,,,716.0,,621.09,2023-09,,,07/2021,,,716.00,,621.09,FR_sept_2023.pdf,33,4,152,pdfplumber-table2-v1
N24001517,DELHI VADODARA GREENFIELD ALIGNMENT SECTION OF NH 148N PACKAGE 29 EPC,NATIONAL HIGHWAYS AUTHORITY OF INDIA,,ROAD TRANSPORT AND HIGHWAYS,,,,2023-04,,,1523.77,,963.14,2023-09,,,04/2023,,,"1,523.77",,963.14,FR_sept_2023.pdf,33,5,153,pdfplumber-table2-v1
N24001592,4 LANING OF PATHRAPALI TO KATGHORA FROM KM.53.300 TO KM.92.600 PPP BOT (Hybrid Annuity),NATIONAL HIGHWAYS AUTHORITY OF INDIA,,ROAD TRANSPORT AND HIGHWAYS,,,,2022-12,,,865.1,,655.88,2023-09,,,12/2022,,,865.10,,655.88,FR_sept_2023.pdf,33,6,154,pdfplumber-table2-v1
N16000345,PARADIP SOMNATHPUR HALDIA PIPELINE,INDIAN OIL CORPORATION LIMITED,,PETROLEUM,,,,2021-10,,,1297.5,,1129.18,2023-10,,,10/2021,,,"1,297.50",,"1,129.18",FR_oct_2023.pdf,33,11,155,pdfplumber-table2-v1
220100327,KHURDA ROAD - BARANG 3RD LINE (DL) (ECOR),RAIL VIKAS NIGAM LTD.,,RAILWAYS,,,,2009-03,,,133.41,,524.27,2023-10,,,03/2009,,,133.41,,524.27,FR_oct_2023.pdf,33,14,156,pdfplumber-table2-v1
N22000229,"DANKUNI-CHANDANPUR 4TH LINE, 1ST PHASE OF DANKUNI- SHAKTIGARH 4TH LINE WITH MM BARUIPARA FURFURA NL",EASTERN RAILWAYS,,RAILWAYS,,,,2017-03,,,365.17,,686.71,2023-10,,,03/2017,,,365.17,,686.71,FR_oct_2023.pdf,33,15,157,pdfplumber-table2-v1
N22000272,ROHTAK-MEHAM HANSI,NORTHERN RAILWAY,,RAILWAYS,,,,2011-12,,,287.0,,686.2,2023-10,,,12/2011,,,287.00,,686.20,FR_oct_2023.pdf,33,16,158,pdfplumber-table2-v1
N22000315,SAMBALPUR-TALCHER DOUBLING,EAST COAST RAILWAY,,RAILWAYS,,,,2019-02,,,1111.99,,1152.38,2023-10,,,02/2019,,,"1,111.99",,"1,152.38",FR_oct_2023.pdf,33,17,159,pdfplumber-table2-v1
N22000346,EASTERN DEDICATED FREIGHT CORRIDOR PROJECT Central Sector Projects,DEDICATED FREIGHT CORRIDOR CORPORATION OF INDIA LTD,,RAILWAYS,,,,,,,11589.0,,31304.0,2023-10,,,-,,,"11,589.00",,"31,304.00",FR_oct_2023.pdf,33,18,160,pdfplumber-table2-v1
N22000451,MADURAI - MANIYACHI - TUTICORIN (160 KM) DOUBLING,RAIL VIKAS NIGAM LTD.,,RAILWAYS,,,,2020-03,,,760.0,,1860.91,2023-10,,,03/2020,,,760.00,,"1,860.91",FR_oct_2023.pdf,33,19,161,pdfplumber-table2-v1
N22000509,TALGARIA TO BOKARO N/CABIN DOUBLING(38 KM),SOUTH EASTERN RAILWAY,,RAILWAYS,,,,2021-12,,,390.39,,438.04,2023-10,,,12/2021,,,390.39,,438.04,FR_oct_2023.pdf,33,20,162,pdfplumber-table2-v1
N24000574,"ENGINEERING, PROCUREMENT, AND CONSTRUCTION OF REHABILITATION AND UPGRADING TO 2-LANES/2 -LANE WITH P",MINISTRY OF ROAD TRANSPORT AND HIGHWAYS (STATE PWDs),,ROAD TRANSPORT AND HIGHWAYS,,,,2016-07,,,683.83,,778.05,2023-10,,,07/2016,,,683.83,,778.05,FR_oct_2023.pdf,33,23,163,pdfplumber-table2-v1
N24000950,"WIDENING, STRENGTHENING AND RECONSTRUCTION OF NH-552- EXTN FROM KM 76/600 TO 112/00 (SAWAI MADHOPUR",MINISTRY OF ROAD TRANSPORT AND HIGHWAYS (STATE PWDs),,ROAD TRANSPORT AND HIGHWAYS,,,,2019-10,,,187.82,,151.49,2023-10,,,10/2019,,,187.82,,151.49,FR_oct_2023.pdf,33,24,164,pdfplumber-table2-v1
N24000958,UPGRADATION TO 2 LANE WITH PAVED SHOULDER FROM KM . 0/0 TO 43/900 OF KUNDAL-NAYA KHEDA-JHADOL-SOM-,MINISTRY OF ROAD TRANSPORT AND HIGHWAYS (STATE PWDs),,ROAD TRANSPORT AND HIGHWAYS,,,,2019-12,,,370.3,,336.24,2023-10,,,12/2019,,,370.30,,336.24,FR_oct_2023.pdf,33,25,165,pdfplumber-table2-v1
N24001000,STRENGTHENING AND WIDENING TO 2 LANE WITH PAVED SHOULDER FROM KM 103.865 TO 142.050 (GAYA-GOH) OF NH,MINISTRY OF ROAD TRANSPORT AND HIGHWAYS (STATE PWDs),,ROAD TRANSPORT AND HIGHWAYS,,,,,,,153.24,,123.99,2023-10,,,-,,,153.24,,123.99,FR_oct_2023.pdf,33,26,166,pdfplumber-table2-v1
N24001194,WIDENING OF EXISTING ROAD TO 2 LANE NH STANDARDS ALONG WITH IMPROVEMENT AND REALIGNMENT FROM NECHIPU,MINISTRY OF ROAD TRANSPORT AND HIGHWAYS (STATE PWDs),,ROAD TRANSPORT AND HIGHWAYS,,,,,,,1979.0,,1253.04,2023-10,,,-,,,"1,979.00",,"1,253.04",FR_oct_2023.pdf,34,4,167,pdfplumber-table2-v1
N24001289,CONSTRUCTION OF 2 LANE ROAD OF POTIN TO PANGIN SECTION OF NH 13 FROM KM 0.00 TO KM 44.35 (PACKAGE 1) EPC,MINISTRY OF ROAD TRANSPORT AND HIGHWAYS (STATE PWDs),,ROAD TRANSPORT AND HIGHWAYS,,,,2027-03,,,403.68,,346.74,2023-10,,,03/2027,,,403.68,,346.74,FR_oct_2023.pdf,34,5,168,pdfplumber-table2-v1
N24001296,CONSTRUCTION OF 2 LANE ROAD OF POTIN TO PANGIN SECTION OF NH 13 FROM KM 314.25 TO KM 351.383 (PACKAG EPC,MINISTRY OF ROAD TRANSPORT AND HIGHWAYS (STATE PWDs),,ROAD TRANSPORT AND HIGHWAYS,,,,2027-03,,,394.27,,412.07,2023-10,,,03/2027,,,394.27,,412.07,FR_oct_2023.pdf,34,6,169,pdfplumber-table2-v1
N24001373,BALANCE WORK OF 2-LANING OF LONGDING– TISSA- KHONSA ROAD (NH-215) ON EPC MODE IN THE STATE OF ARUNAC EPC,MINISTRY OF ROAD TRANSPORT AND HIGHWAYS (STATE PWDs),,ROAD TRANSPORT AND HIGHWAYS,,,,2024-02,,,358.26,,335.05,2023-10,,,02/2024,,,358.26,,335.05,FR_oct_2023.pdf,34,7,170,pdfplumber-table2-v1
N24001565,SANGARIYA (NEAR CHAUTALA)-RASISAR (NEAR BIKANER) SECTION OF NH-754K (PHASE-I) (AJ/SR-PACKAGE-7) EPC,NATIONAL HIGHWAYS AUTHORITY OF INDIA,,ROAD TRANSPORT AND HIGHWAYS,,,,2023-05,,,520.63,,424.59,2023-10,,,05/2023,,,520.63,,424.59,FR_oct_2023.pdf,34,8,171,pdfplumber-table2-v1
N24001574,DEOGARH (NEAR DHANDHANIYA)-RAJASTHAN/GUJARAT BORDER (PHASE-I) (AJ/DRGB-PACKAGE-3) EPC,NATIONAL HIGHWAYS AUTHORITY OF INDIA,,ROAD TRANSPORT AND HIGHWAYS,,,,2022-12,,,820.19,,516.89,2023-10,,,12/2022,,,820.19,,516.89,FR_oct_2023.pdf,34,9,172,pdfplumber-table2-v1
N24001575,DEOGARH (NEAR DHANDHANIYA)-RAJASTHAN/GUJARAT BORDER (PHASE-I) (AJ/DRGB-PACKAGE-4) EPC,NATIONAL HIGHWAYS AUTHORITY OF INDIA,,ROAD TRANSPORT AND HIGHWAYS,,,,2022-11,,,598.01,,410.35,2023-10,,,11/2022,,,598.01,,410.35,FR_oct_2023.pdf,34,10,173,pdfplumber-table2-v1
N24001576,RASISAR (NEAR BIKANER)-DEOGARH (NEAR DHANDHANIYA) (PHASE- I) (AJ/RD-PACKAGE-1) EPC,NATIONAL HIGHWAYS AUTHORITY OF INDIA,,ROAD TRANSPORT AND HIGHWAYS,,,,2022-10,,,621.82,,481.16,2023-10,,,10/2022,,,621.82,,481.16,FR_oct_2023.pdf,34,11,174,pdfplumber-table2-v1
N24001579,SANGARIYA (NEAR CHAUTALA)-RASISAR (NEAR BIKANER) (PHASE-I) (AJ/SR-PACKAGE-6) EPC,NATIONAL HIGHWAYS AUTHORITY OF INDIA,,ROAD TRANSPORT AND HIGHWAYS,,,,2022-10,,,635.84,,454.51,2023-10,,,10/2022,,,635.84,,454.51,FR_oct_2023.pdf,34,12,175,pdfplumber-table2-v1
N24001580,SANGARIYA (NEAR CHAUTALA)-RASISAR (NEAR BIKANER) (PHASE-I) (AJ/SR-PACKAGE-3) EPC,NATIONAL HIGHWAYS AUTHORITY OF INDIA,,ROAD TRANSPORT AND HIGHWAYS,,,,2022-10,,,672.72,,580.29,2023-10,,,10/2022,,,672.72,,580.29,FR_oct_2023.pdf,34,13,176,pdfplumber-table2-v1
N24001581,SANGARIYA (NEAR CHAUTALA)-RASISAR (NEAR BIKANER) (PHASE-I) (AJ/SR-PACKAGE-5) EPC,NATIONAL HIGHWAYS AUTHORITY OF INDIA,,ROAD TRANSPORT AND HIGHWAYS,,,,2022-10,,,515.45,,411.41,2023-10,,,10/2022,,,515.45,,411.41,FR_oct_2023.pdf,34,14,177,pdfplumber-table2-v1
N24001582,RASISAR (NEAR BIKANER)-DEOGARH (NEAR DHANDHANIYA) (PHASE- I) (AJ/RD-PACKAGE-3) EPC,NATIONAL HIGHWAYS AUTHORITY OF INDIA,,ROAD TRANSPORT AND HIGHWAYS,,,,2022-01,,,732.84,,575.92,2023-10,,,01/2022,,,732.84,,575.92,FR_oct_2023.pdf,34,15,178,pdfplumber-table2-v1
N24001584,RASISAR (NEAR BIKANER)-DEOGARH (NEAR DHANDHANIYA) (PHASE- I) (AJ/RD-PACKAGE-2) EPC,NATIONAL HIGHWAYS AUTHORITY OF INDIA,,ROAD TRANSPORT AND HIGHWAYS,,,,2022-01,,,676.19,,537.08,2023-10,,,01/2022,,,676.19,,537.08,FR_oct_2023.pdf,34,16,179,pdfplumber-table2-v1
N24001586,SANGARIYA (NEAR CHAUTALA)-RASISAR (NEAR BIKANER) (AJ/SR- PACKAGE-9) EPC,NATIONAL HIGHWAYS AUTHORITY OF INDIA,,ROAD TRANSPORT AND HIGHWAYS,,,,2022-06,,,656.57,,563.89,2023-10,,,06/2022,,,656.57,,563.89,FR_oct_2023.pdf,34,17,180,pdfplumber-table2-v1
N24001613,DEOGARH (NEAR DHANDHANIYA)-RAJASTHAN/GUJARAT BORDER (PHASE-I) (AJ/DRGB-PACKAGE-5) EPC,NATIONAL HIGHWAYS AUTHORITY OF INDIA,,ROAD TRANSPORT AND HIGHWAYS,,,,2023-03,,,584.37,,429.13,2023-10,,,03/2023,,,584.37,,429.13,FR_oct_2023.pdf,34,18,181,pdfplumber-table2-v1
N24001802,BALANCE WORKS OF 4L AMRAVATI CHIKHLI (PKG IV) [NANDURA TO CHIKHLI FROM KM. 315.00 TO KM. 360.00] HAM(Hybrid Annuity Mode),NATIONAL HIGHWAYS AUTHORITY OF INDIA,,ROAD TRANSPORT AND HIGHWAYS,,,,2023-05,,,583.61,,320.28,2023-10,,,05/2023,,,583.61,,320.28,FR_oct_2023.pdf,34,19,182,pdfplumber-table2-v1
N28000120,"CONSTRUCTION OF VARIOUS BUILDINGS UNDER PHASE 1C AT IIT ROPAR, PUNJAB",CPWD OF HIGHER EDUCATION,,DEPARTMENT OF HIGHER EDUCATION,,,,2020-05,,,430.0,,372.68,2023-10,,,05/2020,,,430.00,,372.68,FR_oct_2023.pdf,34,22,183,pdfplumber-table2-v1
N06000225,ANANTA OCP EXPANSION PH III,MAHANADI COAL FIELDS LIMITED,,COAL,,,,2012-03,,,228.08,,398.14,2023-11,,,03/2012,,,228.08,,398.14,FR_nov_2023.pdf,36,8,184,pdfplumber-table2-v1
N24000323,4 LANING FROM KALIABOR TINALI TO DOLABARI SECTION FROM KM 0.0 TO KM 17.3 OF NH 37A INCL. ADDITIONAL EPC,NATIONAL HIGHWAYS AND INFRASTRUCTURE DEVELOPMENT CORPORATION Ltd.,,ROAD TRANSPORT AND HIGHWAYS,,,,2018-11,,,588.95,,653.04,2023-11,,,11/2018,,,588.95,,653.04,FR_nov_2023.pdf,36,11,185,pdfplumber-table2-v1
N24000913,WIDENING TO 2LPS FROM 50/0 TO 140/9 OF NH-57 (SONEPUR TO MADHAPUR) IN THE STATE OF ODISHA,MINISTRY OF ROAD TRANSPORT AND HIGHWAYS (STATE PWDs),,ROAD TRANSPORT AND HIGHWAYS,,,,2017-02,,,295.67,,242.48,2023-11,,,02/2017,,,295.67,,242.48,FR_nov_2023.pdf,36,12,186,pdfplumber-table2-v1
N24001249,2-LANING FROM MANU-SIMLUNG ( PKG III) EPC,NATIONAL HIGHWAYS AND INFRASTRUCTURE DEVELOPMENT CORPORATION Ltd.,,ROAD TRANSPORT AND HIGHWAYS,,,,2022-01,,,347.36,,224.48,2023-11,,,01/2022,,,347.36,,224.48,FR_nov_2023.pdf,36,13,187,pdfplumber-table2-v1
N24001260,CONSTRUCTION OF 2-LANE WITH HARD SHOULDER OF PEREN- DIMAPUR SECTION ON NH129A FROM DESIGN KM109.494 T EPC,NATIONAL HIGHWAYS AND INFRASTRUCTURE DEVELOPMENT CORPORATION Ltd.,,ROAD TRANSPORT AND HIGHWAYS,,,,2022-04,,,257.15,,127.43,2023-11,,,04/2022,,,257.15,,127.43,FR_nov_2023.pdf,36,14,188,pdfplumber-table2-v1
N24001308,KAILASHAHAR TO KHOWAI PKG-5 EPC,NATIONAL HIGHWAYS AND INFRASTRUCTURE DEVELOPMENT CORPORATION Ltd.,,ROAD TRANSPORT AND HIGHWAYS,,,,2022-07,,,332.14,,148.07,2023-11,,,07/2022,,,332.14,,148.07,FR_nov_2023.pdf,36,15,189,pdfplumber-table2-v1
N24001310,KAILASHAHAR TO KHOWAI PKG-3 EPC,NATIONAL HIGHWAYS AND INFRASTRUCTURE DEVELOPMENT CORPORATION Ltd.,,ROAD TRANSPORT AND HIGHWAYS,,,,2022-07,,,280.91,,202.06,2023-11,,,07/2022,,,280.91,,202.06,FR_nov_2023.pdf,36,16,190,pdfplumber-table2-v1
N24001324,KHELLANI-KHANABAL PKG-6 EPC,NATIONAL HIGHWAYS AND INFRASTRUCTURE DEVELOPMENT CORPORATION Ltd.,,ROAD TRANSPORT AND HIGHWAYS,,,,2022-09,,,285.28,,218.89,2023-11,,,09/2022,,,285.28,,218.89,FR_nov_2023.pdf,36,17,191,pdfplumber-table2-v1
N24001329,2-LANING OF KHOWAI -AGARTALA SECTION FROM DESIGN KM 6.500 TO KM 19.300 OF NH-208A PKG-1 EPC,NATIONAL HIGHWAYS AND INFRASTRUCTURE DEVELOPMENT CORPORATION Ltd.,,ROAD TRANSPORT AND HIGHWAYS,,,,2022-07,,,165.54,,85.02,2023-11,,,07/2022,,,165.54,,85.02,FR_nov_2023.pdf,36,18,192,pdfplumber-table2-v1
N24001364,DABOKA KATHKATI PACKAGE-2 EPC,NATIONAL HIGHWAYS AND INFRASTRUCTURE DEVELOPMENT CORPORATION Ltd.,,ROAD TRANSPORT AND HIGHWAYS,,,,2024-01,,,335.88,,220.39,2023-11,,,01/2024,,,335.88,,220.39,FR_nov_2023.pdf,36,19,193,pdfplumber-table2-v1
N24001365,DABOKA KATHKATI PACKAGE-4 EPC,NATIONAL HIGHWAYS AND INFRASTRUCTURE DEVELOPMENT CORPORATION Ltd.,,ROAD TRANSPORT AND HIGHWAYS,,,,2023-12,,,260.07,,290.49,2023-11,,,12/2023,,,260.07,,290.49,FR_nov_2023.pdf,36,20,194,pdfplumber-table2-v1
N06000095,NEYVELI NEW THERMAL POWER PROJECT(2X500 MW),NEYVELI LIGNITE CORPORATION,,COAL,,,,2015-12,,,5907.11,,7968.91,2024-01,,,12/2015,,,"5,907.11",,"7,968.91",FR_jan_2024.pdf,38,10,217,pdfplumber-table2-v1
N06000138,EXPANSION OF MINE-I (LEASE AREA) AND MINE-I A (3.0 TO 7.0 MTPA),NEYVELI LIGNITE CORPORATION,,COAL,,,,2015-06,,,1458.17,,555.1,2024-01,,,06/2015,,,"1,458.17",,555.10,FR_jan_2024.pdf,38,11,218,pdfplumber-table2-v1
N16000340,NAPHTHA CRACKER EXPANSION PROJECT AT PANIPAT,INDIAN OIL CORPORATION LIMITED,,PETROLEUM,,,,2020-08,,,1636.0,,1374.03,2024-01,,,08/2020,,,"1,636.00",,"1,374.03",FR_jan_2024.pdf,38,14,219,pdfplumber-table2-v1
N16000363,"INFRASTRUCTURE DEVELOPMENT TO FACILITATE IMPORT OF GRID POWER AT 220 KV, PANIPAT",INDIAN OIL CORPORATION LIMITED,,PETROLEUM,,,,2021-06,,,278.6,,210.72,2024-01,,,06/2021,,,278.60,,210.72,FR_jan_2024.pdf,38,15,220,pdfplumber-table2-v1
N16000376,PX-PTA REVAMP AT PANIPAT REFINERY,INDIAN OIL CORPORATION LIMITED,,PETROLEUM,,,,2021-12,,,1255.0,,906.12,2024-01,,,12/2021,,,"1,255.00",,906.12,FR_jan_2024.pdf,38,16,221,pdfplumber-table2-v1
N18000265,NAITWAR MORI HEP,SATLUJ JAL VIDYUT NIGAM LIMITED,,POWER,,,,2021-12,,,648.33,,1231.15,2024-01,,,12/2021,,,648.33,,"1,231.15",FR_jan_2024.pdf,38,19,222,pdfplumber-table2-v1
N18000334,GURHAH SOLAR POWER PROJECT Central Sector Projects,SATLUJ JAL VIDYUT NIGAM LIMITED,,POWER,,,,2023-08,,,466.82,,446.27,2024-01,,,08/2023,,,466.82,,446.27,FR_jan_2024.pdf,38,20,223,pdfplumber-table2-v1
N24000138,HUNGUND-SURATHKAL AND MANGALORE-KNT/KERALA BORDER,NATIONAL HIGHWAYS AUTHORITY OF INDIA,,ROAD TRANSPORT AND HIGHWAYS,,,,2018-06,,,946.0,,832.74,2024-01,,,06/2018,,,946.00,,832.74,FR_jan_2024.pdf,38,23,224,pdfplumber-table2-v1
N24000758,CONSTRUCTION OF TWO LANE WITH HARD SHOULDERS OF CHAKABAMA-ZUNHEBOTO ROAD FROM EXISTING KM100.345 TO,NATIONAL HIGHWAYS AND INFRASTRUCTURE DEVELOPMENT CORPORATION Ltd.,,ROAD TRANSPORT AND HIGHWAYS,,,,2021-12,,,240.64,,172.36,2024-01,,,12/2021,,,240.64,,172.36,FR_jan_2024.pdf,38,24,225,pdfplumber-table2-v1
N24000881,UPGRADATION OF PACHORE- SHUJALPUR ROAD TO 2L + PS,MINISTRY OF ROAD TRANSPORT AND HIGHWAYS (STATE PWDs),,ROAD TRANSPORT AND HIGHWAYS,,,,2018-02,,,184.62,,146.34,2024-01,,,02/2018,,,184.62,,146.34,FR_jan_2024.pdf,38,25,226,pdfplumber-table2-v1
N24001268,IMPROVEMENT/WIDENING TO 2 LANING OF STRETCH FROM KHONGSANG TO TAMENGLONG OF NH-137 EPC,NATIONAL HIGHWAYS AND INFRASTRUCTURE DEVELOPMENT CORPORATION Ltd.,,ROAD TRANSPORT AND HIGHWAYS,,,,2022-07,,,471.0,,319.81,2024-01,,,07/2022,,,471.00,,319.81,FR_jan_2024.pdf,38,26,227,pdfplumber-table2-v1
N24001459,CONSTRUCTION OF 1 ROB CUM FLYOVER FROM KM 136.200 TO 137.800 AND 2 FLYOVERS EPC,MINISTRY OF ROAD TRANSPORT AND HIGHWAYS (STATE PWDs),,ROAD TRANSPORT AND HIGHWAYS,,,,2024-04,,,297.06,,229.56,2024-01,,,04/2024,,,297.06,,229.56,FR_jan_2024.pdf,38,27,228,pdfplumber-table2-v1
N24001776,DEVELOPMENT OF 6L UER II [PACKAGE - III] (NANGLOI - NAJAFGARH ROAD TILL SECTOR 24 DWARKA) FROM KM. 2 EPC,NATIONAL HIGHWAYS AUTHORITY OF INDIA,,ROAD TRANSPORT AND HIGHWAYS,,,,2023-10,,,1069.27,,802.47,2024-01,,,10/2023,,,"1,069.27",,802.47,FR_jan_2024.pdf,38,28,229,pdfplumber-table2-v1
N16000321,CATALYST MANUFACTURING UNIT OF 1500 MTPA CAPACITY AT PANIPAT REFINERY,INDIAN OIL CORPORATION LIMITED,,PETROLEUM,,,,2020-02,,,206.63,,284.95,2024-02,,,02/2020,,,206.63,,284.95,FR_feb_2024.pdf,40,8,230,pdfplumber-table2-v1
N16000324,DEVLEOPMENT OF GRID INFRASTRUCTURE FOR IMPORTING GRID POWER AT 220 KV AT BARAUNI REFINERY,INDIAN OIL CORPORATION LIMITED,,PETROLEUM,,,,2020-10,,,199.36,,171.1,2024-02,,,10/2020,,,199.36,,171.10,FR_feb_2024.pdf,40,9,231,pdfplumber-table2-v1
N16000352,2ND GENERATION ETHANOL PLANT AT PANIPAT REFINERY,INDIAN OIL CORPORATION LIMITED,,PETROLEUM,,,,2021-01,,,909.0,,853.82,2024-02,,,01/2021,,,909.00,,853.82,FR_feb_2024.pdf,40,10,232,pdfplumber-table2-v1
N28000139,CONST OF 152 QTRS 240 BOYS 240 GIRLS 150 NURSES HOSTEL AND OTHER BUILDINGS INCLUDING DEVELOPMENT,CPWD FOR HEALTH,,HEALTH AND FAMILY WELFARE,,,,2020-09,,,195.0,,179.67,2024-02,,,09/2020,,,195.00,,179.67,FR_feb_2024.pdf,40,13,233,pdfplumber-table2-v1
N24000203,4-LANING OF BRAHAMPORE-FARAKA PPP (BOT),NATIONAL HIGHWAYS AUTHORITY OF INDIA,,ROAD TRANSPORT AND HIGHWAYS,,,,2013-08,,,998.79,,2170.28,2024-02,,,08/2013,,,998.79,,"2,170.28",FR_feb_2024.pdf,40,16,234,pdfplumber-table2-v1
N24000629,4-LANNING OF RAIPUR-KODEBAD SECTION OF NH-43 (FROM KM. 10.200 TO KM. 43.400) IN THE STATE OF CHHATTI,NATIONAL HIGHWAYS AUTHORITY OF INDIA,,ROAD TRANSPORT AND HIGHWAYS,,,,2019-03,,,400.25,,300.3,2024-02,,,03/2019,,,400.25,,300.30,FR_feb_2024.pdf,40,17,235,pdfplumber-table2-v1
N24000757,CONSTRUCTION OF TWO LANE WITH HARD SHOULDERS OF CHAKABAMA-ZUNHEBOTO ROAD FROM EXISTING KM 79.040 TO,NATIONAL HIGHWAYS AND INFRASTRUCTURE DEVELOPMENT CORPORATION Ltd.,,ROAD TRANSPORT AND HIGHWAYS,,,,2021-12,,,315.03,,212.85,2024-02,,,12/2021,,,315.03,,212.85,FR_feb_2024.pdf,40,18,236,pdfplumber-table2-v1
N24000823,FOUR LANING OF NH-52 FROM END OF BISWANATH CHARIALI BY- PASS (KM 208.00) TO GOHPUR (KM 265.50) (TOTAL,NATIONAL HIGHWAYS AND INFRASTRUCTURE DEVELOPMENT CORPORATION Ltd.,,ROAD TRANSPORT AND HIGHWAYS,,,,2016-01,,,829.0,,952.9,2024-02,,,01/2016,,,829.00,,952.90,FR_feb_2024.pdf,40,19,237,pdfplumber-table2-v1
N24000825,FOUR LANING OF NH-363 FROM REPALLEWADA (DESIGN KM 40.000/EXISTING KM 288.510) TO TELANGANA/MAHARASHT,NATIONAL HIGHWAYS AUTHORITY OF INDIA,,ROAD TRANSPORT AND HIGHWAYS,,,,2023-02,,,828.29,,1525.33,2024-02,,,02/2023,,,828.29,,"1,525.33",FR_feb_2024.pdf,40,20,238,pdfplumber-table2-v1
N24001196,OUR LANNNING OF DOLABARI TO JAMUGURI SECTION FROM KM 17.300 OF NH 37A TO KM 182.00 OF NH52 IN THE ST,NATIONAL HIGHWAYS AND INFRASTRUCTURE DEVELOPMENT CORPORATION Ltd.,,ROAD TRANSPORT AND HIGHWAYS,,,,2023-08,,,1049.51,,323.15,2024-02,,,08/2023,,,"1,049.51",,323.15,FR_feb_2024.pdf,40,21,239,pdfplumber-table2-v1
N24001321,DEMBUEN - BRUNI EPC,NATIONAL HIGHWAYS AND INFRASTRUCTURE DEVELOPMENT CORPORATION Ltd.,,ROAD TRANSPORT AND HIGHWAYS,,,,2023-03,,,606.63,,281.69,2024-02,,,03/2023,,,606.63,,281.69,FR_feb_2024.pdf,40,22,240,pdfplumber-table2-v1
N24001328,JIA BHARALI BRIDGE ALONG WITH ITS APPROACH ROAD EPC,NATIONAL HIGHWAYS AND INFRASTRUCTURE DEVELOPMENT CORPORATION Ltd.,,ROAD TRANSPORT AND HIGHWAYS,,,,2023-08,,,804.0,,575.92,2024-02,,,08/2023,,,804.00,,575.92,FR_feb_2024.pdf,40,23,241,pdfplumber-table2-v1
N24001487,BALANCE WORK UNDER PHASE-I FOR 4L OF KHED SINNER SECTION COMPRISING OF THE STRETCHES (I) KHED BYPASS EPC,NATIONAL HIGHWAYS AUTHORITY OF INDIA,,ROAD TRANSPORT AND HIGHWAYS,,,,2022-10,,,169.83,,207.89,2024-02,,,10/2022,,,169.83,,207.89,FR_feb_2024.pdf,40,24,242,pdfplumber-table2-v1
N24001498,4L OF AHMEDNAGAR - MIRAJGAON - KARMALA - TEMBHURNI (PKG-I) [AHMEDNAGAR TO GHOGARGAON] FROM KM. 0.00 PPP BOT (Hybrid Annuity),NATIONAL HIGHWAYS AUTHORITY OF INDIA,,ROAD TRANSPORT AND HIGHWAYS,,,,2023-12,,,605.0,,647.74,2024-02,,,12/2023,,,605.00,,647.74,FR_feb_2024.pdf,40,25,243,pdfplumber-table2-v1
N24001499,4L OF AHMEDNAGAR - MIRAJGAON - KARMALA - TEMBHURNI (PKG-II) [GHOGARGAON TO AHMEDNAGAR- SOLPAUR DISTR PPP BOT (Hybrid Annuity),NATIONAL HIGHWAYS AUTHORITY OF INDIA,,ROAD TRANSPORT AND HIGHWAYS,,,,2024-01,,,629.0,,578.22,2024-02,,,01/2024,,,629.00,,578.22,FR_feb_2024.pdf,41,4,244,pdfplumber-table2-v1
N24001509,4L OF KM 0.00 TO KM 42.00 OF OFDOBBASPET TO DODDABALLAPURA BYPASS SECTION NH 648 OLD NH 207 BANGALO PPP BOT (Hybrid Annuity),NATIONAL HIGHWAYS AUTHORITY OF INDIA,,ROAD TRANSPORT AND HIGHWAYS,,,,2021-04,,,1307.0,,1307.0,2024-02,,,04/2021,,,"1,307.00",,"1,307.00",FR_feb_2024.pdf,41,5,245,pdfplumber-table2-v1
N24001740,ALIGARH-KANPUR SECTION PACKAGEV FROM MITRASEN-KANPUR HAM(Hybrid Annuity Mode),NATIONAL HIGHWAYS AUTHORITY OF INDIA,,ROAD TRANSPORT AND HIGHWAYS,,,,2023-09,,,2325.28,,2061.84,2024-02,,,09/2023,,,"2,325.28",,"2,061.84",FR_feb_2024.pdf,41,6,246,pdfplumber-table2-v1
N24001743,LUCKNOW RING ROAD PKG-1 (SULTANPUR ROAD TO BEHTA ROAD) [BYPASS CONNECTING NH-56 AT KM. 17.40 AND TER EPC,NATIONAL HIGHWAYS AUTHORITY OF INDIA,,ROAD TRANSPORT AND HIGHWAYS,,,,2023-02,,,1916.38,,1190.73,2024-02,,,02/2023,,,"1,916.38",,"1,190.73",FR_feb_2024.pdf,41,7,247,pdfplumber-table2-v1
N24001751,BALANCE 4 LANING WORK OF RAIGANJ DALKHOLA SECTION OF NH34 FROM KM 398.000 TO KM 452.750 (PACKAGE V) EPC,NATIONAL HIGHWAYS AUTHORITY OF INDIA,,ROAD TRANSPORT AND HIGHWAYS,,,,2021-09,,,1548.07,,1089.43,2024-02,,,09/2021,,,"1,548.07",,"1,089.43",FR_feb_2024.pdf,41,8,248,pdfplumber-table2-v1
N24001760,2L PS OF UJJAIN - JHALAWAR (UPTO RJ BORDER) FROM KM. (-)0.650 TO KM. 132.955 OF NH-552G HAM(Hybrid Annuity Mode),NATIONAL HIGHWAYS AUTHORITY OF INDIA,,ROAD TRANSPORT AND HIGHWAYS,,,,2023-06,,,506.56,,498.47,2024-02,,,06/2023,,,506.56,,498.47,FR_feb_2024.pdf,41,9,249,pdfplumber-table2-v1
N16000249,KOYALI AHMEDNAGAR SOLAPUR PIPELINE,INDIAN OIL CORPORATION LIMITED,,PETROLEUM,,,,2022-02,,,1945.0,,2100.35,2024-03,,,02/2022,,,"1,945.00",,"2,100.35",FR_mar_2024.pdf,38,14,250,pdfplumber-table2-v1
N16000283,LPG BP PROJECT KHORDHA Central Sector Projects,INDIAN OIL CORPORATION LIMITED,,PETROLEUM,,,,2019-12,,,161.59,,153.78,2024-03,,,12/2019,,,161.59,,153.78,FR_mar_2024.pdf,38,15,251,pdfplumber-table2-v1
N16000323,INFRASTRUCTURE DEVELOPMENT TO FACILITATE BULK IMPORT OF GRID POWER AT 220 KV AT MATHURA REFINERY,INDIAN OIL CORPORATION LIMITED,,PETROLEUM,,,,2020-08,,,255.4,,244.69,2024-03,,,08/2020,,,255.40,,244.69,FR_mar_2024.pdf,38,16,252,pdfplumber-table2-v1
N16000351,GRASS ROOT TERMINAL AT MALKAPUR,INDIAN OIL CORPORATION LIMITED,,PETROLEUM,,,,2022-04,,,611.0,,455.0,2024-03,,,04/2022,,,611.00,,455.00,FR_mar_2024.pdf,38,17,253,pdfplumber-table2-v1
N16000381,LPG BP PROJECT CHITTOOR,INDIAN OIL CORPORATION LIMITED,,PETROLEUM,,,,2022-07,,,167.0,,110.26,2024-03,,,07/2022,,,167.00,,110.26,FR_mar_2024.pdf,38,18,254,pdfplumber-table2-v1
N16000383,COMPRESSED BIO GAS PLANT AT GORAKHPUR,INDIAN OIL CORPORATION LIMITED,,PETROLEUM,,,,2021-07,,,164.69,,145.63,2024-03,,,07/2021,,,164.69,,145.63,FR_mar_2024.pdf,38,19,255,pdfplumber-table2-v1
N16000393,INSTALLATION OF SECOND CATALYTIC DEWAXING UNIT (CDW-II) AT HALDIA REFINERY,INDIAN OIL CORPORATION LIMITED,,PETROLEUM,,,,2023-01,,,1019.0,,776.55,2024-03,,,01/2023,,,"1,019.00",,776.55,FR_mar_2024.pdf,38,20,256,pdfplumber-table2-v1
N16000395,INFRASTRUCTURE DEVELOPMENT FOR UTILIZATION OF NATURAL GAS AT PARADIP REFINERY Central Sector Projects,INDIAN OIL CORPORATION LIMITED,,PETROLEUM,,,,2022-07,,,202.16,,152.09,2024-03,,,07/2022,,,202.16,,152.09,FR_mar_2024.pdf,38,21,257,pdfplumber-table2-v1
N16000399,MUZAFFARPUR-MOTIHARI LPG PIPELINE,INDIAN OIL CORPORATION LIMITED,,PETROLEUM,,,,2022-08,,,403.0,,293.64,2024-03,,,08/2022,,,403.00,,293.64,FR_mar_2024.pdf,38,22,258,pdfplumber-table2-v1
N16000400,REPLACEMENT OF EXISTING TWIN 42” OFFSHORE PIPELINES AT VADINAR ALONG WITH TWO EXISTING PIPELINE END,INDIAN OIL CORPORATION LIMITED,,PETROLEUM,,,,2022-12,,,1378.0,,1150.99,2024-03,,,12/2022,,,"1,378.00",,"1,150.99",FR_mar_2024.pdf,38,23,259,pdfplumber-table2-v1
N16000447,NEW LPG PLANT AT VARANASI EPC,HINDUSTAN PETROLEUM CORPORATION LIMITED,,PETROLEUM,,,,2024-05,,,194.62,,188.01,2024-03,,,05/2024,,,194.62,,188.01,FR_mar_2024.pdf,38,24,260,pdfplumber-table2-v1
N16000459,CITY GAS DISTRIBUTION NETWORK PROJECT AT AHMEDNAGAR AND AURANGABAD Central Sector Projects,BHARAT PETROLEUM CORPORATION LIMITED,,PETROLEUM,,,,2028-09,,,3972.18,,1517.0,2024-03,,,09/2028,,,"3,972.18",,"1,517.00",FR_mar_2024.pdf,38,25,261,pdfplumber-table2-v1
N16000460,CITY GAS DISTRIBUTION NETWORK PROJECT AT SANGLI AND SATARA Central Sector Projects,BHARAT PETROLEUM CORPORATION LIMITED,,PETROLEUM,,,,2028-11,,,2337.98,,755.01,2024-03,,,11/2028,,,"2,337.98",,755.01,FR_mar_2024.pdf,39,4,262,pdfplumber-table2-v1
N16000461,CITY GAS DISTRIBUTION NETWORK PROJECT AT BALLARI AND GADAG Central Sector Projects,BHARAT PETROLEUM CORPORATION LIMITED,,PETROLEUM,,,,2028-09,,,897.62,,210.8,2024-03,,,09/2028,,,897.62,,210.80,FR_mar_2024.pdf,39,5,263,pdfplumber-table2-v1
N16000462,CITY GAS DISTRIBUTION NETWORK PROJECT AT JAJPUR AND KENDUJHAR Central Sector Projects,BHARAT PETROLEUM CORPORATION LIMITED,,PETROLEUM,,,,2030-03,,,741.29,,285.22,2024-03,,,03/2030,,,741.29,,285.22,FR_mar_2024.pdf,39,6,264,pdfplumber-table2-v1
N16000463,CITY GAS DISTRIBUTION NETWORK PROJECT AT ANGUL AND DHENKANAL Central Sector Projects,BHARAT PETROLEUM CORPORATION LIMITED,,PETROLEUM,,,,2030-03,,,605.65,,195.09,2024-03,,,03/2030,,,605.65,,195.09,FR_mar_2024.pdf,39,7,265,pdfplumber-table2-v1
N16000464,"CITY GAS DISTRIBUTION NETWORK PROJECT AT BARGARH, DEBGARH AND SAMBALPUR Central Sector Projects",BHARAT PETROLEUM CORPORATION LIMITED,,PETROLEUM,,,,2030-03,,,599.19,,233.11,2024-03,,,03/2030,,,599.19,,233.11,FR_mar_2024.pdf,39,8,266,pdfplumber-table2-v1
N16000465,CITY GAS DISTRIBUTION NETWORK PROJECT AT JAGATSINGHPUR AND KENDRAPARA Central Sector Projects,BHARAT PETROLEUM CORPORATION LIMITED,,PETROLEUM,,,,2030-03,,,485.91,,156.89,2024-03,,,03/2030,,,485.91,,156.89,FR_mar_2024.pdf,39,9,267,pdfplumber-table2-v1
N16000466,"CITY GAS DISTRIBUTION NETWORK PROJECT AT AMETHI, RAEBARELI AND PRATAPGARH Central Sector Projects",BHARAT PETROLEUM CORPORATION LIMITED,,PETROLEUM,,,,2028-09,,,432.06,,146.15,2024-03,,,09/2028,,,432.06,,146.15,FR_mar_2024.pdf,39,10,268,pdfplumber-table2-v1
N16000467,"CITY GAS DISTRIBUTION NETWORK PROJECT AT BILASPUR, HAMIRPUR AND UNA Central Sector Projects",BHARAT PETROLEUM CORPORATION LIMITED,,PETROLEUM,,,,2030-09,,,427.94,,80.16,2024-03,,,09/2030,,,427.94,,80.16,FR_mar_2024.pdf,39,11,269,pdfplumber-table2-v1
N16000468,CITY GAS DISTRIBUTION NETWORK PROJECT AT SIDHI AND SANGRAULI Central Sector Projects,BHARAT PETROLEUM CORPORATION LIMITED,,PETROLEUM,,,,2029-03,,,350.35,,85.74,2024-03,,,03/2029,,,350.35,,85.74,FR_mar_2024.pdf,39,12,270,pdfplumber-table2-v1
N16000473,CITY GAS DISTRIBUTION NETWORK PROJECT AT ROHTAK Central Sector Projects,BHARAT PETROLEUM CORPORATION LIMITED,,PETROLEUM,,,,2025-06,,,261.48,,162.6,2024-03,,,06/2025,,,261.48,,162.60,FR_mar_2024.pdf,39,13,271,pdfplumber-table2-v1
N16000474,CITY GAS DISTRIBUTION NETWORK PROJECT AT CHATRA AND PALAMU Central Sector Projects,BHARAT PETROLEUM CORPORATION LIMITED,,PETROLEUM,,,,2029-03,,,230.25,,54.41,2024-03,,,03/2029,,,230.25,,54.41,FR_mar_2024.pdf,39,14,272,pdfplumber-table2-v1
N18000336,GUJRAI SOLAR POWER PROJECT Central Sector Projects,SATLUJ JAL VIDYUT NIGAM LIMITED,,POWER,,,,2023-08,,,279.94,,230.05,2024-03,,,08/2023,,,279.94,,230.05,FR_mar_2024.pdf,39,17,273,pdfplumber-table2-v1
N18000340,RAGHANESDA SOLAR POWER PROJECT Central Sector Projects,SATLUJ JAL VIDYUT NIGAM LIMITED,,POWER,,,,2023-12,,,642.15,,514.52,2024-03,,,12/2023,,,642.15,,514.52,FR_mar_2024.pdf,39,18,274,pdfplumber-table2-v1
N24000493,FOUR LANING OF SULTANPUR TO VARANASI (PKG-I),NATIONAL HIGHWAYS AUTHORITY OF INDIA,,ROAD TRANSPORT AND HIGHWAYS,,,,2018-06,,,1027.53,,2648.96,2024-03,,,06/2018,,,"1,027.53",,"2,648.96",FR_mar_2024.pdf,39,21,275,pdfplumber-table2-v1
N24000499,FOUR LANING OF GHAGHRA BRIDGE TO VARANASI (PKG-II),NATIONAL HIGHWAYS AUTHORITY OF INDIA,,ROAD TRANSPORT AND HIGHWAYS,,,,2018-06,,,667.0,,3056.55,2024-03,,,06/2018,,,667.00,,"3,056.55",FR_mar_2024.pdf,39,22,276,pdfplumber-table2-v1
N24000886,CONSTRUCTION OF ROAD FROM KM. 1 TO KM. 49/4 OF NH-26A IN THE STATE OF MADHYA PRADESH.,MINISTRY OF ROAD TRANSPORT AND HIGHWAYS (STATE PWDs),,ROAD TRANSPORT AND HIGHWAYS,,,,2017-03,,,205.05,,155.52,2024-03,,,03/2017,,,205.05,,155.52,FR_mar_2024.pdf,39,23,277,pdfplumber-table2-v1
N24000891,UPGRADATION OF DABOH-UP BORDER ROAD TO 2L + PS,MINISTRY OF ROAD TRANSPORT AND HIGHWAYS (STATE PWDs),,ROAD TRANSPORT AND HIGHWAYS,,,,2018-03,,,233.04,,187.88,2024-03,,,03/2018,,,233.04,,187.88,FR_mar_2024.pdf,39,24,278,pdfplumber-table2-v1
N24001210,REHABILITATION AND UPGRADATION OF EXISTING PAVEMENT TO FOUR LANE WITH PAVED SHOULDER FROM KM 135.230,MINISTRY OF ROAD TRANSPORT AND HIGHWAYS (STATE PWDs),,ROAD TRANSPORT AND HIGHWAYS,,,,2021-06,,,306.59,,251.95,2024-03,,,06/2021,,,306.59,,251.95,FR_mar_2024.pdf,40,4,279,pdfplumber-table2-v1
N24001330,KARGIL-ZANSKR PACKAGE-5 EPC,NATIONAL HIGHWAYS AND INFRASTRUCTURE DEVELOPMENT CORPORATION Ltd.,,ROAD TRANSPORT AND HIGHWAYS,,,,2023-12,,,169.79,,200.8,2024-03,,,12/2023,,,169.79,,200.80,FR_mar_2024.pdf,40,5,280,pdfplumber-table2-v1
N24001497,AHMEDNAGAR BYPASS PPP BOT (Hybrid Annuity),NATIONAL HIGHWAYS AUTHORITY OF INDIA,,ROAD TRANSPORT AND HIGHWAYS,,,,2023-07,,,715.0,,571.75,2024-03,,,07/2023,,,715.00,,571.75,FR_mar_2024.pdf,40,6,281,pdfplumber-table2-v1
N06000173,SRP OC-II EXPANSION PROJECT,SCCL,,COAL,TELANGANA,,,2018-03,,,272.73,,269.65,2024-06,,,03/2018,,,272.73,,269.65,June.pdf,7,2,1,pdfplumber-table3-v1
N28000089,"C/O OF 152 NOS TYPE-II,304 NOS,TYPE-III,76 NOS, TYPE-IV QTRS. FOR INCOME TAX DEPARTMENT AT CHENNAI",CPWD FOR FINANC,,FINANCE,TAMIL NADU,,,2019-10,,,209.0,,205.72,2024-06,,,10/2019,,,209.00,,205.72,June.pdf,7,4,2,pdfplumber-table3-v1
N28000118,CONSTRUCTION OF ATAL AKSHAY URJA BHAWAN CGO COMPLEX LODHI ROAD NEW DELHI,CPWD R ENERGY,,RENEWABLE ENERGY,DELHI,,,2019-11,,,271.9,,329.49,2024-06,,,11/2019,,,271.90,,329.49,June.pdf,7,6,3,pdfplumber-table3-v1
N24000883,"DEVELOPMENT OF 4-LANING SECTION OF NH-31 FROM KM 551.36 (GHOSHPUKUR) TO KM 563.26 (BIHAR MORE, BAGDO",MoRTH,,ROAD TRANSPORT AND HIGHWAYS,WEST BENGAL,,,2020-10,,,254.3,,197.33,2024-06,,,10/2020,,,254.30,,197.33,June.pdf,7,8,4,pdfplumber-table3-v1
N24000933,CONSTRUCTION OF 4-LANE BYPASS TO VIJAYANAGARAM TOWN ON NH43 (NEW NH26) FROM 537/6 TO 552/0 (RAIPUR-V,MoRTH,,ROAD TRANSPORT AND HIGHWAYS,ANDHRA PRADESH,,,2017-11,,,429.43,,385.4,2024-06,,,11/2017,,,429.43,,385.40,June.pdf,7,9,5,pdfplumber-table3-v1
N24000934,REHABILITATION AND UPGRADATION OF NH326A FROM KM 0/0 TO 41/979 (EXCLUDING KM 2/255 TO 3/372 AND KM 3,MoRTH,,ROAD TRANSPORT AND HIGHWAYS,ANDHRA PRADESH,,,2018-08,,,228.32,,176.26,2024-06,,,08/2018,,,228.32,,176.26,June.pdf,7,10,6,pdfplumber-table3-v1
N24000939,REHABILITATION AND UPGRADATION OF NEW NH-544E FROM KM. 0.000 TO KM 56.803 OF KODIKONDA - MADAKASIRA,MoRTH,,ROAD TRANSPORT AND HIGHWAYS,ANDHRA PRADESH,,,2018-11,,,504.19,,516.39,2024-06,,,11/2018,,,504.19,,516.39,June.pdf,7,11,7,pdfplumber-table3-v1
N24000965,REHABILITATION AND UPGRADATION OF DHINDI- DIGAMARRU SECTION FROM KM126/510 TO KM135/740 OF NH214(NH21,MoRTH,,ROAD TRANSPORT AND HIGHWAYS,ANDHRA PRADESH,,,2016-05,,,386.09,,266.29,2024-06,,,05/2016,,,386.09,,266.29,June.pdf,8,1,8,pdfplumber-table3-v1
N24000967,REHABILITATION AND UPGRADATION OF LOSARI- MACHAVARAM SECTION FROM KM34/230 TO KM84/550 OF NH214(NH216,MoRTH,,ROAD TRANSPORT AND HIGHWAYS,ANDHRA PRADESH,,,2016-09,,,444.84,,423.36,2024-06,,,09/2016,,,444.84,,423.36,June.pdf,8,2,9,pdfplumber-table3-v1
N24000966,REHABILITATION UPGRADATION OF NH214(NH216) FROM KM41.161 TO KM59.800(GURJANAPALLI TO POLEKURU SECT,MoRTH,,ROAD TRANSPORT AND HIGHWAYS,ANDHRA PRADESH,,,2016-08,,,348.95,,317.36,2024-06,,,08/2016,,,348.95,,317.36,June.pdf,8,3,10,pdfplumber-table3-v1
N24000968,REHABILITATION AND UPGRADATION OF MACHILIPATNAM TO AVANIGADDA SECTION FROM KM84/550 - 124/200 OF NH2,MoRTH,,ROAD TRANSPORT AND HIGHWAYS,ANDHRA PRADESH,,,2017-08,,,376.25,,405.97,2024-06,,,08/2017,,,376.25,,405.97,June.pdf,8,4,11,pdfplumber-table3-v1
N24000970,REHABILITAITON AND UPGRADATION OF REPALLE TO EEPPURPALEM SECTION FROM KM 128/927 TO KM 195/000 OF NH,MoRTH,,ROAD TRANSPORT AND HIGHWAYS,ANDHRA PRADESH,,,2018-01,,,576.48,,685.2,2024-06,,,01/2018,,,576.48,,685.20,June.pdf,8,5,12,pdfplumber-table3-v1
N24000692,4-LANNING OF END OF PANDOH BYPASS TAKOLI IN H.P,NHAI,,ROAD TRANSPORT AND HIGHWAYS,HIMACHAL PRADESH,,,2020-06,,,2485.93,,1421.76,2024-06,,,06/2020,,,"2,485.93",,"1,421.76",June.pdf,8,6,13,pdfplumber-table3-v1
N24001384,REHABILITATION AND UP GRADATION OF NH-544E FROM KM 56/803 TO KM 99/179 OF MADAKASIRA TO SIRA SECTION,MoRTH,,ROAD TRANSPORT AND HIGHWAYS,ANDHRA PRADESH,,,2021-03,,,207.79,,177.96,2024-06,,,03/2021,,,207.79,,177.96,June.pdf,8,7,14,pdfplumber-table3-v1
N24001385,WIDENING AND STRENGTHENING TO TWO LANE WITH PAVED SHOULDERS FROM KM 491/000 TO KM 525/200 OF RAIPUR,MoRTH,,ROAD TRANSPORT AND HIGHWAYS,ANDHRA PRADESH,,,2021-05,,,221.4,,171.44,2024-06,,,05/2021,,,221.40,,171.44,June.pdf,8,8,15,pdfplumber-table3-v1
N24001478,"WIDENING AND STRENGTHENING FROM KM.15.000 TO KM, 58.600 (BHADEWARA -DRAMANDGANJ SECTION) OF NATIONAL",MoRTH,,ROAD TRANSPORT AND HIGHWAYS,UTTAR PRADESH,,,2024-05,,,257.97,,132.48,2024-06,,,05/2024,,,257.97,,132.48,June.pdf,9,1,16,pdfplumber-table3-v1
N24001757,4L OF KHEDAKHAJURIYA TO SUHAGADI FROM KM. 41.400 TO KM. 89.200 OF NH-148NG (PKG-II),NHAI,,ROAD TRANSPORT AND HIGHWAYS,MADHYA PRADESH,,,2024-10,,,876.37,,370.28,2024-06,,,10/2024,,,876.37,,370.28,June.pdf,9,2,17,pdfplumber-table3-v1
N24001930,FORMATION OF BYPASS ROAD TO KADIRI TOWN FROM ON NH42,MoRTH,,ROAD TRANSPORT AND HIGHWAYS,ANDHRA PRADESH,,,2023-09,,,220.66,,164.53,2024-06,,,09/2023,,,220.66,,164.53,June.pdf,9,3,18,pdfplumber-table3-v1
N18000244,EASTERN REGION STRENTHENING SCHEME XVII( PART B),PGCIL,,POWER,MULTI STATE,,,2019-06,,,235.53,,170.26,2024-07,,,06/2019,,,235.53,,170.26,July_Part-II.pdf,7,2,1,pdfplumber-table3-v1
N18000262,TRANSMISSION SYSTEM FOR EVACUTION OF POWER FROM NEYVELI LIGNITE CORP LTD TS - I (REPLACEMENT) IN NEY,PGCIL,,POWER,TAMIL NADU,,,2019-07,,,186.17,,180.54,2024-07,,,07/2019,,,186.17,,180.54,July_Part-II.pdf,7,3,2,pdfplumber-table3-v1
N18000299,"TRANSMISSION SYSTEM FOR POWER EVACUATION FROM ARUN-3 (900MW) HEP, NEPAL OF M/S SAPDC- INDIAN PORTION",PGCIL,,POWER,BIHAR,,,2023-04,,,179.29,,116.97,2024-07,,,04/2023,,,179.29,,116.97,July_Part-II.pdf,7,4,3,pdfplumber-table3-v1
N18000302,IMPLEMENTATION OF 500 MVAR THYRISTOR CONTROLLED REACTOR AT KURUKSHETRA,PGCIL,,POWER,HARYANA,,,2022-03,,,267.33,,111.63,2024-07,,,03/2022,,,267.33,,111.63,July_Part-II.pdf,7,5,4,pdfplumber-table3-v1
N18000303,TRANSMISSION SYSTEM STRENGTHENING SCHEME FOR EVACUATION OF POWER FROM SOLAR ENERGY ZONES IN RAJASTHA,PGCIL,,POWER,RAJASTHAN,,,2022-12,,,353.85,,273.06,2024-07,,,12/2022,,,353.85,,273.06,July_Part-II.pdf,7,6,5,pdfplumber-table3-v1
N18000304,TRANSMISSION SYSTEM STRENGTHENING SCHEME FOR EVACUATION OF POWER FROM SOLAR ENERGY ZONES IN RAJASTHA,PGCIL,,POWER,RAJASTHAN,,,2022-12,,,1340.81,,1318.34,2024-07,,,12/2022,,,1340.81,,1318.34,July_Part-II.pdf,7,7,6,pdfplumber-table3-v1
N18000314,"TRANSMISSION SYSTEM FOR PROVIDING CONNECTIVITY TO RE PROJECTS AT BIKANER (PG), FATEHGARH-II AND BHAD",PGCIL,,POWER,RAJASTHAN,,,2021-01,,,562.86,,409.38,2024-07,,,01/2021,,,562.86,,409.38,July_Part-II.pdf,7,8,7,pdfplumber-table3-v1
N18000317,RELIABLE COMMUNICATION SCHEME UNDER CENTRAL SECTOR FOR NORTHERN REGION,PGCIL,,POWER,MULTI STATE,,,2021-11,,,241.38,,243.75,2024-07,,,11/2021,,,241.38,,243.75,July_Part-II.pdf,7,9,8,pdfplumber-table3-v1
N18000327,"NORTH EAST-NORTHERN/ WESTERN INTERCONNECTOR-I, PART-C",PGCIL,,POWER,ASSAM,,,2023-03,,,1326.0,,1466.21,2024-07,,,03/2023,,,1326,,1466.21,July_Part-II.pdf,8,1,9,pdfplumber-table3-v1
N18000329,AUGMENTATION OF TRANSFORMATION CAPACITY IN SOUTHERN REGION.,PGCIL,,POWER,MULTI STATE,,,2023-03,,,176.22,,95.43,2024-07,,,03/2023,,,176.22,,95.43,July_Part-II.pdf,8,2,10,pdfplumber-table3-v1
N18000339,RELIABLE COMMUNICATION SCHEME UNDER CENTRAL SECTOR FOR SOUTHERN REGION,PGCIL,,POWER,MULTI STATE,,,2021-11,,,173.94,,130.76,2024-07,,,11/2021,,,173.94,,130.76,July_Part-II.pdf,8,3,11,pdfplumber-table3-v1
N18000341,POWERGRID NEEMUCH TRANSMISSION SYSTEM LIMITED,PGCIL,,POWER,MULTI STATE,,,2024-02,,,863.99,,547.13,2024-07,,,02/2024,,,863.99,,547.13,July_Part-II.pdf,8,4,12,pdfplumber-table3-v1
N18000371,SCHEME TO RELIEVE HIGH LOADING OF WR-NR INTER REGIONAL CORRIDOR,PGCIL,,POWER,RAJASTHAN,,,2024-05,,,200.58,,134.39,2024-07,,,05/2024,,,200.58,,134.39,July_Part-II.pdf,8,5,13,pdfplumber-table3-v1
N24000305,FOUR LANING OF NUMALIGARH TO JORHAT SECTION FROM KM. 402.500 TO KM. 453.000 (DESIGN KM 403.200 TO KM,NHIDCL,,ROAD TRANSPORT AND HIGHWAYS,ASSAM,,,2018-05,,,454.89,,569.94,2024-07,,,05/2018,,,454.89,,569.94,July_Part-II.pdf,8,7,14,pdfplumber-table3-v1
N24000475,JABALPUR TO HIREN RIVER SECTION OF NH-12 IN MADHYA PRADESH KM 11/400 TO 66/400,MoRTH,,ROAD TRANSPORT AND HIGHWAYS,MADHYA PRADESH,,,2020-01,,,628.45,,531.11,2024-07,,,01/2020,,,628.45,,531.11,July_Part-II.pdf,8,8,15,pdfplumber-table3-v1
N24001485,INTEGRATED STRUCTURE WITH DEVELOPMENT OF OTHER ALLIED STRUCTURES ON BOTH SIDES OF CHANDNI CHOWK JUNC,NHAI,,ROAD TRANSPORT AND HIGHWAYS,MAHARASHTRA,,,2022-02,,,397.6,,375.1,2024-07,,,02/2022,,,397.6,,375.1,July_Part-II.pdf,8,9,16,pdfplumber-table3-v1
N24000870,UPGRADATION OF REWA-SIRMOUR ROAD TO 2L + PS,MoRTH,,ROAD TRANSPORT AND HIGHWAYS,MADHYA PRADESH,,,2018-03,,,162.56,,141.26,2024-07,,,03/2018,,,162.56,,141.26,July_Part-II.pdf,8,10,17,pdfplumber-table3-v1
N24001376,WIDENING OF EXISTING ROAD TO 2 LANE WITH PAVED SHOULDER FROM HUKANJURI TO KHONSA SECTION OF NH-315A,MoRTH,,ROAD TRANSPORT AND HIGHWAYS,ARUNACHAL PRADESH,,,2027-03,,,182.55,,119.02,2024-07,,,03/2027,,,182.55,,119.02,July_Part-II.pdf,9,1,18,pdfplumber-table3-v1
N24001380,WIDENING EXISTING 2 LANE TO 4 LANE WITH PAVED SHOULDER INCLUDING STRENGTHENING CARRIAGEWAY FROM KM 8,MoRTH,,ROAD TRANSPORT AND HIGHWAYS,TAMIL NADU,,,2021-02,,,302.62,,324.68,2024-07,,,02/2021,,,302.62,,324.68,July_Part-II.pdf,9,2,19,pdfplumber-table3-v1
N24001398,MARIAM - PEREN (PKG 2A),NHIDCL,,ROAD TRANSPORT AND HIGHWAYS,MANIPUR,,,2023-03,,,204.58,,126.78,2024-07,,,03/2023,,,204.58,,126.78,July_Part-II.pdf,9,3,20,pdfplumber-table3-v1
N12000126,UP GRADATION OF AUTOMATION SYSTEM OF HOT STRIP MILL AT BOKARO STEEL PLANT,SAIL,,STEEL,JHARKHAND,,,2024-06,,,207.74,,185.01,2024-07,,,06/2024,,,207.74,,185.01,July_Part-II.pdf,9,5,21,pdfplumber-table3-v1
N06000088,KARMA OCP (1.0MTY),CCL,,COAL,JHARKHAND,,,2014-03,,,162.46,,95.92,2024-08,,,03/2014,,,162.46,,95.92,August_Part-2(List_of_tables).pdf,8,2,1,pdfplumber-table3-v1
N24000549,4-LANNING OF VARANASI GORAKHPUR SECTION OF NH-29 FROM 88.00 148.00 KM 4-LANNING OF VARANASI GORAKHPU,NHAI,,ROAD TRANSPORT AND HIGHWAYS,UTTAR PRADESH,,,2019-10,,,1396.74,,3986.5,2024-08,,,10/2019,,,"1,396.74",,"3,986.50",August_Part-2(List_of_tables).pdf,8,4,2,pdfplumber-table3-v1
N24000662,CONSTRUCTION OF PARTIALLY ACESS CONTROLLED FOUR LANE ELEVATED HIGHWAY BETWEEN SAMRALA CHOWK (DESIGN,NHAI,,ROAD TRANSPORT AND HIGHWAYS,PUNJAB,,,2020-03,,,754.54,,800.29,2024-08,,,03/2020,,,754.54,,800.29,August_Part-2(List_of_tables).pdf,8,5,3,pdfplumber-table3-v1
N24000691,SIX-LANNING OF GREENFIELD PROPOSED UDAIPUR BYPASS PKG-IV,NHAI,,ROAD TRANSPORT AND HIGHWAYS,RAJASTHAN,,,2020-04,,,894.0,,1082.77,2024-08,,,04/2020,,,894.00,,"1,082.77",August_Part-2(List_of_tables).pdf,8,6,4,pdfplumber-table3-v1
N24000711,FOUR LANING OF DANGIAWAS (KM 96.595 TO NH- 112) TO JAJIWAL (KM 283.500 OF NH 65 NAGAUR ROAD) SECTIO,NHAI,,ROAD TRANSPORT AND HIGHWAYS,RAJASTHAN,,,2020-12,,,1308.73,,1308.73,2024-08,,,12/2020,,,"1,308.73",,"1,308.73",August_Part-2(List_of_tables).pdf,8,7,5,pdfplumber-table3-v1
N24000944,CONSTRUCTION OF 2 LANING OF EXISTING HUNLI- ANINI ROAD ON EPC BASIS FROM DESIGN KM 106.200 TO KM 120.,NHIDCL,,ROAD TRANSPORT AND HIGHWAYS,ARUNACHAL PRADESH,,,2020-01,,,200.44,,161.25,2024-08,,,01/2020,,,200.44,,161.25,August_Part-2(List_of_tables).pdf,8,8,6,pdfplumber-table3-v1
N24001300,6-LANING OF VIJAYAWADA BYPASS FROM CHINNA AVUTUPALLI (DESIGN CH.0+000) TO GOLLAPUDI (DESIGN CH. 30+0,NHAI,,ROAD TRANSPORT AND HIGHWAYS,ANDHRA PRADESH,,,2021-02,,,1226.88,,1438.66,2024-08,,,02/2021,,,"1,226.88",,"1,438.66",August_Part-2(List_of_tables).pdf,8,9,7,pdfplumber-table3-v1
N24001333,TWO- LANE WITH PAVED SHOULDER CONFIGURATION OF IMPHAL - MOREH SECTION OF NH-39 FROM KM 330 TO KM 350,NHIDCL,,ROAD TRANSPORT AND HIGHWAYS,ASSAM,,,2023-05,,,761.54,,430.31,2024-08,,,05/2023,,,761.54,,430.31,August_Part-2(List_of_tables).pdf,9,1,8,pdfplumber-table3-v1
N24001409,4L+PS OF RAS-BEAWAR SECTION (KM 0.00 TO KM 30.00) OF NH-158 (GNHCP) WORLD BANK. PKG-I.,MoRTH,,ROAD TRANSPORT AND HIGHWAYS,RAJASTHAN,,,2024-03,,,319.09,,138.67,2024-08,,,03/2024,,,319.09,,138.67,August_Part-2(List_of_tables).pdf,9,2,9,pdfplumber-table3-v1
N24001412,4L+PS OF NH -58 FROM BEAWAR-GOMTI (OLD CH KM 108.600 TO KM 144 KM 158.419 TO KM 173.300 PKG-II.,MoRTH,,ROAD TRANSPORT AND HIGHWAYS,RAJASTHAN,,,2023-10,,,339.65,,207.23,2024-08,,,10/2023,,,339.65,,207.23,August_Part-2(List_of_tables).pdf,9,3,10,pdfplumber-table3-v1
N24001413,2L+PS FROM KM 148/170 TO 211 /100 (DEVAL- DUNGARPUR-HIRATA - VARDA-SAGWARA) SECTION OF NH-927A. PKG-,MoRTH,,ROAD TRANSPORT AND HIGHWAYS,RAJASTHAN,,,2024-01,,,240.99,,233.39,2024-08,,,01/2024,,,240.99,,233.39,August_Part-2(List_of_tables).pdf,9,4,11,pdfplumber-table3-v1
N24001460,CONSTRUCTION OF 4 LANE ELEVATED VIADUCT AT KM. 7.500 MUNSHI PULIA OF NH-24A,MoRTH,,ROAD TRANSPORT AND HIGHWAYS,UTTAR PRADESH,,,2024-09,,,170.6,,153.26,2024-08,,,09/2024,,,170.60,,153.26,August_Part-2(List_of_tables).pdf,9,5,12,pdfplumber-table3-v1
N24001531,UPGRADATION AND REHABILITATION TO TWO LANE WITH PAVED SHOULDER OF BARMER GHAGARIYA SECTION FROM KM 0,MoRTH,,ROAD TRANSPORT AND HIGHWAYS,RAJASTHAN,,,2024-08,,,304.87,,289.31,2024-08,,,08/2024,,,304.87,,289.31,August_Part-2(List_of_tables).pdf,9,6,13,pdfplumber-table3-v1
N24001560,SANGARIYA (NEAR CHAUTALA)-RASISAR (NEAR BIKANER) (PHASE-I) (AJ/SR-PACKAGE-2),NHAI,,ROAD TRANSPORT AND HIGHWAYS,RAJASTHAN,,,2023-10,,,755.16,,755.16,2024-08,,,10/2023,,,755.16,,755.16,August_Part-2(List_of_tables).pdf,9,7,14,pdfplumber-table3-v1
N24001562,SANGARIYA (NEAR CHAUTALA)-RASISAR (NEAR BIKANER) (PHASE-I) (AJ/SR-PACKAGE-1),NHAI,,ROAD TRANSPORT AND HIGHWAYS,RAJASTHAN,,,2023-10,,,738.9,,738.9,2024-08,,,10/2023,,,738.90,,738.90,August_Part-2(List_of_tables).pdf,10,1,15,pdfplumber-table3-v1
N24001572,DELHI-VADODARA GREENFIELD ALIGNMENT (NH- 148N) (PKG-16) (CH. 427.300 TO CH.452.420) [MAJOR BRIDGE OVE,NHAI,,ROAD TRANSPORT AND HIGHWAYS,RAJASTHAN,,,2023-01,,,952.57,,952.57,2024-08,,,01/2023,,,952.57,,952.57,August_Part-2(List_of_tables).pdf,10,2,16,pdfplumber-table3-v1
N16000401,DEVANGONTHI MARKETING TERMINAL,MANGALORE REFIN,,PETROLEUM,KARNATAKA,,,,,,200.0,,255.87,2024-09,,,6/1/2023,,,200.00,,255.87,September_Part-2(List_of_tables).pdf,8,2,1,pdfplumber-table3-v1
N18000300,TRANSMISSION SYSTEM STRENGTHENING SCHEME FOR EVACUATION OF POWER FROM SOLAR ENERGY ZONES IN RAJASTHA,PGCIL,,POWER,RAJASTHAN,,,,,,1184.88,,846.92,2024-09,,,9/1/2022,,,"1,184.88",,846.92,September_Part-2(List_of_tables).pdf,8,4,2,pdfplumber-table3-v1
N18000305,TRANSMISSION SYSTEM STRENGTHENING SCHEME FOR EVACUATION OF POWER FROM SOLAR ENERGY ZONES IN RAJASTHA,PGCIL,,POWER,RAJASTHAN,,,,,,713.82,,671.59,2024-09,,,12/1/2022,,,713.82,,671.59,September_Part-2(List_of_tables).pdf,8,5,3,pdfplumber-table3-v1
N24001690,CHALLAKERE TO HARIYUR SECTION FROM KM 358.500 TO KM 414.205 OF NH150 A,NHAI,,ROAD TRANSPORT AND HIGHWAYS,KARNATAKA,,,,,,1167.52,,946.42,2024-09,,,1/1/2023,,,"1,167.52",,946.42,September_Part-2(List_of_tables).pdf,8,7,4,pdfplumber-table3-v1
N24001763,4L OF HARDA - BETUL (PKG-I) FROM KM.0 TO KM.30 [HARDA - TEMAGAON],NHAI,,ROAD TRANSPORT AND HIGHWAYS,MADHYA PRADESH,,,,,,774.16,,463.85,2024-09,,,9/1/2023,,,774.16,,463.85,September_Part-2(List_of_tables).pdf,8,8,5,pdfplumber-table3-v1
N24001764,4L OF HARDA - BETUL (PKG-III) FROM KM. 81.00 TO KM.121.248 [CHICHOLI - BETUL],NHAI,,ROAD TRANSPORT AND HIGHWAYS,MADHYA PRADESH,,,,,,814.04,,468.94,2024-09,,,9/1/2023,,,814.04,,468.94,September_Part-2(List_of_tables).pdf,8,9,6,pdfplumber-table3-v1
N24001918,UPGRADATION OF NH 930 JHALMALA TO SHERPER FROM NH KM 30.600 TO KM 67.800 TO TWOFOUR LANE WITH PAVED,MoRTH,,ROAD TRANSPORT AND HIGHWAYS,CHHATTISGARH,,,,,,222.86,,168.98,2024-09,,,8/1/2023,,,222.86,,168.98,September_Part-2(List_of_tables).pdf,8,10,7,pdfplumber-table3-v1
N24001212,CONSTRUCTION OF EIGHT LANE ACCESS CONTROLLED EXPRESSWAY CARRIAGEWAY FROM BANI VILLAGE TO BARDAWADI V,NHAI,,ROAD TRANSPORT AND HIGHWAYS,MADHYA PRADESH,,,,,,656.98,,1058.34,2024-09,,,11/1/2022,,,656.98,,"1,058.34",September_Part-2(List_of_tables).pdf,8,11,8,pdfplumber-table3-v1
N24001214,CONSTRUCTION OF EIGHT LANE ACCESS CONTROLLED EXPRESSWAY CARRIAGEWAY FROM RAJASTHAN/MP BORDER TO JODM,NHAI,,ROAD TRANSPORT AND HIGHWAYS,MADHYA PRADESH,,,,,,217.96,,2298.0,2024-09,,,12/1/2022,,,217.96,,"2,298.00",September_Part-2(List_of_tables).pdf,9,1,9,pdfplumber-table3-v1
N24001218,REHABILITATION AND UPGRADATION OF NH 111 FROM KM 163.400 TO 215.800 SHIVNAGAR TO AMBIKAPUR SECTION,MoRTH,,ROAD TRANSPORT AND HIGHWAYS,CHHATTISGARH,,,,,,335.32,,345.52,2024-09,,,6/1/2017,,,335.32,,345.52,September_Part-2(List_of_tables).pdf,9,2,10,pdfplumber-table3-v1
N24001219,REHABILITATION AND UPGRADATION OF NH 200 FROM KM 178.944 TO 241.553 BANARI VILLAGE TO MASANIA KALA V,MoRTH,,ROAD TRANSPORT AND HIGHWAYS,CHHATTISGARH,,,,,,476.2,,502.91,2024-09,,,9/1/2016,,,476.20,,502.91,September_Part-2(List_of_tables).pdf,9,3,11,pdfplumber-table3-v1
N24001283,CONSTRUCTION OF TWO LANE WITH PAVED SHOULDER OF SELLING-DULTE SECTION OF NH-06 (PKG-IV),NHIDCL,,ROAD TRANSPORT AND HIGHWAYS,MIZORAM,,,,,,281.78,,237.91,2024-09,,,7/1/2022,,,281.78,,237.91,September_Part-2(List_of_tables).pdf,9,4,12,pdfplumber-table3-v1
N24001351,MARIAM - PEREN PKG-2B,NHIDCL,,ROAD TRANSPORT AND HIGHWAYS,MANIPUR,,,,,,232.26,,156.93,2024-09,,,12/1/2022,,,232.26,,156.93,September_Part-2(List_of_tables).pdf,9,5,13,pdfplumber-table3-v1
N06000083,CHURI BENTI UG (0.81 MTY),CCL,,COAL,JHARKHAND,,,2011-03,,,163.51,,133.35,2024-10,,,03/2011,,,163.51,,133.35,October.pdf,12,2,1,pdfplumber-table3-v1
N16000482,CONSTRUCTION OF TWO PRODUCED WATER TREATMENT PLANTS (PWTP) AT BECHARAJI AND SOBHASAN INSTALLATION OF,ONGC,,PETROLEUM,GUJARAT,,,2024-07,,,320.2,,176.01,2024-10,,,07/2024,,,320.20,,176.01,October.pdf,12,4,2,pdfplumber-table3-v1
N18000342,OMKARESHWAR FLOATING SOLAR POWER PROJECT (90 MW),SJVN,,POWER,MADHYA PRADESH,,,2024-04,,,646.17,,600.77,2024-10,,,04/2024,,,646.17,,600.77,October.pdf,12,6,3,pdfplumber-table3-v1
220100240,"JAYANAGAR-DARBHANGA-NARKATIA GANJ(GC),ECR",ECR,,RAILWAYS,BIHAR,,,2012-03,,,324.73,,1236.97,2024-10,,,03/2012,,,324.73,,"1,236.97",October.pdf,12,8,4,pdfplumber-table3-v1
220100184,"DAUSA-GANGAPUR CITY(NL),NWR",NWR,,RAILWAYS,RAJASTHAN,,,2019-02,,,410.08,,1060.42,2024-10,,,02/2019,,,410.08,,"1,060.42",October.pdf,12,9,5,pdfplumber-table3-v1
N22000123,BHUJ-NALIYA(GC) WITH EXTENSION FROM NALIYA TO VAYOR (WR),WR,,RAILWAYS,GUJARAT,,,2012-03,,,318.24,,1317.64,2024-10,,,03/2012,,,318.24,,"1,317.64",October.pdf,12,10,6,pdfplumber-table3-v1
N22000326,PHULERA - DIGANA DOUBLING,NWR,,RAILWAYS,MULTI STATE,,,2020-03,,,600.0,,765.54,2024-10,,,03/2020,,,600.00,,765.54,October.pdf,12,11,7,pdfplumber-table3-v1
N22000180,SAKRI-NIRMALI AND JHANJHARPUR- LAUKAHABAZAR AND SAHARSA-FORBESGANJ (GC),ECR,,RAILWAYS,BIHAR,,,,,,372.14,,2538.48,2024-10,,,N.A.,,,372.14,,"2,538.48",October.pdf,12,12,8,pdfplumber-table3-v1
N22000195,AGARTALA-AKHAURA NL,NFR,,RAILWAYS,TRIPURA,,,2020-03,,,569.63,,380.92,2024-10,,,03/2020,,,569.63,,380.92,October.pdf,12,13,9,pdfplumber-table3-v1
N22000079,MAYLADUTHURAI-THIRUVARUR-KARAIKUDI-THIRU 'PONDI'-AGASTIYAMPALLI,SR,,RAILWAYS,TAMIL NADU,,,2019-02,,,724.69,,1931.12,2024-10,,,02/2019,,,724.69,,"1,931.12",October.pdf,13,1,10,pdfplumber-table3-v1
N22000549,KALOL-KADI-KATOSAN ROAD (37.23 KM),WR,,RAILWAYS,GUJARAT,,,2027-06,,,279.23,,397.87,2024-10,,,06/2027,,,279.23,,397.87,October.pdf,13,2,11,pdfplumber-table3-v1
N22000552,POWARKHEDA - JUJHARPUR - SINGLE LINE FLYOVER IN UP DIRECTION (15.89 KM),WCR,,RAILWAYS,MADHYA PRADESH,,,2024-03,,,199.63,,150.0,2024-10,,,03/2024,,,199.63,,150.00,October.pdf,13,3,12,pdfplumber-table3-v1
N22000567,Chinnasalem-Kallakurichi New Line (MM of cuddalore- Salem 191 KM),SR,,RAILWAYS,TAMIL NADU,,,2025-03,,,417.5,,184.32,2024-10,,,03/2025,,,417.50,,184.32,October.pdf,13,4,13,pdfplumber-table3-v1
N22000578,BARABANKI AKBARPUR DOUBLING,NR,,RAILWAYS,UTTAR PRADESH,,,2025-03,,,1200.0,,1650.0,2024-10,,,03/2025,,,"1,200.00",,"1,650.00",October.pdf,13,5,14,pdfplumber-table3-v1
N22000582,JAUNPUR AKBARPUR (TANDA) DOUBLING,NR,,RAILWAYS,UTTAR PRADESH,,,2025-03,,,515.5,,670.0,2024-10,,,03/2025,,,515.50,,670.00,October.pdf,13,6,15,pdfplumber-table3-v1
N22000597,RAJPURA-BHATINDA (172.64 KM),MEGA,,RAILWAYS,PUNJAB,,,2024-03,,,1775.73,,1750.0,2024-10,,,03/2024,,,"1,775.73",,"1,750.00",October.pdf,13,7,16,pdfplumber-table3-v1
N22000623,NATHDWARA-NEW NATHDWARA NEW LINE ( MM OF AJMER-CHITTAURGARH-UDAIPUR),WR,,RAILWAYS,GUJARAT,,,2025-06,,,166.33,,55.81,2024-10,,,06/2025,,,166.33,,55.81,October.pdf,13,8,17,pdfplumber-table3-v1
N22000415,KATNI-BINA 3RD LINE (263 KM),WCR,,RAILWAYS,MADHYA PRADESH,,,2022-03,,,2478.23,,1279.35,2024-10,,,03/2022,,,"2,478.23",,"1,279.35",October.pdf,13,9,18,pdfplumber-table3-v1
N22000432,MANMAD-PARBHANI-NANDED-SECUNDERABAD- GADWAL-DHONE- GUNTAKAL - TRAIN COLLISION AVOIDANCE SYSTEM (958 K,SCR,,RAILWAYS,TELANGANA,,,2022-03,,,119.73,,54.15,2024-10,,,03/2022,,,119.73,,54.15,October.pdf,13,10,19,pdfplumber-table3-v1
N24000854,4-LANING OF LOHA - WARANGA SECTION OF NH- 361 FROM KM. 187.800 TO KM. 244.369 (DESIGN LENGTH 56.569 K,NHAI,,ROAD TRANSPORT AND HIGHWAYS,JHARKHAND,,,2021-03,,,1005.08,,699.05,2024-10,,,03/2021,,,"1,005.08",,699.05,October.pdf,14,2,20,pdfplumber-table3-v1
N24000903,IMPROVEMENT/WIDENING TO 2-LANE WITH EARTHEN SHOULDERS FROM RANIKOR TO NONGJRI EXISTING CHAINAGE FROM,NHIDCL,,ROAD TRANSPORT AND HIGHWAYS,MEGHALAYA,,,2022-03,,,306.28,,233.49,2024-10,,,03/2022,,,306.28,,233.49,October.pdf,14,3,21,pdfplumber-table3-v1
N24000928,FOUR LANING OF 5.122 KM OF NH9(NEW NH 65) FROM KM 269.900(DESIGN CH0.0) TO KM 275/622(DESIGN CH 5.12,MoRTH,,ROAD TRANSPORT AND HIGHWAYS,ANDHRA PRADESH,,,2015-12,,,333.21,,342.71,2024-10,,,12/2015,,,333.21,,342.71,October.pdf,14,4,22,pdfplumber-table3-v1
N24000929,REHABILITATION AND UPGRADATION OF NH219(NEW NH42) FROM KM 244.930 TO 299.775 (MADANAPALLI PUNGANURU,MoRTH,,ROAD TRANSPORT AND HIGHWAYS,ANDHRA PRADESH,,,2017-02,,,372.68,,274.76,2024-10,,,02/2017,,,372.68,,274.76,October.pdf,14,5,23,pdfplumber-table3-v1
N24000932,REHABILITATION AND UPGRADATION OF NH-340 FROM KM 0/0 TO KM 60/380 (DESIGN CH. 0/000 TO 60/025 EXCLUD,MoRTH,,ROAD TRANSPORT AND HIGHWAYS,ANDHRA PRADESH,,,2017-08,,,319.28,,245.55,2024-10,,,08/2017,,,319.28,,245.55,October.pdf,14,6,24,pdfplumber-table3-v1
N24000963,REHABILITATION AND UPGRADATION OF NH565 FROM EXISTING KM 361.330(DORNALA T JUNCTION) TO KM 420.800(P,MoRTH,,ROAD TRANSPORT AND HIGHWAYS,ANDHRA PRADESH,,,2018-08,,,418.03,,370.55,2024-10,,,08/2018,,,418.03,,370.55,October.pdf,14,7,25,pdfplumber-table3-v1
N24001026,WAKAN PALI KHOPOLI,MoRTH,,ROAD TRANSPORT AND HIGHWAYS,MAHARASHTRA,,,2019-05,,,376.19,,118.74,2024-10,,,05/2019,,,376.19,,118.74,October.pdf,14,8,26,pdfplumber-table3-v1
N24001029,AHMADPUR TO PIMPLA,MoRTH,,ROAD TRANSPORT AND HIGHWAYS,MAHARASHTRA,,,2019-08,,,422.38,,269.59,2024-10,,,08/2019,,,422.38,,269.59,October.pdf,14,9,27,pdfplumber-table3-v1
N24001030,PIMPLA TO MANJARSUMBHA,MoRTH,,ROAD TRANSPORT AND HIGHWAYS,MAHARASHTRA,,,2019-08,,,595.77,,357.73,2024-10,,,08/2019,,,595.77,,357.73,October.pdf,15,1,28,pdfplumber-table3-v1
N24001035,MANSAR TO SALAIKHURD,MoRTH,,ROAD TRANSPORT AND HIGHWAYS,MAHARASHTRA,,,2019-12,,,418.36,,263.13,2024-10,,,12/2019,,,418.36,,263.13,October.pdf,15,2,29,pdfplumber-table3-v1
N24001040,JAHIRABAD TO LATUR,MoRTH,,ROAD TRANSPORT AND HIGHWAYS,MAHARASHTRA,,,2019-11,,,461.96,,329.59,2024-10,,,11/2019,,,461.96,,329.59,October.pdf,15,3,30,pdfplumber-table3-v1
N24001041,SHIROD SHAHPURER TO NANDED,MoRTH,,ROAD TRANSPORT AND HIGHWAYS,MAHARASHTRA,,,2019-07,,,211.34,,136.33,2024-10,,,07/2019,,,211.34,,136.33,October.pdf,15,4,31,pdfplumber-table3-v1
N24001042,SALAIKHURD TO TIRORA,MoRTH,,ROAD TRANSPORT AND HIGHWAYS,MAHARASHTRA,,,2019-12,,,415.25,,274.02,2024-10,,,12/2019,,,415.25,,274.02,October.pdf,15,5,32,pdfplumber-table3-v1
N24001043,NILAJPHATA TO BHANDARA,MoRTH,,ROAD TRANSPORT AND HIGHWAYS,MAHARASHTRA,,,2020-05,,,420.63,,219.4,2024-10,,,05/2020,,,420.63,,219.40,October.pdf,15,6,33,pdfplumber-table3-v1
N24001048,MEHKAR TO AJISPUR,MoRTH,,ROAD TRANSPORT AND HIGHWAYS,MAHARASHTRA,,,2019-07,,,232.77,,151.6,2024-10,,,07/2019,,,232.77,,151.60,October.pdf,15,7,34,pdfplumber-table3-v1
N24001061,CHIKALI TO DHAD,MoRTH,,ROAD TRANSPORT AND HIGHWAYS,MAHARASHTRA,,,2019-12,,,189.46,,133.07,2024-10,,,12/2019,,,189.46,,133.07,October.pdf,15,8,35,pdfplumber-table3-v1
N24001062,DHAD BHOKARDAN TO BHOKARDHAN SILLOD,MoRTH,,ROAD TRANSPORT AND HIGHWAYS,MAHARASHTRA,,,2019-12,,,336.21,,236.11,2024-10,,,12/2019,,,336.21,,236.11,October.pdf,15,9,36,pdfplumber-table3-v1
N24001065,PARBHANI TO GANGKHED,MoRTH,,ROAD TRANSPORT AND HIGHWAYS,MAHARASHTRA,,,2019-12,,,238.19,,194.54,2024-10,,,12/2019,,,238.19,,194.54,October.pdf,15,10,37,pdfplumber-table3-v1
N24001073,KOTHARI TO DHANORA,MoRTH,,ROAD TRANSPORT AND HIGHWAYS,MAHARASHTRA,,,2020-08,,,301.38,,240.32,2024-10,,,08/2020,,,301.38,,240.32,October.pdf,15,11,38,pdfplumber-table3-v1
N24001075,OSMANNAGAR TO KUNDRAL,MoRTH,,ROAD TRANSPORT AND HIGHWAYS,MAHARASHTRA,,,2020-08,,,344.25,,194.72,2024-10,,,08/2020,,,344.25,,194.72,October.pdf,15,12,39,pdfplumber-table3-v1
N24001105,CHIMUR TO WARORA,MoRTH,,ROAD TRANSPORT AND HIGHWAYS,MAHARASHTRA,,,2019-03,,,467.7,,235.04,2024-10,,,03/2019,,,467.70,,235.04,October.pdf,16,1,40,pdfplumber-table3-v1
N24001113,BARASGAON TO RAHATEE,MoRTH,,ROAD TRANSPORT AND HIGHWAYS,MAHARASHTRA,,,2018-09,,,289.11,,232.56,2024-10,,,09/2018,,,289.11,,232.56,October.pdf,16,2,41,pdfplumber-table3-v1
N24001126,FARDAPUR TO JALGAON,MoRTH,,ROAD TRANSPORT AND HIGHWAYS,MAHARASHTRA,,,2019-06,,,456.45,,427.43,2024-10,,,06/2019,,,456.45,,427.43,October.pdf,16,3,42,pdfplumber-table3-v1
N24001150,WARDHA TO ARVI,MoRTH,,ROAD TRANSPORT AND HIGHWAYS,MAHARASHTRA,,,2020-04,,,313.58,,230.41,2024-10,,,04/2020,,,313.58,,230.41,October.pdf,16,4,43,pdfplumber-table3-v1
N24001280,2 LANING OF KOHIMA - JESSAMI SECTION (PACKAGE I),NHIDCL,,ROAD TRANSPORT AND HIGHWAYS,NAGALAND,,,2022-06,,,320.97,,182.21,2024-10,,,06/2022,,,320.97,,182.21,October.pdf,16,5,44,pdfplumber-table3-v1
N24001284,2 LANING OF KOHIMA - JESSAMI SECTION (PACKAGE III),NHIDCL,,ROAD TRANSPORT AND HIGHWAYS,NAGALAND,,,2022-06,,,361.53,,200.22,2024-10,,,06/2022,,,361.53,,200.22,October.pdf,16,6,45,pdfplumber-table3-v1
N24001357,DULTE- KWALKULH - CHAMPAI PKG.3,NHIDCL,,ROAD TRANSPORT AND HIGHWAYS,MIZORAM,,,2023-06,,,674.71,,589.25,2024-10,,,06/2023,,,674.71,,589.25,October.pdf,16,7,46,pdfplumber-table3-v1
N24001392,JORAM ? KOLORIANG ROAD FROM EXISTING KM104.850 TO KM 122.60 (PKG-6),NHIDCL,,ROAD TRANSPORT AND HIGHWAYS,ARUNACHAL PRADESH,,,2022-04,,,199.03,,102.85,2024-10,,,04/2022,,,199.03,,102.85,October.pdf,16,8,47,pdfplumber-table3-v1
N24001414,DELHI-AMRITSAR-KATRA EXPRESSWAY (PHASE-I PKG-VI) FROM JUNCTION WITH PATIALA-SAMANA- PATRAN ROAD (SH-1,NHAI,,ROAD TRANSPORT AND HIGHWAYS,PUNJAB,,,2024-01,,,733.0,,868.44,2024-10,,,01/2024,,,733.00,,868.44,October.pdf,16,9,48,pdfplumber-table3-v1
N24001458,MOPA AIRPORT,MoRTH,,ROAD TRANSPORT AND HIGHWAYS,GOA,,,2022-04,,,1183.16,,1106.3,2024-10,,,04/2022,,,"1,183.16",,"1,106.30",October.pdf,16,10,49,pdfplumber-table3-v1
N24001881,REHABLITATION AND UPGRADATION OF AMBOLI JUNCTION (DESIGN CH. 71+530) TO AJARA (DESIGN CH.100+835) SE,MoRTH,,ROAD TRANSPORT AND HIGHWAYS,MAHARASHTRA,,,2024-11,,,574.0,,574.0,2024-10,,,11/2024,,,574.00,,574.00,October.pdf,17,1,50,pdfplumber-table3-v1
N24001893,SHEWALI (SAKRI) - NANDURBAR,MoRTH,,ROAD TRANSPORT AND HIGHWAYS,MAHARASHTRA,,,2024-04,,,232.59,,97.7,2024-10,,,04/2024,,,232.59,,97.70,October.pdf,17,2,51,pdfplumber-table3-v1
N24001784,CONSTRUCTION OF EIGHT LANE EXPRESSWAY STARTING AT CH. 47+000 NEAR KHANPUR GHATI AND ENDS AT HARYANA,NHAI,,ROAD TRANSPORT AND HIGHWAYS,HARYANA,,,2021-09,,,1935.61,,856.41,2024-10,,,09/2021,,,"1,935.61",,856.41,October.pdf,17,3,52,pdfplumber-table3-v1
N24000444,CONSTRUCTION OF BRIDGE INCLUDING APPROACHES ACROSS RIVER ZUARI ON NH-17 (NH- 66) ON PANJIM-MANGALORE,MoRTH,,ROAD TRANSPORT AND HIGHWAYS,GOA,,,,,,936.4,,770.9,2024-10,,,N.A.,,,936.40,,770.90,October.pdf,17,4,53,pdfplumber-table3-v1
N24000516,WIDENING TO 4/6/8 LANES OF EXISTING NH-17 FROM KM 522/615 (NEAR GMC) TO KM 530/850 JOINING NEW ZUIAR,MoRTH,,ROAD TRANSPORT AND HIGHWAYS,GOA,,,,,,819.95,,504.65,2024-10,,,N.A.,,,819.95,,504.65,October.pdf,17,5,54,pdfplumber-table3-v1
N24000282,REHABILITATION AND UPGRADATION OF EXISTING NH-565 FROM KM.86.057 TO 133.922 OF NAGARJUNASAGAR DAM T,MoRTH,,ROAD TRANSPORT AND HIGHWAYS,ANDHRA PRADESH,,,2014-11,,,195.45,,294.47,2024-10,,,11/2014,,,195.45,,294.47,October.pdf,17,6,55,pdfplumber-table3-v1
N24001514,"FOUR LANING OF EXISTING 2 LANE SECTION FROM MALOUT (DESIGN KM 44.500, EXISTING KM 80.200 OF NH-07) V",NHAI,,ROAD TRANSPORT AND HIGHWAYS,PUNJAB,,,2024-01,,,1060.29,,975.55,2024-10,,,01/2024,,,"1,060.29",,975.55,October.pdf,17,7,56,pdfplumber-table3-v1
N24001549,SHRIRAMPUR (KM. 0.000) TO KOCHUGAON (KM. 30.000) OF BIJNI TO ASSAM./WEST BENGAL BORDER SECTION OF NH,NHAI,,ROAD TRANSPORT AND HIGHWAYS,ASSAM,,,2020-04,,,442.23,,647.3,2024-10,,,04/2020,,,442.23,,647.30,October.pdf,17,8,57,pdfplumber-table3-v1
N24001645,4L OF MALOUT-MANDI DABWALI SECTION PKG-01 DANEWALA AT KM 7.000 TO MANDI DABWALI AT KM 29.500 OF NH-0,NHAI,,ROAD TRANSPORT AND HIGHWAYS,PUNJAB,,,2023-06,,,366.85,,276.34,2024-10,,,06/2023,,,366.85,,276.34,October.pdf,18,1,58,pdfplumber-table3-v1
N24001672,SIX LANNING OF MANDI DABWALI (PUNJAB/HARYANA BORDER)- CHAUTALA ROAD SECTION FROM PROPOSED MANDI DABW,NHAI,,ROAD TRANSPORT AND HIGHWAYS,HARYANA,,,2024-01,,,864.27,,787.78,2024-10,,,01/2024,,,864.27,,787.78,October.pdf,18,2,59,pdfplumber-table3-v1
N24001685,CONSTRUCTION OF 4 LANE BANGALORE -CHENNAI EXPRESSWAY FROM KM 53.500 TO KM 71.000 SECTION OF NE-7 (BA,NHAI,,ROAD TRANSPORT AND HIGHWAYS,KARNATAKA,,,2024-01,,,1069.0,,840.4,2024-10,,,01/2024,,,"1,069.00",,840.40,October.pdf,18,3,60,pdfplumber-table3-v1
N24001688,CONSTRUCTION OF 4 LANE BANGALORE-CHENNAI EXPRESSWAY FROM KM 0.000 TO KM 26.400 NE- 7(ALONG WITH 0.700,NHAI,,ROAD TRANSPORT AND HIGHWAYS,KARNATAKA,,,2023-09,,,3184.0,,1165.0,2024-10,,,09/2023,,,"3,184.00",,"1,165.00",October.pdf,18,4,61,pdfplumber-table3-v1
N24001689,CONSTRUCTION OF 4 LANE BANGALORE - CHENNAI EXPRESSWAY FROM KM 26.400 TO KM 53.500 SECTION OF NE-7 (M,NHAI,,ROAD TRANSPORT AND HIGHWAYS,KARNATAKA,,,2023-09,,,1745.0,,1252.9,2024-10,,,09/2023,,,"1,745.00",,"1,252.90",October.pdf,18,5,62,pdfplumber-table3-v1
N16000253,ENNORE THIRUVALLUR BENGALURU PUDUCHERRY NAGAPATTINAM MADURAITUTICORIN GAS PIPELINE,IOCL,,PETROLEUM,TAMIL NADU,,,,,,4497.0,,5519.37,2024-11,,,12/1/2018,,,"4,497.00",,"5,519.37",November.pdf,12,2,1,pdfplumber-table3-v1
N24000827,FOUR LANING OF MADURAI- CHETTIKULAM SECTION OF NH-785 FROM MADURAI (KM 0/000) TO CHETTICULAM (7/300),NHAI,,ROAD TRANSPORT AND HIGHWAYS,TAMIL NADU,,,,,,628.71,,757.81,2024-11,,,11/1/2020,,,628.71,,757.81,November.pdf,12,4,2,pdfplumber-table3-v1
N24001597,BALANCE WORK OF RANCHI-MAHULIA SECTION OF NH- 33 FROM KM 113.730 (VIKAS) TO KM 140.000 (RAMPUR) (PKG-,NHAI,,ROAD TRANSPORT AND HIGHWAYS,JHARKHAND,,,,,,466.55,,0.0,2024-11,,,12/1/2020,,,466.55,,0.00,November.pdf,12,5,3,pdfplumber-table3-v1
N24001706,4 LANING OF GALGALIA - BAHADURGANJ SECTION FROM KM 0.000 TO KM 49.000 (PACKAGE-I) OF NH-327E.,NHAI,,ROAD TRANSPORT AND HIGHWAYS,BIHAR,,,,,,1097.18,,518.04,2024-11,,,1/1/2024,,,"1,097.18",,518.04,November.pdf,12,6,4,pdfplumber-table3-v1
N24001707,4 LANING OF BAHADURGANJ ARARIA SECTION FROM KM 49.000 TO KM 94.000 (PACKAGE-II) OF NH-327E,NHAI,,ROAD TRANSPORT AND HIGHWAYS,BIHAR,,,,,,1143.46,,551.35,2024-11,,,1/1/2024,,,"1,143.46",,551.35,November.pdf,12,7,5,pdfplumber-table3-v1
N24001710,4 LANING FROM KM. 34.600 TO KM. 79.970 and 2LPS FROM KM. 79.970 TO KM. 82.000 OF NARENPUR - PURNEA S,NHAI,,ROAD TRANSPORT AND HIGHWAYS,BIHAR,,,,,,2334.68,,916.0,2024-11,,,3/1/2023,,,"2,334.68",,916.00,November.pdf,12,8,6,pdfplumber-table3-v1
N24001752,FOUR LANING OF BAL. WORKS OF BARASAT- KRISHNAGAR FROM KM.48.553 TO KM.115.272,NHAI,,ROAD TRANSPORT AND HIGHWAYS,WEST BENGAL,,,,,,2375.87,,2701.38,2024-11,,,2/1/2023,,,"2,375.87",,"2,701.38",November.pdf,12,9,7,pdfplumber-table3-v1
N24001769,DHANGAON - BORGAON SECTION (KM 81.000 TO KM 139.000) [INDORE - EDLABAD PKG IV],NHAI,,ROAD TRANSPORT AND HIGHWAYS,MADHYA PRADESH,,,,,,831.0,,1185.04,2024-11,,,8/1/2023,,,831.00,,"1,185.04",November.pdf,13,1,8,pdfplumber-table3-v1
N24001995,4L OF DUDHADHARI ELEVATED FLYOVER (MUZAFFARNAGAR ?HARIDWAR SECTION) FROM KM 356.450 TO KM 353.800 OF,NHAI,,ROAD TRANSPORT AND HIGHWAYS,UTTARAKHAND,,,,,,154.52,,158.26,2024-11,,,11/1/2023,,,154.52,,158.26,November.pdf,13,2,9,pdfplumber-table3-v1
N24002047,6L ACCESS CONTROLLED HIGHWAY FROM JN WITH JAITPUR PUSHTA ROAD TO JN WITH SECTOR 62/65 DIVIDING ROAD,NHAI,,ROAD TRANSPORT AND HIGHWAYS,HARYANA,,,,,,1328.07,,1087.16,2024-11,,,8/1/2023,,,"1,328.07",,"1,087.16",November.pdf,13,3,10,pdfplumber-table3-v1
N24000422,REHABILITATION AND UPGRADATION OF NH-42 FROM KM 4-350 TO KM 75-600,MoRTH,,ROAD TRANSPORT AND HIGHWAYS,ANDHRA PRADESH,,,,,,309.01,,274.36,2024-11,,,9/1/2015,,,309.01,,274.36,November.pdf,13,4,11,pdfplumber-table3-v1
N24000622,TWO/FOUR LANNING OF BRT TIGER RESERVE BOUNDARY TO BANGALORE SECTION OF NH- 209(EXISTING CHAINAGE FROM,NHAI,,ROAD TRANSPORT AND HIGHWAYS,KARNATAKA,,,,,,950.69,,1844.43,2024-11,,,8/1/2019,,,950.69,,"1,844.43",November.pdf,13,5,12,pdfplumber-table3-v1
N06000157,DURGAPUR EXTENSION (DEEP) OC (3.0 MTY),WCL,,COAL,MULTI STATE,,,2021-03,,,,,378.87,2024-12,,,03/2021,,,3 2 8 . 0 0,,378.87,December.pdf,11,2,1,pdfplumber-table3-v1
N06000180,BELLORA-NAIGAON DEEP OC,WCL,,COAL,MAHARASHTRA,,,2021-03,,,,,222.51,2024-12,,,03/2021,,,2 5 2 . 7 1,,222.51,December.pdf,11,3,2,pdfplumber-table3-v1
N16000403,"CONSTRUCTION OF CAPTIVE POL LPG JETTY AT KAMARAJAR PORT, CHENNAI",IOCL,,PETROLEUM,TAMIL NADU,,,2023-09,,,921.0,,777.15,2024-12,,,09/2023,,,921.00,,777.15,December.pdf,11,5,3,pdfplumber-table3-v1
N16000433,"GAS ASSISTED GRAVITY DRAINAGE SCHEME, KASOMARIGAON",ONGC,,PETROLEUM,ASSAM,,,2023-02,,,218.38,,218.0,2024-12,,,02/2023,,,218.38,,218.00,December.pdf,11,6,4,pdfplumber-table3-v1
N18000306,TRANSMISSION SYSTEM STRENGTHENING SCHEME FOR EVACUATION OF POWER FROM SOLAR ENERGY ZONES IN RAJASTHA,PGCIL,,POWER,RAJASTHAN,,,2022-12,,,1562.0,,1324.25,2024-12,,,12/2022,,,"1,562.00",,"1,324.25",December.pdf,11,8,5,pdfplumber-table3-v1
N18000307,TRANSMISSION SYSTEM STRENGTHENING SCHEME FOR EVACUATION OF POWER FROM SOLAR ENERGY ZONES IN RAJASTHA,PGCIL,,POWER,RAJASTHAN,,,2022-12,,,1006.0,,884.11,2024-12,,,12/2022,,,"1,006.00",,884.11,December.pdf,11,9,6,pdfplumber-table3-v1
N18000316,NORTH EASTERN REGION STRENGTHENING SCHEME-XII,PGCIL,,POWER,MULTI STATE,,,2023-03,,,,,419.96,2024-12,,,03/2023,,,5 7 6 . 4 2,,419.96,December.pdf,11,10,7,pdfplumber-table3-v1
N18000323,KALPI SOLAR POWER PROJECT,NHPC,,POWER,UTTAR PRADESH,,,2022-03,,,,,331.25,2024-12,,,03/2022,,,3 1 4 . 6 4,,331.25,December.pdf,11,11,8,pdfplumber-table3-v1
N18000184,ESTABLISHMENT OF FIBER OPTIC COMMUNICATION SYSTEM IN NR UNDER FIBER OPTIC EXPANSION PROJECT (ADDITIO,PGCIL,,POWER,MULTI STATE,,,2018-03,,,197.4,,162.89,2024-12,,,03/2018,,,197.40,,162.89,December.pdf,12,1,9,pdfplumber-table3-v1
N24000551,4-LANNING OF VARANASI GORAKHPUR SECTION OF NH- 29 FROM 148.00 208.300 KM [PACKAGE-IV],NHAI,,ROAD TRANSPORT AND HIGHWAYS,UTTAR PRADESH,,,2019-04,,,1587.49,,3379.63,2024-12,,,04/2019,,,"1,587.49",,"3,379.63",December.pdf,12,3,10,pdfplumber-table3-v1
N24000558,NAGPUR RING ROAD PACKAGE-1,NHAI,,ROAD TRANSPORT AND HIGHWAYS,MAHARASHTRA,,,2019-07,,,,,528.35,2024-12,,,07/2019,,,5 4 6 . 0 0,,528.35,December.pdf,12,4,11,pdfplumber-table3-v1
N24000725,FOUR LANING OF BARHI - KODERMA SECTION OF NH - 31,NHAI,,ROAD TRANSPORT AND HIGHWAYS,JHARKHAND,,,2021-11,,,,,255.63,2024-12,,,11/2021,,,2 7 3 . 4 6,,255.63,December.pdf,12,5,12,pdfplumber-table3-v1
N24000902,FOUR LANING OF BALACHERA-HARANGAJAO SECTION OF NH-54 (EXT) FROM KM 275.00 TO KM 244.000 IN THE STATE,NHIDCL,,ROAD TRANSPORT AND HIGHWAYS,ASSAM,,,2020-06,,,818.0,,874.3,2024-12,,,06/2020,,,818.00,,874.30,December.pdf,12,6,13,pdfplumber-table3-v1
N24001253,"CONSTRUCTION, OPERATION AND MAINTENANCE OF Z- MORH TUNNEL INCLUDING APPROACHES ON NH-01 SRINAGAR-SONA",NHIDCL,,ROAD TRANSPORT AND HIGHWAYS,JAMMU AND KASHMIR,,,2023-12,,,2680.42,,0.0,2024-12,,,12/2023,,,"2,680.42",,0.00,December.pdf,12,7,14,pdfplumber-table3-v1
N24001318,2-LANING OF KHOWAI -AGARTALA SECTION FROM DESIGN KM 31.300 TO KM 45.300 OF NH-208A PKG-3,NHIDCL,,ROAD TRANSPORT AND HIGHWAYS,TRIPURA,,,2022-04,,,173.17,,93.35,2024-12,,,04/2022,,,173.17,,93.35,December.pdf,12,8,15,pdfplumber-table3-v1
N24001399,IMPHAL ? MOREH (PACKAGE 4),NHIDCL,,ROAD TRANSPORT AND HIGHWAYS,MANIPUR,,,2023-01,,,,,146.35,2024-12,,,01/2023,,,2 7 7 . 9 9,,146.35,December.pdf,12,9,16,pdfplumber-table3-v1
N24001452,DIBRUGARH-LAHOAL-CHABUA BYPASS PACKAGE-2,NHIDCL,,ROAD TRANSPORT AND HIGHWAYS,ASSAM,,,2024-07,,,,,125.71,2024-12,,,07/2024,,,1 7 0 . 9 5,,125.71,December.pdf,12,10,17,pdfplumber-table3-v1
N28000136,DELHI METRO RAIL EXTENSION FROM NAJAFGARH TO DHANSA BUS STAND,DMRC,,ROAD TRANSPORT AND HIGHWAYS,DELHI,,,2020-12,,,565.0,,522.33,2024-12,,,12/2020,,,565.00,,522.33,December.pdf,13,1,18,pdfplumber-table3-v1
N28000081,KOCHI METRO RAIL PROJECT,KMRCL,,ROAD TRANSPORT AND HIGHWAYS,KERALA,,,2017-07,,,,,6059.17,2024-12,,,07/2017,,,"5 , 1 8 1 . 79",,"6,059.17",December.pdf,13,2,19,pdfplumber-table3-v1
N28000084,CHENNAI METRO RAIL LTD (PHASE 1),CMRL,,ROAD TRANSPORT AND HIGHWAYS,TAMIL NADU,,,2015-12,,,,,17619.68,2024-12,,,12/2015,,,"1 4 , 6 0 0 . 0 0",,"17,619.68",December.pdf,13,3,20,pdfplumber-table3-v1
N28000097,CHENNAI METRO RAIL LTD (PHASE 1 EXT),CMRL,,ROAD TRANSPORT AND HIGHWAYS,TAMIL NADU,,,2018-03,,,,,2527.73,2024-12,,,03/2018,,,"3 , 7 7 0 . 0 0",,"2,527.73",December.pdf,13,4,21,pdfplumber-table3-v1
N30000001,PROTECTION OF MAJULI ISLAND FROM FLOOD AND EROSION OF RIVER BRAHMAPUTRA,BPB,,WATER RESOURCES,MAHARASHTRA,,,2019-12,,,233.57,,217.42,2024-12,,,12/2019,,,233.57,,217.42,December.pdf,13,6,22,pdfplumber-table3-v1
N12000103,"CONSTRUCTION OF INTERNATIONAL CENTRE FOR PERFORMING ARTS AND CULTURE,SHILONG IN MEGALAYA UNDER NLCPR",HSCL FOR DONER,,DONER,MEGHALAYA,,,2017-09,,,151.33,,148.33,2025-01,,,09/2017,,,151.33,,148.33,FRJanuary2025.pdf,11,2,1,pdfplumber-table3-v1
N16000362,Fuel Quality Upgradation Project at Paradip Refinery,IOCL,,PETROLEUM,ODISHA,,,2021-08,,,,,2727.6,2025-01,,,08/2021,,,"3 , 3 6 1 . 0 0",,"2,727.60",FRJanuary2025.pdf,11,4,2,pdfplumber-table3-v1
N16000368,INSTALLATION OF STANDBY SRU TRAIN OF 525 TPD ALONGWITH INCINERATOR AT PARADIP REFINERY,IOCL,,PETROLEUM,ODISHA,,,2022-09,,,427.1,,312.13,2025-01,,,09/2022,,,427.10,,312.13,FRJanuary2025.pdf,11,5,3,pdfplumber-table3-v1
N16000489,"CGD PROJECT AT JHUNJHUNU, SIKAR AND NAGAUR DISTRICTS",IOCL,,PETROLEUM,RAJASTHAN,,,2030-03,,,575.0,,124.37,2025-01,,,03/2030,,,575.00,,124.37,FRJanuary2025.pdf,11,6,4,pdfplumber-table3-v1
N16000490,"CGD PROJECT AT MADURAI, THENI AND VIRUDHNAGAR DISTRICTS",IOCL,,PETROLEUM,TAMIL NADU,,,2030-03,,,1328.0,,149.21,2025-01,,,03/2030,,,"1,328.00",,149.21,FRJanuary2025.pdf,11,7,5,pdfplumber-table3-v1
N16000492,"CGD PROJECT AT KANYAKUMARI, TUTICORIN, TIRUNVELI KATTABO AND TENKASI DISTRICTS",IOCL,,PETROLEUM,TAMIL NADU,,,2030-03,,,1295.0,,145.61,2025-01,,,03/2030,,,"1,295.00",,145.61,FRJanuary2025.pdf,11,8,6,pdfplumber-table3-v1
N16000405,"SETTING UP LUBE COMPLEX AT VILLAGES AMULLAVOYAL AND VAIKKADU, CHENNAI AS RESITEMENT OF EXISTING FACI",IOCL,,PETROLEUM,TAMIL NADU,,,2023-12,,,1398.0,,1303.66,2025-01,,,12/2023,,,"1,398.00",,"1,303.66",FRJanuary2025.pdf,11,9,7,pdfplumber-table3-v1
N18000292,ANTA SOLAR 90 MW,NTPC,,POWER,RAJASTHAN,,,2022-03,,,382.22,,497.17,2025-01,,,03/2022,,,382.22,,497.17,FRJanuary2025.pdf,11,11,8,pdfplumber-table3-v1
N18000294,CHHATTARGARH 150 MW,NTPC,,POWER,RAJASTHAN,,,2022-07,,,,,599.99,2025-01,,,07/2022,,,5 9 9 .99,,599.99,FRJanuary2025.pdf,12,1,9,pdfplumber-table3-v1
N18000277,DURGAPUR PP-III (2X20 MW) - NSPCL,NTPC,,POWER,WEST BENGAL,,,2018-11,,,,,558.39,2025-01,,,11/2018,,,5 2 9 . 6 8,,558.39,FRJanuary2025.pdf,12,2,10,pdfplumber-table3-v1
N18000212,TELANGANA SUPER THERMAL POWER PROJECT PHASE I,NTPC,,POWER,TELANGANA,,,2020-11,,,10598.98,,10437.71,2025-01,,,11/2020,,,"10,598.98",,"10,437.71",FRJanuary2025.pdf,12,3,11,pdfplumber-table3-v1
N24000835,CONSTRUCTION OF 8 LANE DWARKA EXPRESSWAY (NH- 248BB PACKAGE IV FROM RAIL OVER BRIDGE (ROB) TILL END P,NHAI,,ROAD TRANSPORT AND HIGHWAYS,HARYANA,,,2020-12,,,1484.3,,1376.15,2025-01,,,12/2020,,,"1,484.30",,"1,376.15",FRJanuary2025.pdf,12,5,12,pdfplumber-table3-v1
N24000887,CONSTRUCTION OF TWINS 2-LANE ROB AND ITS APPROACHES IN REPLACEMENT OF EXISTING LEVEL CROSSING GATE N,MoRTH,,ROAD TRANSPORT AND HIGHWAYS,WEST BENGAL,,,2021-09,,,236.78,,232.54,2025-01,,,09/2021,,,236.78,,232.54,FRJanuary2025.pdf,12,6,13,pdfplumber-table3-v1
N24000892,2L+PS OF THIKRI ANJAD SECTION OF NH-347B,MoRTH,,ROAD TRANSPORT AND HIGHWAYS,MADHYA PRADESH,,,2018-07,,,,,221.19,2025-01,,,07/2018,,,2 4 9 . 0 5,,221.19,FRJanuary2025.pdf,12,7,14,pdfplumber-table3-v1
N24001185,SIX LANING OF CHAKERI TO ALLAHABAD SECTION OF NH-2 FROM KM 483.687 TO KM 628.753 (DESIGN LENGTH ? 14,NHAI,,ROAD TRANSPORT AND HIGHWAYS,UTTAR PRADESH,,,2021-07,,,2159.0,,3110.5,2025-01,,,07/2021,,,"2,159.00",,"3,110.50",FRJanuary2025.pdf,12,8,15,pdfplumber-table3-v1
N24001352,IMPHAL ? MOREH PACKAGE- 3,NHIDCL,,ROAD TRANSPORT AND HIGHWAYS,MANIPUR,,,2022-12,,,,,144.94,2025-01,,,12/2022,,,2 5 9 . 3 1,,144.94,FRJanuary2025.pdf,12,9,16,pdfplumber-table3-v1
N24001463,ALLAHGANJ TO MIRANPUR KATRA SECTION OF NH-730C FROM KM.52.770 TO 114.00,MoRTH,,ROAD TRANSPORT AND HIGHWAYS,UTTAR PRADESH,,,2024-07,,,294.84,,303.27,2025-01,,,07/2024,,,294.84,,303.27,FRJanuary2025.pdf,12,10,17,pdfplumber-table3-v1
N24001780,DWARKA EXPRESSWAY PKG-III (DELHI/HR BORDER TO START OF ROB GURUGRAM),NHAI,,ROAD TRANSPORT AND HIGHWAYS,HARYANA,,,2020-11,,,2228.0,,1628.6,2025-01,,,11/2020,,,"2,228.00",,"1,628.60",FRJanuary2025.pdf,13,1,18,pdfplumber-table3-v1
N24001933,MULAKALACHERUVU TO MADANAPALLE SECTION OF NH42 FROM KM 202.050 TO KM 245.640 EXCLUDING RETAINED STRE,MoRTH,,ROAD TRANSPORT AND HIGHWAYS,ANDHRA PRADESH,,,2024-12,,,480.1,,443.87,2025-01,,,12/2024,,,480.10,,443.87,FRJanuary2025.pdf,13,2,19,pdfplumber-table3-v1
N24001248,WIDENING/IMPROVEMENT TO 4-LANE WITH PAVED SHOULDER FROM CH.75.330KM TO CH.88.00KM (DESIGN CH.71.800,NHIDCL,,ROAD TRANSPORT AND HIGHWAYS,ASSAM,,,2022-04,,,208.84,,193.59,2025-01,,,04/2022,,,208.84,,193.59,FRJanuary2025.pdf,13,3,20,pdfplumber-table3-v1
N06000162,DUDHICHUA EXPANSION OCP (10 TO 20 MTPA),NCL,,COAL,MADHYA PRADESH,,,2022-03,,,1255.17,,1254.21,2025-02,,,03/2022,,,"1,255.17",,"1,254.21",FRFebruary2025.pdf,12,2,1,pdfplumber-table3-v1
N06000126,MADHUBAND NLW WASHERY,BCCL,,COAL,JHARKHAND,,,2014-05,,,289.45,,300.01,2025-02,,,05/2014,,,289.45,,300.01,FRFebruary2025.pdf,12,3,2,pdfplumber-table3-v1
N18000264,HVDC BIPOLE LINK BETWEEN WR AND SR -NORTH TRICHUR - SCHEME -II AC SYSTEM STRENGTHENING AT PUGALUR EN,PGCIL,,POWER,MULTI STATE,,,2020-02,,,1931.39,,1972.44,2025-02,,,02/2020,,,"1,931.39",,"1,972.44",FRFebruary2025.pdf,12,5,3,pdfplumber-table3-v1
N18000372,TRANSMISSION SYSTEM FOR EVACUATION OF POWER FROM RAJASTHAN REZ PHASE-IV PART-I (BIKANER COMPLEX) PAR,PGCIL,,POWER,RAJASTHAN,,,2025-01,,,202.39,,20.04,2025-02,,,01/2025,,,202.39,,20.04,FRFebruary2025.pdf,12,6,4,pdfplumber-table3-v1
N24000655,CONSTRUCTION OF NEW 4-LANE BRIDGE ACROSS VARSOVA CREEK AND ITS APPROACHES WITH INTERCHANGE IN THE ST,NHAI,,ROAD TRANSPORT AND HIGHWAYS,MAHARASHTRA,,,2020-03,,,247.02,,93.29,2025-02,,,03/2020,,,247.02,,93.29,FRFebruary2025.pdf,12,8,5,pdfplumber-table3-v1
N24001241,UP-GRADATION TO TWO LANING WITH PAVED SHOULDER OF AJMER-NAGAUR SECTION BY EXECUTING BALANCE WORK FRO,MoRTH,,ROAD TRANSPORT AND HIGHWAYS,RAJASTHAN,,,2022-10,,,255.23,,256.0,2025-02,,,10/2022,,,255.23,,256.00,FRFebruary2025.pdf,12,9,6,pdfplumber-table3-v1
N24001377,MOHOL TO WAKHARI PACKAGE1 SANT DNYANESHWAR MAHARAJ PALKHI MARG SECTION OF NH965,NHAI,,ROAD TRANSPORT AND HIGHWAYS,MAHARASHTRA,,,2022-01,,,731.89,,692.21,2025-02,,,01/2022,,,731.89,,692.21,FRFebruary2025.pdf,12,10,7,pdfplumber-table3-v1
N24001378,WAKHARI TO KHUDUS PACKAGE2 SANT DNYANESHWAR MAHARAJ PALKHI MARG SECTION OF NH965,NHAI,,ROAD TRANSPORT AND HIGHWAYS,MAHARASHTRA,,,2022-01,,,362.46,,352.01,2025-02,,,01/2022,,,362.46,,352.01,FRFebruary2025.pdf,12,11,8,pdfplumber-table3-v1
N24001379,KHUDUS TO DHARAMPURI PACKAGE 3 SANT DNYANESHWAR MAHARAJ PALKHI MARG SECTION OF NH965,NHAI,,ROAD TRANSPORT AND HIGHWAYS,MAHARASHTRA,,,2022-01,,,594.75,,585.2,2025-02,,,01/2022,,,594.75,,585.20,FRFebruary2025.pdf,13,1,9,pdfplumber-table3-v1
N24001432,"6L FLYOVER AT BORAGAON, GORCHUK, LOKHRA AND BASISTHA JUNCTION ON GUWAHATI BYPASS SECTION FROM KM 146",NHAI,,ROAD TRANSPORT AND HIGHWAYS,ASSAM,,,2024-08,,,300.0,,439.65,2025-02,,,08/2024,,,300.00,,439.65,FRFebruary2025.pdf,13,2,10,pdfplumber-table3-v1
N24001501,PATAS-VASUNDE PHATA - BARAMATI BYPASS,NHAI,,ROAD TRANSPORT AND HIGHWAYS,MAHARASHTRA,,,2023-09,,,,,520.71,2025-02,,,09/2023,,,5 3 1 . 8 6,,520.71,FRFebruary2025.pdf,13,3,11,pdfplumber-table3-v1
N24001561,DEOGARH (NEAR DHANDHANIYA)-RAJASTHAN/GUJARAT BORDER (PHASE-I) (AJ/DRGB-PACKAGE-8),NHAI,,ROAD TRANSPORT AND HIGHWAYS,RAJASTHAN,,,2023-10,,,839.63,,839.63,2025-02,,,10/2023,,,839.63,,839.63,FRFebruary2025.pdf,13,4,12,pdfplumber-table3-v1
N24001566,DELHI-VADODARA GREENFIELD ALIGNMENT (NH-148N) (PKG-11) (CH. 319.400 TO CH. 331.030) [HARDEOGANJ VILL,NHAI,,ROAD TRANSPORT AND HIGHWAYS,RAJASTHAN,,,2023-05,,,1640.1,,1248.59,2025-02,,,05/2023,,,"1,640.10",,"1,248.59",FRFebruary2025.pdf,13,5,13,pdfplumber-table3-v1
N24001569,DELHI-VADODARA GREENFIELD ALIGNMENT (NH-148N) (PKG-12) (CH. 331.030 TO CH. 359.170) [MAJOR BRIDGE ON,NHAI,,ROAD TRANSPORT AND HIGHWAYS,RAJASTHAN,,,2023-03,,,1425.02,,1420.03,2025-02,,,03/2023,,,"1,425.02",,"1,420.03",FRFebruary2025.pdf,13,6,14,pdfplumber-table3-v1
N24001571,DELHI-VADODARA GREENFIELD ALIGNMENT (NH-148N) (PKG-13) (CH. 359.170 TO CH. 388.420) [JUNCTION WITH S,NHAI,,ROAD TRANSPORT AND HIGHWAYS,RAJASTHAN,,,2023-12,,,1341.36,,1089.73,2025-02,,,12/2023,,,"1,341.36",,"1,089.73",FRFebruary2025.pdf,13,7,15,pdfplumber-table3-v1
N24001604,"REMAINING WORK OF 2L+PS OF TRICHY - KARAIKUDI SECTION OF NH-210, INCLUDING TRICHY BYPASS",NHAI,,ROAD TRANSPORT AND HIGHWAYS,TAMIL NADU,,,2021-03,,,166.9,,121.94,2025-02,,,03/2021,,,166.90,,121.94,FRFebruary2025.pdf,13,8,16,pdfplumber-table3-v1
N24001756,4L OF UJJAIN TO BADNAWAR FROM KM 26.900 TO KM 96.00 OF NH-752D,NHAI,,ROAD TRANSPORT AND HIGHWAYS,MADHYA PRADESH,,,2024-10,,,1352.56,,843.65,2025-02,,,10/2024,,,"1,352.56",,843.65,FRFebruary2025.pdf,14,1,17,pdfplumber-table3-v1
N24001758,4L OF SUHAGADI TO BARDIYA AMRA FROM KM. 89.200 TO KM. 135.351 OF NH-752D (PKG-III),NHAI,,ROAD TRANSPORT AND HIGHWAYS,MADHYA PRADESH,,,2024-10,,,823.05,,402.85,2025-02,,,10/2024,,,823.05,,402.85,FRFebruary2025.pdf,14,2,18,pdfplumber-table3-v1
N24001761,4L OF HARDA - BETUL (PKG-II) FROM KM. 30.00 TO KM.81.00 [TEMAGAON TO CHICHOLI],NHAI,,ROAD TRANSPORT AND HIGHWAYS,MADHYA PRADESH,,,2025-02,,,520.28,,392.86,2025-02,,,02/2025,,,520.28,,392.86,FRFebruary2025.pdf,14,3,19,pdfplumber-table3-v1
N24001778,DEVELOPMENT OF 4L UER II [PACKAGE - V] (SPUR TO BAHADURGARH BYPASS) (NH-10) FROM KM. 0.00 TO KM.7.30,NHAI,,ROAD TRANSPORT AND HIGHWAYS,DELHI,,,2023-10,,,801.46,,473.76,2025-02,,,10/2023,,,801.46,,473.76,FRFebruary2025.pdf,14,4,20,pdfplumber-table3-v1
N24000885,CONSTRUCTION OF ROB AND ITS APPROACHES IN LIEU OF UNMANNED LEVEL CROSSING AT KM 303.9 ON NH-60 (PAND,MoRTH,,ROAD TRANSPORT AND HIGHWAYS,WEST BENGAL,,,2023-09,,,160.27,,174.36,2025-02,,,09/2023,,,160.27,,174.36,FRFebruary2025.pdf,14,5,21,pdfplumber-table3-v1
N30000004,INTERCEPTION AND DIVERSION WITH STP AT RISHIKESH,UKJalNigam,,WATER RESOURCES,UTTARAKHAND,,,2019-11,,,,,107.86,2025-02,,,11/2019,,,1 5 8 . 0 0,,107.86,FRFebruary2025.pdf,14,7,22,pdfplumber-table3-v1
N30000006,"INTERCEPTION, DIVERSION AND TREATMENT WORKS FOR NAINI DISTRICT G PHAPHAMAU DISTRICT F AND JHUSI AREA",UPJalNigam,,WATER RESOURCES,UTTAR PRADESH,,,2021-09,,,767.59,,276.97,2025-02,,,09/2021,,,767.59,,276.97,FRFebruary2025.pdf,14,8,23,pdfplumber-table3-v1
N30000008,FARRUKHABAD I AND D AND STP WORKS HAM,UPJalNigam,,WATER RESOURCES,UTTAR PRADESH,,,2022-03,,,,,177.62,2025-02,,,03/2022,,,2 1 3 . 6 2,,177.62,FRFebruary2025.pdf,14,9,24,pdfplumber-table3-v1
N30000010,STP AT PANKHA KANPUR AND INTEGRATION WITH EXISTING STPS,UPJalNigam,,WATER RESOURCES,UTTAR PRADESH,,,2021-09,,,967.23,,254.98,2025-02,,,09/2021,,,967.23,,254.98,FRFebruary2025.pdf,15,1,25,pdfplumber-table3-v1
N30000013,"INTERCEPTION AND DIVERSION WORKS WITH STP AT BAREILLY, UTTAR PRADESH",UPJalNigam,,WATER RESOURCES,UTTAR PRADESH,,,2021-08,,,271.39,,182.26,2025-02,,,08/2021,,,271.39,,182.26,FRFebruary2025.pdf,15,2,26,pdfplumber-table3-v1
N30000015,REHABILITATION AND UP-GRADATION OF PHASE I STP 182 MLD R2,DJB,,WATER RESOURCES,DELHI,,,2021-12,,,211.79,,208.71,2025-02,,,12/2021,,,211.79,,208.71,FRFebruary2025.pdf,15,3,27,pdfplumber-table3-v1
N30000016,REHABILITATION AND UPGRADATION OF KONDLI PHASE I STP 45 MLD PHASE II STP 114 MLD AND PHASE III S,DJB,,WATER RESOURCES,DELHI,,,2022-02,,,239.11,,268.13,2025-02,,,02/2022,,,239.11,,268.13,FRFebruary2025.pdf,15,4,28,pdfplumber-table3-v1
N30000017,CONSTRUCTION OF 318 MLD WWTP WITH 10 YEARS O AND M AT CORONATION PILLAR DELHI,DJB,,WATER RESOURCES,DELHI,,,2021-01,,,515.07,,388.08,2025-02,,,01/2021,,,515.07,,388.08,FRFebruary2025.pdf,15,5,29,pdfplumber-table3-v1
N30000019,MATHURA SEWERAGE SCHEME,UPJalNigam,,WATER RESOURCES,UTTAR PRADESH,,,2020-12,,,460.45,,315.3,2025-02,,,12/2020,,,460.45,,315.30,FRFebruary2025.pdf,15,6,30,pdfplumber-table3-v1
N30000022,INTERCEPTION AND DIVERSION WORKS AND SEWAGE TREATMENT PLANT AT JAUNPUR UTTAR PRADESH,UPJalNigam,,WATER RESOURCES,UTTAR PRADESH,,,2021-10,,,206.05,,140.22,2025-02,,,10/2021,,,206.05,,140.22,FRFebruary2025.pdf,15,7,31,pdfplumber-table3-v1
N30000025,INTERCEPTION AND DIVERSION WORKS WITH STP AT LUCKNOW UTTAR PRADESH,UPJalNigam,,WATER RESOURCES,UTTAR PRADESH,,,2021-07,,,298.12,,103.24,2025-02,,,07/2021,,,298.12,,103.24,FRFebruary2025.pdf,15,8,32,pdfplumber-table3-v1
N30000028,I AND D AND STP AT CHAPPRA,BUIDCO,,WATER RESOURCES,BIHAR,,,2020-12,,,236.15,,150.75,2025-02,,,12/2020,,,236.15,,150.75,FRFebruary2025.pdf,15,9,33,pdfplumber-table3-v1
N30000037,SEWERAGE SYSTEM WITH SEWER NETWORK PATNA BEUR,BUIDCO,,WATER RESOURCES,BIHAR,,,2020-03,,,225.77,,363.79,2025-02,,,03/2020,,,225.77,,363.79,FRFebruary2025.pdf,16,1,34,pdfplumber-table3-v1
N30000040,SEWERAGE SCHEME AT PAHARI ZONE V PATNA,BUIDCO,,WATER RESOURCES,BIHAR,,,2021-04,,,356.37,,312.3,2025-02,,,04/2021,,,356.37,,312.30,FRFebruary2025.pdf,16,2,35,pdfplumber-table3-v1
N30000043,SEWERAGE TREATMENT PLANT AT PAHARI PATNA,BUIDCO,,WATER RESOURCES,BIHAR,,,2020-11,,,191.62,,124.4,2025-02,,,11/2020,,,191.62,,124.40,FRFebruary2025.pdf,16,3,36,pdfplumber-table3-v1
N30000045,"INTERCEPTION, DIVERSION AND TREATMENT WORKS AT HOWRAH",KMDA,,WATER RESOURCES,WEST BENGAL,,,2021-12,,,185.22,,49.99,2025-02,,,12/2021,,,185.22,,49.99,FRFebruary2025.pdf,16,4,37,pdfplumber-table3-v1
N30000046,SEWERAGE SYSTEM AND STP WORKS AT HALISHAHR,KMDA,,WATER RESOURCES,WEST BENGAL,,,2019-12,,,274.76,,278.33,2025-02,,,12/2019,,,274.76,,278.33,FRFebruary2025.pdf,16,5,38,pdfplumber-table3-v1
N30000047,SEWERAGE SYSTEM WITH SEWER NETWORK AT BARRACKPORE,KMDA,,WATER RESOURCES,WEST BENGAL,,,2020-04,,,272.32,,307.73,2025-02,,,04/2020,,,272.32,,307.73,FRFebruary2025.pdf,16,6,39,pdfplumber-table3-v1
N30000048,"INTERCEPTION, DIVERSION AND TREATMENT WORKS AT BARANAGAR AND KAMARAHATI",KMDA,,WATER RESOURCES,WEST BENGAL,,,2021-12,,,172.1,,47.2,2025-02,,,12/2021,,,172.10,,47.20,FRFebruary2025.pdf,16,7,40,pdfplumber-table3-v1
N30000049,INTERCEPTION AND DIVERSION WITH STP AT BALLY,KMDA,,WATER RESOURCES,WEST BENGAL,,,2021-12,,,164.93,,45.45,2025-02,,,12/2021,,,164.93,,45.45,FRFebruary2025.pdf,16,8,41,pdfplumber-table3-v1
N16000378,SWRO II WITH LLPH FACILITIES,HPCL,,PETROLEUM,ANDHRA PRADESH,,,2020-07,,,,,196.26,2025-03,,,07/2020,,,1 9 6 .26,,196.26,FRMarch2025.pdf,11,2,1,pdfplumber-table3-v1
N16000235,VISAKH REFINERY MODERNISATION PROJECT,HPCL,,PETROLEUM,ANDHRA PRADESH,,,2020-07,,,,,28002.0,2025-03,,,07/2020,,,"2 0 , 9 2 8 . 0 0",,"28,002.00",FRMarch2025.pdf,11,3,2,pdfplumber-table3-v1
N16000239,DEVELOPMENT PLAN OF CBM - BOKARO BLOCK,ONGC,,PETROLEUM,JHARKHAND,,,2023-03,,,,,1067.89,2025-03,,,03/2023,,,8 2 3 . 2 7,,"1,067.89",FRMarch2025.pdf,11,4,3,pdfplumber-table3-v1
N16000436,PIPELINE REPLACEMENT PROJECT - VII,ONGC,,PETROLEUM,MAHARASHTRA,,,2024-05,,,,,3417.0,2025-03,,,05/2024,,,"3 , 1 8 3 . 5 8",,"3,417.00",FRMarch2025.pdf,11,5,4,pdfplumber-table3-v1
N16000502,"UPGRADING IPSHEM TO WORLD CLASS FACILITY OF ONGC, GOA",ONGC,,PETROLEUM,GOA,,,2024-06,,,325.53,,304.19,2025-03,,,06/2024,,,325.53,,304.19,FRMarch2025.pdf,11,6,5,pdfplumber-table3-v1
N24001682,UPGRADATION 2/4 LANE NH CONNECTIVITY UNDER SAGARMALA SCHEME SH 2 HAVERI YEKAMBI SH 69 YEKAMBI KUMTA,NHAI,,ROAD TRANSPORT AND HIGHWAYS,KARNATAKA,,,2024-03,,,294.62,,50.21,2025-03,,,03/2024,,,294.62,,50.21,FRMarch2025.pdf,11,8,6,pdfplumber-table3-v1
N24000556,FOUR LANNING OF RAMPUR- KATHGODAM SECTION OF NH-87 FROM KM 0.000 (KM. 190.000 OF NH-24) TO KM 42.791,NHAI,,ROAD TRANSPORT AND HIGHWAYS,UTTAR PRADESH,,,2019-04,,,899.0,,1143.5,2025-03,,,04/2019,,,899.00,,"1,143.50",FRMarch2025.pdf,11,9,7,pdfplumber-table3-v1
N24000559,FOUR LANNING OF RAMPUR- KATHGODAM SECTION OF NH-87 FROM KM 42.791 (DESIGN CHAINAGE 43.446) TO KM 88,NHAI,,ROAD TRANSPORT AND HIGHWAYS,UTTARAKHAND,,,2019-10,,,720.0,,672.33,2025-03,,,10/2019,,,720.00,,672.33,FRMarch2025.pdf,11,10,8,pdfplumber-table3-v1
N24000685,CONSTRUCTION OF TWO LANE WITH PAVED SHOULDERS OF JORAM KOLORIANG ROAD (NH 713) ON EPC BASIS FROM EXI,NHIDCL,,ROAD TRANSPORT AND HIGHWAYS,ARUNACHAL PRADESH,,,2022-04,,,167.28,,145.2,2025-03,,,04/2022,,,167.28,,145.20,FRMarch2025.pdf,11,11,9,pdfplumber-table3-v1
N24000756,CONSTRUCTION OF TWO LANE WITH HARD SHOULDERS OF CHAKABAMA-ZUNHEBOTO ROAD FROM EXISTING KM 52.370 TO,NHIDCL,,ROAD TRANSPORT AND HIGHWAYS,NAGALAND,,,2022-09,,,285.68,,193.9,2025-03,,,09/2022,,,285.68,,193.90,FRMarch2025.pdf,12,1,10,pdfplumber-table3-v1
N24001291,CONSTRUCTION OF 2 LANE ROAD OF POTIN TO PANGIN SECTION OF NH 13 FROM KM 77.95 TO KM 117.56 (PACKAGE,MoRTH,,ROAD TRANSPORT AND HIGHWAYS,ARUNACHAL PRADESH,,,2027-03,,,421.48,,365.83,2025-03,,,03/2027,,,421.48,,365.83,FRMarch2025.pdf,12,2,11,pdfplumber-table3-v1
N24001292,CONSTRUCTION OF 2 LANE ROAD OF POTIN TO PANGIN SECTION OF NH 13 FROM KM 117.56 TO KM 163.59 (PACKAGE,MoRTH,,ROAD TRANSPORT AND HIGHWAYS,ARUNACHAL PRADESH,,,2027-03,,,543.05,,588.85,2025-03,,,03/2027,,,543.05,,588.85,FRMarch2025.pdf,12,3,12,pdfplumber-table3-v1
N24001293,CONSTRUCTION OF 2 LANE ROAD OF POTIN TO PANGIN SECTION OF NH 13 FROM KM 206.66 TO KM 247.05 (PACKAGE,MoRTH,,ROAD TRANSPORT AND HIGHWAYS,ARUNACHAL PRADESH,,,2027-03,,,486.7,,480.44,2025-03,,,03/2027,,,486.70,,480.44,FRMarch2025.pdf,12,4,13,pdfplumber-table3-v1
N24001342,DONIPAWA TO ASHAJIPORA BYPASS PKG-7,NHIDCL,,ROAD TRANSPORT AND HIGHWAYS,JAMMU AND KASHMIR,,,2022-12,,,,,191.88,2025-03,,,12/2022,,,2 6 0 . 4 0,,191.88,FRMarch2025.pdf,12,5,14,pdfplumber-table3-v1
N24001355,DULTE- KWALKULH - CHAMPAI PKG.1,NHIDCL,,ROAD TRANSPORT AND HIGHWAYS,MIZORAM,,,2022-12,,,,,286.49,2025-03,,,12/2022,,,3 7 4 . 3 9,,286.49,FRMarch2025.pdf,12,6,15,pdfplumber-table3-v1
N24001372,BALANCE WORK 2-LANING OF LALPUL MANMAO CHANGLANG ROAD (NH-215) ON EPC MODE IN THE STATE OF ARUNACH,MoRTH,,ROAD TRANSPORT AND HIGHWAYS,ARUNACHAL PRADESH,,,2024-03,,,588.09,,497.36,2025-03,,,03/2024,,,588.09,,497.36,FRMarch2025.pdf,12,7,16,pdfplumber-table3-v1
N24001374,4-LANING OF ITANAGAR TO BANDARDEWA SECTION OF NH-415 FROM KM 51+700 TO KM 59+199 (PACKAGE-C) ON EPC,MoRTH,,ROAD TRANSPORT AND HIGHWAYS,ARUNACHAL PRADESH,,,2027-03,,,437.6,,366.59,2025-03,,,03/2027,,,437.60,,366.59,FRMarch2025.pdf,12,8,17,pdfplumber-table3-v1
N04000075,UPGRADATION OF PASSENGER TERMINAL BUILDING AND AIRSIDE FACILITIES AT TIRUCHIRAPALLI INTERNATIONAL AI,AAI,,CIVIL AVIATION,TAMIL NADU,,,2021-10,,,951.28,,1084.94,2025-04,,,10/2021,,,951.28,,"1,084.94",FR_April_2025.pdf,11,2,1,pdfplumber-table3-v1
N04000086,"CO CIVIL AVIATION REASEARCH ORG. (PH-II) AT BEGUMPET AIRPORT, HYDRABAD",AAI,,CIVIL AVIATION,TELANGANA,,,2022-05,,,353.61,,303.22,2025-04,,,05/2022,,,353.61,,303.22,FR_April_2025.pdf,11,3,2,pdfplumber-table3-v1
N04000089,EXT AND STR. OF EXISTING RUNWAY 08/26 AT TIRUPATI AIRPORT,AAI,,CIVIL AVIATION,ANDHRA PRADESH,,,2020-02,,,177.1,,143.08,2025-04,,,02/2020,,,177.10,,143.08,FR_April_2025.pdf,11,4,3,pdfplumber-table3-v1
N16000343,REVAMPING OF FACILITIES AT VIZAG TERMINAL,IOCL,,PETROLEUM,ANDHRA PRADESH,,,2022-04,,,355.0,,249.0,2025-04,,,04/2022,,,355.00,,249.00,FR_April_2025.pdf,11,6,4,pdfplumber-table3-v1
N16000358,MUMBAI HIGH NORTH REDEVELOPMENT PHASE-IV,ONGC,,PETROLEUM,MAHARASHTRA,,,2022-03,,,3228.8,,3867.19,2025-04,,,03/2022,,,"3,228.80",,"3,867.19",FR_April_2025.pdf,11,7,5,pdfplumber-table3-v1
N16000413,AUGMENTATION OF FACILITIES AT THE EXISTING RAIPUR DEPOT,HPCL,,PETROLEUM,CHHATTISGARH,,,2024-03,,,456.0,,271.44,2025-04,,,03/2024,,,456.00,,271.44,FR_April_2025.pdf,11,8,6,pdfplumber-table3-v1
N18000338,TRANSMISSION NETWORK EXPANSION IN GUJARAT TO INCREASE ATC FROM ISTS: PART C,PGCIL,,PETROLEUM,MULTI STATE,,,2025-03,,,186.19,,91.53,2025-04,,,03/2025,,,186.19,,91.53,FR_April_2025.pdf,11,10,7,pdfplumber-table3-v1
N18000354,TRANSMISSION SYSTEM ASSOCIATED WITH WESTERN REGION EXPANSION SCHEME XXVII,PGCIL,,PETROLEUM,CHHATTISGARH,,,2024-09,,,271.69,,192.03,2025-04,,,09/2024,,,271.69,,192.03,FR_April_2025.pdf,11,11,8,pdfplumber-table3-v1
N18000355,TRANSMISSION SYSTEM ASSOCIATED WITH WESTERN REGION EXPANSION SCHEME-XXVIII AND XXIX,PGCIL,,PETROLEUM,CHHATTISGARH,,,2025-03,,,260.3,,197.79,2025-04,,,03/2025,,,260.30,,197.79,FR_April_2025.pdf,12,1,9,pdfplumber-table3-v1
N24001728,"IMPROVEMENT AND UP-GRADATION OF EXISTING ROAD TO 4L PS FROM KM 175.080 TO 229.070, FROM END OF HARDO",NHAI,,PETROLEUM,UTTAR PRADESH,,,2025-07,,,1138.81,,528.1,2025-04,,,07/2025,,,"1,138.81",,528.10,FR_April_2025.pdf,12,3,10,pdfplumber-table3-v1
N24001783,CONSTRUCTION OF 8LANE EXPRESSWAY NE4 STARTING BEFORE KMP EXPRESSWAY AND ENDS AT CH. 47+000 NEAR KHAN,NHAI,,PETROLEUM,HARYANA,,,2021-09,,,2252.75,,1223.07,2025-04,,,09/2021,,,"2,252.75",,"1,223.07",FR_April_2025.pdf,12,4,11,pdfplumber-table3-v1
N24001791,SANCHORE - SANTALPUR FROM KM 4.888 - KM 35.000 OF NH-754K (AJ-RGBS-PACKAGE-1),NHAI,,PETROLEUM,GUJARAT,,,2023-06,,,606.51,,453.89,2025-04,,,06/2023,,,606.51,,453.89,FR_April_2025.pdf,12,5,12,pdfplumber-table3-v1
N24001931,4 LANING OF BATHALAPALLI TO MUDIGUBBA SECTION (DESIGN CHAINAGE KM. 96.300 TO 129.300) INCLUDING BATH,MoRTH,,PETROLEUM,ANDHRA PRADESH,,,2025-02,,,536.0,,334.06,2025-04,,,02/2025,,,536.00,,334.06,FR_April_2025.pdf,12,6,13,pdfplumber-table3-v1
N24001949,NH167B FROM KM 99.103 CS PURAM TO KM 143.320 MALAKONDA TO 2LPS,MoRTH,,PETROLEUM,ANDHRA PRADESH,,,2024-03,,,277.3,,206.25,2025-04,,,03/2024,,,277.30,,206.25,FR_April_2025.pdf,12,7,14,pdfplumber-table3-v1
N24001950,NH167B FROM KM.143.320 MALAKONDA TO 189.050 SINGARAYAKONDA ON NH 16 TO TWO LANE WITH PAVED SHOULDERS,MoRTH,,PETROLEUM,ANDHRA PRADESH,,,2025-02,,,369.81,,303.78,2025-04,,,02/2025,,,369.81,,303.78,FR_April_2025.pdf,12,8,15,pdfplumber-table3-v1
N24002141,2 LANE WITH PAVED SHOULDER CONFIGURATION FROM SEETHARAMAPURAM TO DUTTALURU SECTION OF NH-167 BG FROM,MoRTH,,PETROLEUM,ANDHRA PRADESH,,,2025-07,,,364.07,,227.21,2025-04,,,07/2025,,,364.07,,227.21,FR_April_2025.pdf,12,9,16,pdfplumber-table3-v1
N24001451,DIBRUGARH-LAHOAL-CHABUA BYPASS PACKAGE-1,NHIDCL,,PETROLEUM,ASSAM,,,2024-07,,,215.27,,105.4,2025-04,,,07/2024,,,215.27,,105.40,FR_April_2025.pdf,13,1,17,pdfplumber-table3-v1
N24001675,6L OF MH/KN BORDER (NIMBAL VILLAGE) TO KN/TS BORDER (SINGNODI VILLAGE) FROM KM. 162.5 TO KM. 203.100,NHAI,,PETROLEUM,KARNATAKA,,,2025-05,,,1732.73,,754.79,2025-04,,,05/2025,,,"1,732.73",,754.79,FR_April_2025.pdf,13,2,18,pdfplumber-table3-v1
N24001683,AURAD - BIDAR KM 0.00 TO KM 45.878,NHAI,,PETROLEUM,KARNATAKA,,,2023-04,,,912.37,,255.94,2025-04,,,04/2023,,,912.37,,255.94,FR_April_2025.pdf,13,3,19,pdfplumber-table3-v1
N24001686,FOUR LANING OF BANAVARA TO BETTADAHALLI SECTION FROM KM. 119+790 (DESIGN KM. 121+900) TO KM. 166+100,NHAI,,PETROLEUM,KARNATAKA,,,2023-03,,,1065.06,,736.55,2025-04,,,03/2023,,,"1,065.06",,736.55,FR_April_2025.pdf,13,4,20,pdfplumber-table3-v1
N24001691,FOUR LANING OF KARADI TO BANAVARA SECTION FROM KM. 66+540 (DESIGN KM. 65+195) TO KM. 119+790 (DESIGN,NHAI,,PETROLEUM,KARNATAKA,,,2021-10,,,1225.24,,1043.0,2025-04,,,10/2021,,,"1,225.24",,"1,043.00",FR_April_2025.pdf,13,5,21,pdfplumber-table3-v1
N24000552,4-LANNING EXISTING KM 189.700 TO 237.00] HASSAN TO MARANAHALLY,NHAI,,PETROLEUM,KARNATAKA,,,2019-03,,,701.4,,923.99,2025-04,,,03/2019,,,701.40,,923.99,FR_April_2025.pdf,13,6,22,pdfplumber-table3-v1
N24000796,CONSTRUCTION OF NH-24 EXTENSION 4-LANE BYPASS STARTING FROM BEHTA ROAD AND TERMINATING AT SITAPUR RO,NHAI,,PETROLEUM,UTTAR PRADESH,,,2021-12,,,1117.84,,1960.91,2025-04,,,12/2021,,,"1,117.84",,"1,960.91",FR_April_2025.pdf,13,7,23,pdfplumber-table3-v1
N24001027,SHAHPUR PATGAON SECTION I,MoRTH,,PETROLEUM,MAHARASHTRA,,,2019-12,,,150.79,,81.14,2025-04,,,12/2019,,,150.79,,81.14,FR_April_2025.pdf,13,8,24,pdfplumber-table3-v1
N24001039,JINTUR TO PARBHANI,MoRTH,,PETROLEUM,MAHARASHTRA,,,,,,356.66,,209.48,2025-04,,,N.A.,,,356.66,,209.48,FR_April_2025.pdf,13,9,25,pdfplumber-table3-v1
N24001081,HIMAYATNAGAR TO PHULSAWANGI,MoRTH,,PETROLEUM,MAHARASHTRA,,,2019-12,,,294.87,,183.17,2025-04,,,12/2019,,,294.87,,183.17,FR_April_2025.pdf,14,1,26,pdfplumber-table3-v1
N24001097,SELDOH TO PANVAR,MoRTH,,PETROLEUM,MAHARASHTRA,,,2020-05,,,404.33,,140.65,2025-04,,,05/2020,,,404.33,,140.65,FR_April_2025.pdf,14,2,27,pdfplumber-table3-v1
N24001095,SATARA MURVAD PILLOV PANDHARPUR,MoRTH,,PETROLEUM,MAHARASHTRA,,,,,,388.44,,240.05,2025-04,,,N.A.,,,388.44,,240.05,FR_April_2025.pdf,14,3,28,pdfplumber-table3-v1
N24001111,KOLHA TO NASRATPUR,MoRTH,,PETROLEUM,MAHARASHTRA,,,2019-04,,,281.78,,77.83,2025-04,,,04/2019,,,281.78,,77.83,FR_April_2025.pdf,14,4,29,pdfplumber-table3-v1
N24001127,KUMBHARI PHTA TO DEULGAON RAJA,MoRTH,,PETROLEUM,MAHARASHTRA,,,2019-06,,,406.51,,340.26,2025-04,,,06/2019,,,406.51,,340.26,FR_April_2025.pdf,14,5,30,pdfplumber-table3-v1
N24000859,WIDENING AND UP-GRADATION TO 2-LANE WITH PAVED SHOULDER CONFIGURATION AND GEOMETRIC IMPROVEMENTS FRO,NHIDCL,,PETROLEUM,MIZORAM,,,2023-06,,,642.96,,686.42,2025-04,,,06/2023,,,642.96,,686.42,FR_April_2025.pdf,14,6,31,pdfplumber-table3-v1
N24000941,REHABILITATION AND UPGRADATION TO 2 LANE WITH PAVED SHOULDER OF MOGA (DESIGN CH 0.000) TO MAKHU (DES,MoRTH,,PETROLEUM,PUNJAB,,,2020-08,,,293.64,,295.46,2025-04,,,08/2020,,,293.64,,295.46,FR_April_2025.pdf,14,7,32,pdfplumber-table3-v1
N24000948,CONSTRUCTION OF 2 LANING OF EXISTING HUNLI- ANINI ROAD ON EPC BASIS FROM DESIGN KM 53.500 TO KM 92.50,NHIDCL,,PETROLEUM,ARUNACHAL PRADESH,,,2019-12,,,568.92,,508.65,2025-04,,,12/2019,,,568.92,,508.65,FR_April_2025.pdf,14,8,33,pdfplumber-table3-v1
N24001277,CONSTRUCTION OF CHHIATHLANG -SERCHHIP BYPASS (PKG-1) ON AIZAWL-TUIPANG SECTION OF NH-54,NHIDCL,,PETROLEUM,MIZORAM,,,2022-10,,,275.02,,237.68,2025-04,,,10/2022,,,275.02,,237.68,FR_April_2025.pdf,14,9,34,pdfplumber-table3-v1
N06000189,TALABIRA II AND III OCP,NLC,,COAL,ODISHA,,,2027-01,,,2401.07,,1626.71,2025-05,,,01/2027,,,"2,401.07",,"1,626.71",FR_May2025.pdf,11,2,1,pdfplumber-table3-v1
N28000112,C/O NEW HOSPITAL BLOCK FOR SREE CHITRA TIRUNAL INSTITIUTE OF MEDICAL SCIENCE AND TECHNOLOGY (SCTIMST,CPWD FOR HEALTH,,HEALTH AND FAMILY WELFARE,KERALA,,,2020-03,,,150.29,,162.52,2025-05,,,03/2020,,,150.29,,162.52,FR_May2025.pdf,11,4,2,pdfplumber-table3-v1
N28000104,NSG AT KOLKATA,CPWD FOR MHA,,HOME AFFAIRS,WEST BENGAL,,,2018-04,,,162.88,,193.91,2025-05,,,04/2018,,,162.88,,193.91,FR_May2025.pdf,11,6,3,pdfplumber-table3-v1
N45000003,CONSTRUCTION OF 683 VARIOUS TYPE FAMILY QUARTERS AT GROUP CENTRE CRPF CHANDAULI,CPWD FOR MHA,,HOME AFFAIRS,UTTAR PRADESH,,,2022-01,,,199.31,,86.49,2025-05,,,01/2022,,,199.31,,86.49,FR_May2025.pdf,11,7,4,pdfplumber-table3-v1
N16000361,ADDITIONAL STORAGE TANKS AT PARADIP,IOCL,,PETROLEUM,ODISHA,,,2021-09,,,462.3,,493.72,2025-05,,,09/2021,,,462.30,,493.72,FR_May2025.pdf,11,9,5,pdfplumber-table3-v1
180100210,PARBATI HEP (4X200 MW) (NHPC) II,NHPC,,POWER,HIMACHAL PRADESH,,,2009-09,,,3919.59,,12832.59,2025-05,,,09/2009,,,"3,919.59",,"12,832.59",FR_May2025.pdf,11,11,6,pdfplumber-table3-v1
220100133,"UDHAMPUR-SRINAGAR-BARAMULLA (NL),NR",NR,,POWER,JAMMU AND KASHMIR,,,2024-08,,,37012.0,,42328.83,2025-05,,,08/2024,,,"37,012.00",,"42,328.83",FR_May2025.pdf,11,13,7,pdfplumber-table3-v1
N22000183,NEW BONGAIGAON-RANGIA-KAMAKGHYA DOUBLING,NFR,,POWER,MULTI STATE,,,2024-08,,,2047.51,,3709.47,2025-05,,,08/2024,,,"2,047.51",,"3,709.47",FR_May2025.pdf,11,14,8,pdfplumber-table3-v1
N22000401,VARANASI-MODHOSINGH-ALLAHABAD DOUBLING,RVNL,,POWER,UTTAR PRADESH,,,2024-12,,,2018.23,,1780.22,2025-05,,,12/2024,,,"2,018.23",,"1,780.22",FR_May2025.pdf,12,1,9,pdfplumber-table3-v1
N22000417,2880.4,ECR,,POWER,UTTAR PRADESH,,,2024-08,,,2880.4,,3074.78,2025-05,,,08/2024,,,"2,880.40",,"3,074.78",FR_May2025.pdf,12,2,10,pdfplumber-table3-v1
N22000418,EXECUTION OF RAIL CONNECTIVITY PROJECT FOR COAL TRANSPORTATION IN ODISHA FOR MCRL,IRCON,,POWER,ODISHA,,,2020-03,,,5200.0,,389.0,2025-05,,,03/2020,,,"5,200.00",,389.00,FR_May2025.pdf,12,3,11,pdfplumber-table3-v1
N22000419,KARAILA ROAD - SHAKTINAGAR DOUBLING,ECR,,POWER,UTTAR PRADESH,,,2024-08,,,762.97,,808.96,2025-05,,,08/2024,,,762.97,,808.96,FR_May2025.pdf,12,4,12,pdfplumber-table3-v1
N22000502,"MANSA-BHATINDA (PHASE-I), INCL. NEW MATERIAL MODIFICATION FOR RAMA MANDI (RAMAN) - SADA SINGHWALA VI",NR,,POWER,PUNJAB,,,2016-08,,,404.0,,190.0,2025-05,,,08/2016,,,404.00,,190.00,FR_May2025.pdf,12,5,13,pdfplumber-table3-v1
N22000523,DARBHANGA - BYPASS LINE CONNECTING SHISHO HALT AND KAKARGHATI EXCL DARBHANGA YARD (7.64 KM),ECR,,POWER,BIHAR,,,2025-06,,,983.62,,417.57,2025-05,,,06/2025,,,983.62,,417.57,FR_May2025.pdf,12,6,14,pdfplumber-table3-v1
N22000609,AZIMGANJ-MURSHIDABAD (JIYAGANJ) INCL. RLY. BRIDGE OVER RIVER BHAGIRATHI,ER,,POWER,WEST BENGAL,,,2024-02,,,164.33,,160.82,2025-05,,,02/2024,,,164.33,,160.82,FR_May2025.pdf,12,7,15,pdfplumber-table3-v1
N22000505,MEHSANA PALANPUR DOUBLING PROJECT 65.10 KMS,WR,,POWER,GUJARAT,,,2024-03,,,537.31,,944.55,2025-05,,,03/2024,,,537.31,,944.55,FR_May2025.pdf,12,8,16,pdfplumber-table3-v1
N24001428,FOUR LANING OF VILUPPURAM TO PUDHUCHERRY (DESIGN CH. KM. 00/000 TO KM. 29/000) SECTION OF NH-45A ON,NHAI,,POWER,TAMIL NADU,,,2021-11,,,998.7,,975.68,2025-05,,,11/2021,,,998.70,,975.68,FR_May2025.pdf,12,10,17,pdfplumber-table3-v1
N24001430,FOUR LANING OF POONDIYANKUPPAM (KM.67/000) TO SATTANATHAPOURAM (KM.123/800) SECTION OF NH-45A ON HAM,NHAI,,POWER,TAMIL NADU,,,2022-01,,,2120.4,,1588.17,2025-05,,,01/2022,,,"2,120.40",,"1,588.17",FR_May2025.pdf,13,1,18,pdfplumber-table3-v1
N24001475,CONSTRUCTION OF 2 LANE WITH HARD SHOULDER FROM DESIGN CHAINAGE KM 283.000 TO KM 325.440 (5- LEGGED J,NHIDCL,,POWER,NAGALAND,,,2024-12,,,605.36,,273.21,2025-05,,,12/2024,,,605.36,,273.21,FR_May2025.pdf,13,2,19,pdfplumber-table3-v1
N24001532,"CONSTRUCTION OF 4-LANE NH-344P-PACKAGE-4 (FROM KM 0+000 TO KM 29+600, 29.6KM), STARTING FROM BAWANA",NHAI,,POWER,HARYANA,,,2023-11,,,694.0,,1466.82,2025-05,,,11/2023,,,694.00,,"1,466.82",FR_May2025.pdf,13,3,20,pdfplumber-table3-v1
N24001533,CONSTRUCTION OF 4-LANE GREEN FIELD DELHI-AMRITSAR- KATRA EXPRESSWAY (NE-05) FROM JUSSUR KHERI ON KMP,NHAI,,POWER,HARYANA,,,2023-12,,,1690.23,,1462.45,2025-05,,,12/2023,,,"1,690.23",,"1,462.45",FR_May2025.pdf,13,4,21,pdfplumber-table3-v1
N24001534,CONSTRUCTION OF FOUR-LANE GREENFIELD DELHI- AMRITSAR-KATRA EXPRESSWAY FROM JUNCTION WITH ROHTAK-PANIP,NHAI,,POWER,HARYANA,,,2024-01,,,1334.04,,1048.12,2025-05,,,01/2024,,,"1,334.04",,"1,048.12",FR_May2025.pdf,13,5,22,pdfplumber-table3-v1
N24001536,FOUR LANING OF JIND GOHANA GREENFIELD ALIGNMENT PACKAGE 1 IN THE STATE OF HARYANA UNDER HYBRID ANNUI,NHAI,,POWER,HARYANA,,,2022-07,,,817.0,,986.08,2025-05,,,07/2022,,,817.00,,986.08,FR_May2025.pdf,13,6,23,pdfplumber-table3-v1
N24001616,2L PS OF SATNA - MAIHAR SECTION OF NH-135BG FROM KM 80.800 TO KM 120.125,NHAI,,POWER,MADHYA PRADESH,,,2023-10,,,428.04,,351.97,2025-05,,,10/2023,,,428.04,,351.97,FR_May2025.pdf,13,7,24,pdfplumber-table3-v1
N24001708,BAKHTIYARPUR RAJAULI PKG-III FROM KM 101.630 TO KM 152.520 NH20,NHAI,,POWER,BIHAR,,,2024-06,,,2156.22,,1397.72,2025-05,,,06/2024,,,"2,156.22",,"1,397.72",FR_May2025.pdf,13,8,25,pdfplumber-table3-v1
N24001711,6L OF KANHAULI RAMNAGAR PATNA RING ROAD PKG I FROM KM 0.000 TO KM 39.160 OF SH78 NEW NH131G,NHAI,,POWER,BIHAR,,,2023-03,,,939.43,,1030.75,2025-05,,,03/2023,,,939.43,,"1,030.75",FR_May2025.pdf,13,9,26,pdfplumber-table3-v1
N24001765,"ADDITIONAL WORKS (2VUPS, MR-10 JUNCTION FLYOVER AND UNDERPASS) IN SIX LANE INDORE-DEWAS SECTION OF N",NHAI,,POWER,MADHYA PRADESH,,,2024-07,,,207.77,,147.24,2025-05,,,07/2024,,,207.77,,147.24,FR_May2025.pdf,14,1,27,pdfplumber-table3-v1
N24001768,BALANCE WORK OF 4L OF INDORE-GUJARAT/MP BORDER FROM KM 106.210 TO KM 115.250 (START AND END POINT OF,NHAI,,POWER,MADHYA PRADESH,,,2023-04,,,323.51,,246.27,2025-05,,,04/2023,,,323.51,,246.27,FR_May2025.pdf,14,2,28,pdfplumber-table3-v1
N24001788,CONSTRUCTION OF EIGHT LANE ACCESS CONTROLLED EXPRESSWAY FROM KM 217.500 TO KM 254.430 OF VADODARA MU,NHAI,,POWER,GUJARAT,,,2023-12,,,2271.86,,2655.78,2025-05,,,12/2023,,,"2,271.86",,"2,655.78",FR_May2025.pdf,14,3,29,pdfplumber-table3-v1
N24001815,"4L BYPASSES FOR JAGATPUR, B4ABUGANJ, UNCHAHAR, ALAPUR BYPASS, AND SAI RIVER BRIDGE OF RAEBARELI- PRA",NHAI,,POWER,UTTAR PRADESH,,,2024-11,,,1699.0,,1033.72,2025-05,,,11/2024,,,"1,699.00",,"1,033.72",FR_May2025.pdf,14,4,30,pdfplumber-table3-v1
N24001869,UPGRADATION AND REHABILITATION TO TWO LANE WITH PAVED SHOULDER OF GHAGARIYA- MUNABAO SECTION FROM KM,MoRTH,,POWER,RAJASTHAN,,,2025-08,,,235.15,,152.69,2025-05,,,08/2025,,,235.15,,152.69,FR_May2025.pdf,14,5,31,pdfplumber-table3-v1
N24002085,WIDENING OF RAEBARELI TO PRAYAGRAJ SECTION FROM KM. 82.650 TO KM. 161.450 OF NH-30 AND LINK ROAD FRO,NHAI,,POWER,UTTAR PRADESH,,,2025-03,,,1470.93,,1088.3,2025-05,,,03/2025,,,"1,470.93",,"1,088.30",FR_May2025.pdf,14,6,32,pdfplumber-table3-v1
N24001389,CHANGTONGYA TO LONGLENG ROAD PKG-2,NHIDCL,,POWER,NAGALAND,,,2022-06,,,206.53,,119.25,2025-05,,,06/2022,,,206.53,,119.25,FR_May2025.pdf,14,7,33,pdfplumber-table3-v1
N24001391,JORAM ? KOLORIANG ROAD FROM EXISTING KM 70.00 TO KM 88.700 (PKG-4),NHIDCL,,POWER,ARUNACHAL PRADESH,,,2022-04,,,294.04,,147.13,2025-05,,,04/2022,,,294.04,,147.13,FR_May2025.pdf,14,8,34,pdfplumber-table3-v1
N24001360,RANIKOR-MAHESHKHOLA- BAGHMARA (RMB) PKG-3,NHIDCL,,POWER,MEGHALAYA,,,2022-12,,,260.21,,239.35,2025-05,,,12/2022,,,260.21,,239.35,FR_May2025.pdf,14,9,35,pdfplumber-table3-v1
N24000709,BALANCE WORK FOR FOUR LANING OF ITARSI TO BETUL SECTION OF NH69 FROM KM 63.000 TO KM 137.00 (DESIGN,NHAI,,POWER,MADHYA PRADESH,,,2020-02,,,950.27,,643.9,2025-05,,,02/2020,,,950.27,,643.90,FR_May2025.pdf,15,1,36,pdfplumber-table3-v1
N24001179,CONSTRUCTION OF 2 LANE WITH PAVED SHOULDER FROM KM. 168 TO 183.783 (YESEMYONG TO UNGER) ON MOKOKCHUN,MoRTH,,POWER,NAGALAND,,,2020-11,,,217.35,,214.18,2025-05,,,11/2020,,,217.35,,214.18,FR_May2025.pdf,15,2,37,pdfplumber-table3-v1
N24001180,WIDENING OF EXISTING SINGLE/INTERMEDIATE LANE ROAD TO 2 LANE ROAD FROM KM. 83.00 TO KM 101.00 ON NH-,MoRTH,,POWER,NAGALAND,,,2022-12,,,237.51,,215.47,2025-05,,,12/2022,,,237.51,,215.47,FR_May2025.pdf,15,3,38,pdfplumber-table3-v1
N24000567,FOUR LANING OF BHAVNAGAR-TALAJA SECTION OF NH-8E FROM KM. 7.090 TO KM. 53.585 (DESIGN CH FROM KM. 6.,NHAI,,POWER,GUJARAT,,,2019-08,,,998.18,,1105.25,2025-05,,,08/2019,,,998.18,,"1,105.25",FR_May2025.pdf,15,4,39,pdfplumber-table3-v1
N24000570,FOUR LANING OF UNA TO KODINAR OF NH-8E FROM KM. 180.478 TO KM 221.610 (PACKAGE-V) IN THE STATE OF GU,NHAI,,POWER,GUJARAT,,,2019-08,,,763.08,,734.78,2025-05,,,08/2019,,,763.08,,734.78,FR_May2025.pdf,15,5,40,pdfplumber-table3-v1
N16000392,CITY GAS DISTRIBUTION IN WEST BENGAL,HPCL,,PETROLEUM,WEST BENGAL,,,2031-03,,,5830.2,,875.27,2025-06,,,03/2031,,,"5,830.20",,875.27,FR_JUNE_2025.pdf,11,2,1,pdfplumber-table3-v1
N16000426,CGD PROJECT AT NAWADA AND KODERMA DISTRICTS,IOCL,,PETROLEUM,MULTI STATE,,,2029-12,,,169.0,,71.0,2025-06,,,12/2029,,,169.00,,71.00,FR_JUNE_2025.pdf,11,3,2,pdfplumber-table3-v1
N16000496,"CGD PROJECT IN TONK, SAWAI MADHOPUR, DAUSA, KARAULI",HPCL,,PETROLEUM,RAJASTHAN,,,2030-03,,,1751.0,,301.39,2025-06,,,03/2030,,,"1,751.00",,301.39,FR_JUNE_2025.pdf,11,4,3,pdfplumber-table3-v1
N18000293,BHENSARA 320 MW,NTPC,,POWER,RAJASTHAN,,,2022-07,,,1221.73,,1139.42,2025-06,,,07/2022,,,"1,221.73",,"1,139.42",FR_JUNE_2025.pdf,11,6,4,pdfplumber-table3-v1
N18000296,"150 MW SOLAR PV PROJECT IN GUJARAT (LIMBDI, MESANKA AND RADHANPUR)",NTPC,,POWER,GUJARAT,,,2022-09,,,674.92,,572.53,2025-06,,,09/2022,,,674.92,,572.53,FR_JUNE_2025.pdf,11,7,5,pdfplumber-table3-v1
N18000286,SAMBHU KI BHURJ-II SOLAR 300MW,NTPC,,POWER,RAJASTHAN,,,2021-09,,,1782.0,,1369.88,2025-06,,,09/2021,,,"1,782.00",,"1,369.88",FR_JUNE_2025.pdf,11,8,6,pdfplumber-table3-v1
N22000625,KARAIKAL PERALAM(23KM)-NEW LINE PROJECT,SR,,RAILWAYS,TAMIL NADU,,,2026-03,,,304.22,,292.65,2025-06,,,03/2026,,,304.22,,292.65,FR_JUNE_2025.pdf,11,10,7,pdfplumber-table3-v1
N24001887,REHABILITATION AND UPGRADATION OF BHOKARDAN TO KUMBHARI FATA DESIGN CH. (KM 13+500 TO 17+00) AND RAJ,MoRTH,,RAILWAYS,MAHARASHTRA,,,2024-06,,,291.37,,157.59,2025-06,,,06/2024,,,291.37,,157.59,FR_JUNE_2025.pdf,11,12,8,pdfplumber-table3-v1
N24001888,"UP-GRADATION OF TIRORA-GONDIA, STATE HIGHWAY FROM EXISTING KM 163+213 (ON SH-335, TIRORA) TO KM 191+",MoRTH,,RAILWAYS,MAHARASHTRA,,,2023-04,,,288.14,,72.78,2025-06,,,04/2023,,,288.14,,72.78,FR_JUNE_2025.pdf,11,13,9,pdfplumber-table3-v1
N24001889,2 LANE + PS PIMPLNER TO SATANA -[DESIGN CHAINAGE KM 21.427 TO 64.00 ] OF NH-752G],MoRTH,,RAILWAYS,MAHARASHTRA,,,2021-07,,,277.81,,155.01,2025-06,,,07/2021,,,277.81,,155.01,FR_JUNE_2025.pdf,12,1,10,pdfplumber-table3-v1
N24001894,2 LANE + PS ASTHAMODE - TIVATYAL [DESIGN CH. KM 24.300 - 62.00] [KM 134.98-172.95 OF NH-63],MoRTH,,RAILWAYS,MAHARASHTRA,,,2021-07,,,228.82,,145.5,2025-06,,,07/2021,,,228.82,,145.50,FR_JUNE_2025.pdf,12,2,11,pdfplumber-table3-v1
N24001895,REHABILATION AND UPGRADATION TO TWO LANES WITH PAVED SHOULDER CONFIGURATION FROM WATUR TO CHARTHANA,MoRTH,,RAILWAYS,MAHARASHTRA,,,2023-09,,,228.01,,106.11,2025-06,,,09/2023,,,228.01,,106.11,FR_JUNE_2025.pdf,12,3,12,pdfplumber-table3-v1
N24001905,"CONSTRUCTION OF MAJOR BRIDGE ACROSS MANJRA RIVER NEAR YESGI VILLAGE @ KM, 166/500 ON NH 63 TQ BILOLI",MoRTH,,RAILWAYS,MAHARASHTRA,,,2023-08,,,188.69,,111.25,2025-06,,,08/2023,,,188.69,,111.25,FR_JUNE_2025.pdf,12,4,13,pdfplumber-table3-v1
N24001909,"STRENGTHING AND WIDINING OF EXISTING CARRIAGEWAY TO 10 M IN KM, 156/160 TO 229/160 (TEMBHURNI - KUSL",MoRTH,,RAILWAYS,MAHARASHTRA,,,2024-06,,,157.72,,80.37,2025-06,,,06/2024,,,157.72,,80.37,FR_JUNE_2025.pdf,12,5,14,pdfplumber-table3-v1
N24001440,KEIFANG - TUVAI PKG-1,NHIDCL,,RAILWAYS,MIZORAM,,,2023-05,,,492.94,,365.86,2025-06,,,05/2023,,,492.94,,365.86,FR_JUNE_2025.pdf,12,6,15,pdfplumber-table3-v1
N24001600,BALANCE WORK 2-LANE WITH PAVED SHOULDERS OF NAGAPATTINAM - THANJAVUR SECTION OF NH-67 (NEW NH-83),NHAI,,RAILWAYS,TAMIL NADU,,,2023-05,,,434.12,,268.92,2025-06,,,05/2023,,,434.12,,268.92,FR_JUNE_2025.pdf,12,7,16,pdfplumber-table3-v1
N24001603,4-LANING OF ODDANCHATRAM - MADATHUKULAM SECTION OF NH-209 (NEW NH-83),NHAI,,RAILWAYS,TAMIL NADU,,,2022-10,,,1518.53,,915.4,2025-06,,,10/2022,,,"1,518.53",,915.40,FR_JUNE_2025.pdf,12,8,17,pdfplumber-table3-v1
N24002137,STRENGTHENING OF 6-LANE PIMPALGAON-NASHIK- GONDE (KM. 380 - KM. 440) SECTION OF NH-3 IN MAHARASHTRA U,NHAI,,RAILWAYS,MAHARASHTRA,,,2025-03,,,175.0,,201.0,2025-06,,,03/2025,,,175.00,,201.00,FR_JUNE_2025.pdf,12,9,18,pdfplumber-table3-v1
N24001254,CONSTUCTION/UPGRADATION OF EXISTING HIGHWAY TO 2 LANE WITH PAVED SHOULDER FROM KM 26.10 TO KM 40.00,NHIDCL,,RAILWAYS,SIKKIM,,,2022-06,,,242.97,,246.91,2025-06,,,06/2022,,,242.97,,246.91,FR_JUNE_2025.pdf,13,1,19,pdfplumber-table3-v1
N24001286,2-LANING OF CHANGTONGYA TO LONGLENG ROAD OF NH-702 (PKG-I),NHIDCL,,RAILWAYS,NAGALAND,,,2022-06,,,278.95,,166.29,2025-06,,,06/2022,,,278.95,,166.29,FR_JUNE_2025.pdf,13,2,20,pdfplumber-table3-v1
N24001339,RANIKOR-MAHESHKHOLA- BAGHMARA (RMB) PKG-4 (KANAI-RONGARA),NHIDCL,,RAILWAYS,MEGHALAYA,,,2022-04,,,157.86,,152.95,2025-06,,,04/2022,,,157.86,,152.95,FR_JUNE_2025.pdf,13,3,21,pdfplumber-table3-v1
N24000301,REHABILITATION AND UPGRADATION OF NH-219 FROM KM 58-600 TO KM 140-750 IN THE STATE OF ANDHRA PRADES,MoRTH,,RAILWAYS,ANDHRA PRADESH,,,2015-10,,,271.45,,240.23,2025-06,,,10/2015,,,271.45,,240.23,FR_JUNE_2025.pdf,13,4,22,pdfplumber-table3-v1
N24000332,REHABILITATION AND UPGRADATION OF END OF AHMEDNAGAR BYPASS TO KHARWANDI KASAR SECTION OF NH-222 FROM,MoRTH,,RAILWAYS,MAHARASHTRA,,,,,,225.81,,118.84,2025-06,,,N.A.,,,225.81,,118.84,FR_JUNE_2025.pdf,13,5,23,pdfplumber-table3-v1
N24000659,4-LANNING OF WARANGA-MAHAGAON SECTION(KM 253.7000 TO 320.580),NHAI,,RAILWAYS,MAHARASHTRA,,,2017-03,,,1059.73,,928.19,2025-06,,,03/2017,,,"1,059.73",,928.19,FR_JUNE_2025.pdf,13,6,24,pdfplumber-table3-v1
N24000704,4-LANNING OF THALSERRY -MAHE BYPASS,NHAI,,RAILWAYS,KERALA,,,2020-05,,,1124.11,,1527.28,2025-06,,,05/2020,,,"1,124.11",,"1,527.28",FR_JUNE_2025.pdf,13,7,25,pdfplumber-table3-v1
N24000741,CONSTRUCTION AND UPGRADATION OF EXISTING ROAD TO 2 LANE WITH PAVED SHOULDER FROM KM 368.00 TO KM 399,NHIDCL,,RAILWAYS,UTTARAKHAND,,,2020-11,,,274.31,,253.61,2025-06,,,11/2020,,,274.31,,253.61,FR_JUNE_2025.pdf,13,8,26,pdfplumber-table3-v1
N24000768,CONSTRUCTION OF 2-LANE WITH PAVED SHOULDER INCLUDING GEOMETRIC IMPROVEMENT FROM KM 16.000 TO KM 32.5,NHIDCL,,RAILWAYS,SIKKIM,,,2020-10,,,290.05,,218.36,2025-06,,,10/2020,,,290.05,,218.36,FR_JUNE_2025.pdf,13,9,27,pdfplumber-table3-v1
N24001003,AKOLA TO AKOT,MoRTH,,RAILWAYS,MAHARASHTRA,,,2019-06,,,313.95,,270.02,2025-06,,,06/2019,,,313.95,,270.02,FR_JUNE_2025.pdf,14,1,28,pdfplumber-table3-v1
N24001008,AJANTHA TO BULDHANA,MoRTH,,RAILWAYS,ANDAMAN AND NICOBAR ISLANDS ,,,2019-07,,,401.0,,246.39,2025-06,,,07/2019,,,401.00,,246.39,FR_JUNE_2025.pdf,14,2,29,pdfplumber-table3-v1
N24001018,BHANDARA TO GHOTITOK,MoRTH,,RAILWAYS,MAHARASHTRA,,,2019-06,,,392.83,,264.35,2025-06,,,06/2019,,,392.83,,264.35,FR_JUNE_2025.pdf,14,3,30,pdfplumber-table3-v1
N24001021,AMDI TO SAONER,MoRTH,,RAILWAYS,MAHARASHTRA,,,2019-06,,,396.91,,253.59,2025-06,,,06/2019,,,396.91,,253.59,FR_JUNE_2025.pdf,14,4,31,pdfplumber-table3-v1
N24001046,RALEGAON TO RAMTIRTH,MoRTH,,RAILWAYS,MAHARASHTRA,,,2019-07,,,210.81,,132.0,2025-06,,,07/2019,,,210.81,,132.00,FR_JUNE_2025.pdf,14,5,32,pdfplumber-table3-v1
N24001078,PUNE TO MALE VILLAGE,MoRTH,,RAILWAYS,MAHARASHTRA,,,2019-12,,,228.31,,113.29,2025-06,,,12/2019,,,228.31,,113.29,FR_JUNE_2025.pdf,14,6,33,pdfplumber-table3-v1
N24001079,ARDHAPUR TO HIMAYATNAGAR,MoRTH,,RAILWAYS,MAHARASHTRA,,,2020-06,,,426.06,,268.96,2025-06,,,06/2020,,,426.06,,268.96,FR_JUNE_2025.pdf,14,7,34,pdfplumber-table3-v1
N24001080,MALE VILLAGE TO PUNE RAIGARH DISTRICT BORDER,MoRTH,,RAILWAYS,MAHARASHTRA,,,2019-12,,,256.15,,115.53,2025-06,,,12/2019,,,256.15,,115.53,FR_JUNE_2025.pdf,14,8,35,pdfplumber-table3-v1
N24001090,KOLDE TO KHETIYA,MoRTH,,RAILWAYS,MAHARASHTRA,,,2019-07,,,509.18,,246.83,2025-06,,,07/2019,,,509.18,,246.83,FR_JUNE_2025.pdf,14,9,36,pdfplumber-table3-v1
N24001101,KURUDWADI TO PANDHARPUR,MoRTH,,RAILWAYS,MAHARASHTRA,,,2019-07,,,307.63,,208.22,2025-06,,,07/2019,,,307.63,,208.22,FR_JUNE_2025.pdf,14,10,37,pdfplumber-table3-v1
N24001102,PANDHARPUR TO SANGOLA,MoRTH,,RAILWAYS,MAHARASHTRA,,,2019-07,,,218.38,,176.99,2025-06,,,07/2019,,,218.38,,176.99,FR_JUNE_2025.pdf,15,1,38,pdfplumber-table3-v1
N24001138,PARLI PIMPLA DAHIGUDA,MoRTH,,RAILWAYS,MAHARASHTRA,,,2019-06,,,205.72,,813.5,2025-06,,,06/2019,,,205.72,,813.50,FR_JUNE_2025.pdf,15,2,39,pdfplumber-table3-v1
N38000001,CENTRE FOR DISABILITY SPORTS,CPWD,,SOCIAL JUSTICE,MADHYA PRADESH,,,2024-03,,,170.99,,162.63,2025-06,,,03/2024,,,170.99,,162.63,FR_JUNE_2025.pdf,15,4,40,pdfplumber-table3-v1
N28000159,KOCHI METRO RAIL PROJECT PHASE IB SECTION FROM S N JUNCTION TO THRIPUNITHURA,KMRCL,,URBAN DEVELOPMENT,KERALA,,,2023-09,,,355.7,,448.39,2025-06,,,09/2023,,,355.70,,448.39,FR_JUNE_2025.pdf,15,6,41,pdfplumber-table3-v1
N28000121,PUNE METRO RAIL PROJECT (PHASE 1),MMRC,,URBAN DEVELOPMENT,MAHARASHTRA,,,2021-11,,,11420.0,,13088.19,2025-06,,,11/2021,,,"11,420.00",,"13,088.19",FR_JUNE_2025.pdf,15,7,42,pdfplumber-table3-v1
609041,"IoE Projects [Civil Works], IIT Kharagpur","Indian Institute of Technology, Kharagpur",Department of Higher Education,Education,West Bengal,2018-01,2019-01,2023-03,2026-12,2025-08,287.2,,310.0,2025-09,01/2018,(01/2019),(03/2023),(12/2026),08/2025,287.2,(-),310,FlashReport_September_2025.pdf,33,3,1,pdfplumber-table3-v1
701371,Durgawati Reservoir Project,Irrigation and CAD-TG,"Department of Water Resources, River Development & GR",Water Resources,Bihar,,,2019-12,2026-03,2025-09,691.15,971.96,978.51,2025-09,04/1996,(04/1997),(12/2019),(03/2026),09/2025,691.15,(971.96),978.51,FlashReport_September_2025.pdf,33,7,2,pdfplumber-table3-v1
400117,Arjun Sahayak Project,Irrigation & Water Resources-UP,"Department of Water Resources, River Development & GR",Water Resources,Uttar Pradesh,2009-04,2009-04,2019-12,2019-12,2025-10,741.38,2465.68,3037.68,2025-09,04/2009,(04/2009),(12/2019),(12/2019),10/2025,741.38,(2465.68),3037.68,FlashReport_September_2025.pdf,33,8,3,pdfplumber-table3-v1
604792,"Assam Bio Refinery, ABRPL",Ministry of Petroleum & Natural Gas,Ministry of Petroleum & Natural Gas,Oil & Gas,Assam,2018-02,2018-02,2021-09,2025-09,2025-09,1750.0,4930.0,4770.0,2025-09,02/2018,(02/2018),(09/2021),(09/2025),09/2025,1750,(4930),4770,FlashReport_September_2025.pdf,33,12,4,pdfplumber-table3-v1
617303,"City Gas Distribution Project at Khagaria, Saharsa and Madhepura",Ministry of Petroleum & Natural Gas,Ministry of Petroleum & Natural Gas,Oil & Gas,Bihar,2019-03,2019-03,2030-03,2025-09,2025-09,163.0,163.0,96.95,2025-09,03/2019,(03/2019),(03/2030),(09/2025),09/2025,163,(163),96.95,FlashReport_September_2025.pdf,33,13,5,pdfplumber-table3-v1
708655,Operationalization of Coastal Berth & Shallow Water Berth through PPP,Jawaharlal Nehru Port Authority [JNPA],"Ministry of Ports, Shipping and Waterways",Shipping,Maharashtra,,2021-07,2026-01,,,366.8,,376.86,2025-09,,(07/2021),(01/2026),(-),NA,366.8,(-),376.86,FlashReport_September_2025.pdf,33,17,6,pdfplumber-table3-v1
709761,HP Trijet Unit in Visakh Refinery,Hindustan Petroleum Corporation Limited,Ministry of Petroleum & Natural Gas,Oil & Gas,Andhra Pradesh,2024-07,2024-07,2027-07,2025-11,2025-11,193.0,193.0,0.43,2025-10,07/2024,(07/2024),(07/2027),(11/2025),11/2025,193,(193),0.43,FlashReport_October_2025.pdf,33,3,1,pdfplumber-table3-v1
612998,Bathinda Sangrur Pipeline,Ministry of Petroleum and Natural Gas,Ministry of Petroleum & Natural Gas,Oil & Gas,Punjab,2021-11,2021-11,2024-05,2025-10,2015-10,367.0,397.0,355.93,2025-10,11/2021,(11/2021),(05/2024),(10/2025),10/2015,367,(397),355.93,FlashReport_October_2025.pdf,33,4,2,pdfplumber-table3-v1
611938,Vijapur Ambliyasan Gauge Conversion,Western Railway (WR) - II,Ministry of Railways,Railways,Gujarat,2022-05,2022-05,2026-05,2025-10,2025-10,415.38,415.38,701.04,2025-10,05/2022,(05/2022),(05/2026),(10/2025),10/2025,415.38,(415.38),701.04,FlashReport_October_2025.pdf,33,8,3,pdfplumber-table3-v1
611939,Himmatnagar Khedbrahma Gauge Conversion,Western Railway (WR) - II,Ministry of Railways,Railways,Gujarat,2022-06,2017-04,2001-06,2025-08,2025-08,482.42,482.42,894.4,2025-10,06/2022,(04/2017),(06/2001),(08/2025),08/2025,482.42,(482.42),894.4,FlashReport_October_2025.pdf,33,9,4,pdfplumber-table3-v1
705566,Domingarh-Gorakhpur-Gorakhpur Cantt.-Kusumhi - 3rd Railway Line Project,North Eastern Railway [NER],Ministry of Railways,Railways,Uttar Pradesh,2016-11,2018-06,2025-02,2025-09,2025-09,351.0,521.47,499.64,2025-10,11/2016,(06/2018),(02/2025),(09/2025),09/2025,351,(521.47),499.64,FlashReport_October_2025.pdf,33,10,5,pdfplumber-table3-v1
705863,Bahraich - Nanpara - Nepalganj Road Gauge Conversion,North Eastern Railway [NER],Ministry of Railways,Railways,Uttar Pradesh,2020-07,2021-04,2025-07,2025-09,2025-09,950.0,550.0,507.02,2025-10,07/2020,(04/2021),(07/2025),(09/2025),09/2025,950,(550),507.02,FlashReport_October_2025.pdf,33,11,6,pdfplumber-table3-v1
701091,Lucknow Airport-Terminal 3- Phase 1 & Other Associated Works,Adani Airport Holdings Limited,Ministry of Civil Aviation,Aviation & Aviation Infrastructure,Uttar Pradesh,2018-06,2018-09,2026-03,,2024-03,3100.0,,3112.57,2025-11,06/2018,(09/2018),(03/2026),(-),03/2024,3100,(-),3112.57,FlashReport_November_2025.pdf,33,3,1,pdfplumber-table3-v1
613795,JAMPALI OC RCE [2.0 MTY],South Eastern Coalfields Limited [SECL],Ministry of Coal,Coal,Chhattisgarh,2020-05,2020-05,2025-03,2025-06,2024-08,278.64,,210.07,2025-11,05/2020,(05/2020),(03/2025),(06/2025),08/2024,278.64,(-),210.07,FlashReport_November_2025.pdf,33,7,2,pdfplumber-table3-v1
617282,"C/o 184 MS Flats for Hon'ble MPs at BKS Marg, New Delhi",Central Public Works Department [CPWD],Ministry of Housing & Urban Affairs,Construction,Delhi,2022-01,2022-05,2025-05,2025-09,2025-09,646.53,646.52,540.04,2025-11,01/2022,(05/2022),(05/2025),(09/2025),09/2025,646.53,(646.52),540.04,FlashReport_November_2025.pdf,33,11,3,pdfplumber-table3-v1
702682,Dibrugarh Water Supply Infrastructure Project,Ministry of Housing & Urban Affairs,Ministry of Housing & Urban Affairs,Waste & Water,Assam,2016-02,2020-01,2023-03,2026-01,2025-12,186.8,,186.8,2025-11,02/2016,(01/2020),(03/2023),(01/2026),12/2025,186.8,(-),186.8,FlashReport_November_2025.pdf,33,14,4,pdfplumber-table3-v1
612688,"Construction of New OPD Block 200 Bed ward Basement + GF + 6 Floors at the location of old OPD block, at existing ESIC Hospital/ Medical college campus, Sanathnagar, Hyderabad",Employee's State Insurance Company [ESIC],Ministry of Labour and Employment,Healthcare,Telangana,2017-11,2021-10,2024-06,2025-06,2025-06,211.13,,198.95,2025-11,11/2017,(10/2021),(06/2024),(06/2025),06/2025,211.13,(-),198.95,FlashReport_November_2025.pdf,33,18,5,pdfplumber-table3-v1
701564,"Construction of new dry dock at exisitng Cochin Shipyard Limited premises at Perumanoor, Kochi 682 015",Cochin Shipyard,"Ministry of Ports, Shipping and Waterways",Shipping,Kerala,2018-04,2018-05,2022-12,2025-03,2025-03,1799.0,,1558.39,2025-11,04/2018,(05/2018),(12/2022),(03/2025),03/2025,1799,(-),1558.39,FlashReport_November_2025.pdf,33,22,6,pdfplumber-table3-v1
611737,Western Region Expansion Scheme-XXV,Power Grid Corporation of India Limited [POWERGRID],Ministry of Power,Transmission & Distribution,Chhattisgarh,2022-05,2022-05,2023-08,2025-10,,385.84,,385.84,2025-11,05/2022,(05/2022),(08/2023),(10/2025),NA,385.84,(-),385.84,FlashReport_November_2025.pdf,33,26,7,pdfplumber-table3-v1
608301,Transmission system strengthening scheme for evacuation of power from solar energy zones in Rajasthan 8.1 GW under Phase II- Part- G1,Power Grid Corporation of India Limited [POWERGRID],Ministry of Power,Transmission & Distribution,Delhi,2022-02,2022-02,2023-09,2025-12,2025-11,359.47,,359.47,2025-11,02/2022,(02/2022),(09/2023),(12/2025),11/2025,359.47,(-),359.47,FlashReport_November_2025.pdf,33,27,8,pdfplumber-table3-v1
611656,Transmission scheme for evacuation of 4.5GW RE injection at Khavda PS under Phase II- Part B,Power Grid Corporation of India Limited [POWERGRID],Ministry of Power,Transmission & Distribution,Gujarat,2023-03,2023-03,2025-03,2025-12,2025-12,1167.55,1167.0,1167.0,2025-11,03/2023,(03/2023),(03/2025),(12/2025),12/2025,1167.55,(1167),1167,FlashReport_November_2025.pdf,33,28,9,pdfplumber-table3-v1
611660,Establishment of Khavda Pooling Station-2 KPS2 in Khavda RE Park KPS2 TRANSMISSION SYSTEM LIMITED,Power Grid Corporation of India Limited [POWERGRID],Ministry of Power,Transmission & Distribution,Gujarat,2023-03,2023-03,2024-12,2025-11,2025-12,966.79,,966.79,2025-11,03/2023,(03/2023),(12/2024),(11/2025),12/2025,966.79,(-),966.79,FlashReport_November_2025.pdf,33,29,10,pdfplumber-table3-v1
608302,Transmission system for evacuation of Power from Pakaldul HEP in Chenab Valley HEPs - LTA System,Power Grid Corporation of India Limited [POWERGRID],Ministry of Power,Transmission & Distribution,Jammu and Kashmir,2022-02,2022-02,2025-04,2025-11,2025-11,318.12,,318.12,2025-11,02/2022,(02/2022),(04/2025),(11/2025),11/2025,318.12,(-),318.12,FlashReport_November_2025.pdf,33,30,11,pdfplumber-table3-v1
608922,Transmission System Strengthening Scheme for evacuation of power from SEZ in Rajasthan 8.1 GW under Phase II Part G,Power Grid Corporation of India Limited [POWERGRID],Ministry of Power,Transmission & Distribution,"Multi-States (Delhi, Haryana, Rajasthan)",2022-05,2022-05,2023-11,2025-12,,1666.0,2218.0,2218.0,2025-11,05/2022,(05/2022),(11/2023),(12/2025),NA,1666,(2218),2218,FlashReport_November_2025.pdf,33,31,12,pdfplumber-table3-v1
606781,Transmission System for Strengthening of Srinagar-Leh Tr. System,Power Grid Corporation of India Limited [POWERGRID],Ministry of Power,Transmission & Distribution,"Multi-States (Jammu and Kashmir, Ladakh)",2022-03,2022-03,2024-12,2025-11,2025-11,288.71,,288.71,2025-11,03/2022,(03/2022),(12/2024),(11/2025),11/2025,288.71,(-),288.71,FlashReport_November_2025.pdf,33,32,13,pdfplumber-table3-v1
610940,"Additional Infrastructure at IISc Bangalore-RCC Monolithic for Men Hostel S14, Women Hostel S11 , Postdoctoral Hostel S12 2 Block , International Hostel S 12 , D&E Block S 12 2 Block FR.",IISC Bangalore,Department of Higher Education,Education,Karnataka,2021-08,2021-08,2024-03,2025-12,2025-12,420.41,420.41,367.92,2025-12,08/2021,(08/2021),(03/2024),(12/2025),12/2025,420.41,(420.41),367.92,FlashReport_December_2025.pdf,35,3,1,pdfplumber-table3-v1
612135,Hostel 4 -Earlier Known as Hostel 20,"Indian Institute of Technology, Bombay",Department of Higher Education,Education,Maharashtra,2022-09,2023-12,2025-09,2025-12,2025-12,182.33,,178.17,2025-12,09/2022,(12/2023),(09/2025),(12/2025),12/2025,182.33,(-),178.17,FlashReport_December_2025.pdf,35,4,2,pdfplumber-table3-v1
709858,OPTICAL TRANSPORT NETWORK [OTN] PH-4 IN BSNL,BSNL,Department of Telecommunications,Telecommunication,PAN India,2024-02,2024-02,2025-08,2025-10,2025-10,810.99,,786.86,2025-12,02/2024,(02/2024),(08/2025),(10/2025),10/2025,810.99,(-),786.86,FlashReport_December_2025.pdf,35,8,3,pdfplumber-table3-v1
612063,"Construction of New Terminal Building, Second Link Taxi Track, Apron Expansion, and associated works at Prayagraj Airport- On Design & Build Basis.",Airport Authority of India [AAI],Ministry of Civil Aviation,Aviation & Aviation Infrastructure,Uttar Pradesh,,2023-08,2024-11,2025-10,2025-10,219.18,274.38,215.51,2025-12,,(08/2023),(11/2024),(10/2025),10/2025,219.18,(274.38),215.51,FlashReport_December_2025.pdf,35,12,4,pdfplumber-table3-v1
400145,CHHAL OC SEAM III [6 MTY],South Eastern Coalfields Limited [SECL],Ministry of Coal,Coal,Chhattisgarh,2013-12,2013-12,2022-03,2026-01,2025-12,610.63,,583.26,2025-12,12/2013,(12/2013),(03/2022),(01/2026),12/2025,610.63,(-),583.26,FlashReport_December_2025.pdf,35,16,5,pdfplumber-table3-v1
702842,Nagpur Water Supply Infrastructure Project,Ministry of Housing & Urban Affairs,Ministry of Housing & Urban Affairs,Waste & Water,Maharashtra,2015-12,2018-08,2023-03,2026-01,2026-01,273.78,271.86,267.57,2025-12,12/2015,(08/2018),(03/2023),(01/2026),01/2026,273.78,(271.86),267.57,FlashReport_December_2025.pdf,35,20,6,pdfplumber-table3-v1
612239,Construction of 100 bedded ESIC Hospital & 32 nos. of Staff qtrs at OMPURA J&K.,Employee's State Insurance Company [ESIC],Ministry of Labour and Employment,Healthcare,Jammu and Kashmir,2019-09,2021-12,2024-09,2025-12,2025-12,131.05,164.93,162.05,2025-12,09/2019,(12/2021),(09/2024),(12/2025),12/2025,131.05,(164.93),162.05,FlashReport_December_2025.pdf,35,24,7,pdfplumber-table3-v1
400158,Debottlenecking and Augmentation of Cryogenic facilities at Uran LPG Import Terminal,"Department of Water Resources, River Development & GR",Ministry of Petroleum & Natural Gas,Oil & Gas,Maharashtra,2021-04,2021-04,2024-02,2025-12,2025-12,1164.69,1629.86,1048.74,2025-12,04/2021,(04/2021),(02/2024),(12/2025),12/2025,1164.69,(1629.86),1048.74,FlashReport_December_2025.pdf,35,28,8,pdfplumber-table3-v1
610985,Construction of lube oil blending plant at Rasayani,Ministry of Petroleum & Natural Gas,Ministry of Petroleum & Natural Gas,Oil & Gas,Maharashtra,2022-05,2022-05,2023-12,2025-12,2025-12,423.39,526.26,333.48,2025-12,05/2022,(05/2022),(12/2023),(12/2025),12/2025,423.39,(526.26),333.48,FlashReport_December_2025.pdf,35,29,9,pdfplumber-table3-v1
709748,BIKANER SOLAR POWER PROJECT,Satluj Jal Vidyut Nigam [SJVN] Thermal Limited,Ministry of Power,Electricity Generation,Rajasthan,2021-10,2022-05,2024-04,2025-12,2025-12,5491.89,,5523.11,2025-12,10/2021,(05/2022),(04/2024),(12/2025),12/2025,5491.89,(-),5523.11,FlashReport_December_2025.pdf,35,33,10,pdfplumber-table3-v1
602194,Khurja super Thermal Power Plant [2X660 MW],THDC India Limited,Ministry of Power,Electricity Generation,Uttar Pradesh,2019-03,2019-08,2024-02,2025-09,2025-09,11089.42,13276.2,12888.23,2025-12,03/2019,(08/2019),(02/2024),(09/2025),09/2025,11089.42,(13276.2),12888.23,FlashReport_December_2025.pdf,35,34,11,pdfplumber-table3-v1
611659,Transmission system strengthening scheme for evacuation of power from solar energy zones in Rajasthan[8.1 GW] under phase-II- Part E,Power Grid Corporation of India Limited [POWERGRID],Ministry of Power,Transmission & Distribution,Rajasthan,2023-03,2023-03,2024-09,2026-01,2026-01,1433.28,1433.0,1433.0,2025-12,03/2023,(03/2023),(09/2024),(01/2026),01/2026,1433.28,(1433),1433,FlashReport_December_2025.pdf,35,37,12,pdfplumber-table3-v1
611937,Adraj Moti Vijapur 40 Kms,Western Railway (WR) - II,Ministry of Railways,Railways,Gujarat,2022-05,2022-05,2026-05,2025-12,2025-12,417.53,417.53,513.61,2025-12,05/2022,(05/2022),(05/2026),(12/2025),12/2025,417.53,(417.53),513.61,FlashReport_December_2025.pdf,35,41,13,pdfplumber-table3-v1
705300,Western Region Video Surveillance Project,RCIL,Ministry of Railways,Railways,PAN India,2020-06,2023-04,2023-12,2026-07,2026-01,227.59,,0.0,2025-12,06/2020,(04/2023),(12/2023),(07/2026),01/2026,227.59,(-),0,FlashReport_December_2025.pdf,35,42,14,pdfplumber-table3-v1
705779,"Phephna-Indara, Mau-Shahganj doubling excluding Indara-Mau",RVNL - I,Ministry of Railways,Railways,Uttar Pradesh,2017-05,2019-10,2024-12,2025-12,2025-12,1178.0,2215.0,2217.85,2025-12,05/2017,(10/2019),(12/2024),(12/2025),12/2025,1178,(2215),2217.85,FlashReport_December_2025.pdf,35,43,15,pdfplumber-table3-v1
705784,Janghai-Phaphamau Doubling Rail Line Project,RVNL,Ministry of Railways,Railways,Uttar Pradesh,2018-11,2020-03,2025-03,2025-01,2025-01,357.0,978.77,844.84,2025-12,11/2018,(03/2020),(03/2025),(01/2025),01/2025,357,(978.77),844.84,FlashReport_December_2025.pdf,36,1,16,pdfplumber-table3-v1
400065,Installation of 4th Slab Caster along with its Auxiliaries and a New Ladle Furnace in SMS-II at Rourkela Steel Plant,Steel Authority of India Limited [SAIL],Ministry of Steel,Steel,Odisha,2022-01,2022-02,2025-05,2025-09,,1105.23,,809.53,2025-12,01/2022,(02/2022),(05/2025),(09/2025),NA,1105.23,(-),809.53,FlashReport_December_2025.pdf,36,5,17,pdfplumber-table3-v1
400235,"Setting up a common user Petroleum Terminal at Jammu, J&K for resitement of existing PSU OMC's Depots from Jammu City",Bharat Petroleum Corporation Limited [BPCL],Ministry of Petroleum & Natural Gas,Energy Storage,Jammu and Kashmir,2023-04,2023-04,2025-03,2026-01,2026-01,676.89,715.89,587.36,2026-01,04/2023,(04/2023),(03/2025),(01/2026),01/2026,676.89,(715.89),587.36,FlashReport_January_2026.pdf,36,3,1,pdfplumber-table3-v1
611657,Transmission scheme for evacuation of 4.5GW RE injection at Khavda PS under Phase II- Part C,Power Grid Corporation of India Limited [POWERGRID],Ministry of Power,Transmission & Distribution,Gujarat,2023-03,2023-03,2025-03,2026-01,2026-01,2820.99,,2820.99,2026-01,03/2023,(03/2023),(03/2025),(01/2026),01/2026,2820.99,(-),2820.99,FlashReport_January_2026.pdf,36,7,2,pdfplumber-table3-v1
400234,Third Railway Line between Patratu-Sonnagar [291 kms],RVNL - II,Ministry of Railways,Railways,"Multi-States (Bihar, Jharkhand)",2016-11,2018-08,2026-03,2026-07,2026-02,8975.0,8975.0,5690.22,2026-01,11/2016,(08/2018),(03/2026),(07/2026),02/2026,8975,(8975),5690.22,FlashReport_January_2026.pdf,36,11,3,pdfplumber-table3-v1
702948,Jaunpur Sewerage Management Infrastructure Project,Ministry of Housing & Urban Affairs,Ministry of Housing & Urban Affairs,Waste & Water,Uttar Pradesh,2017-03,2019-08,2023-06,2026-03,2026-03,235.73,231.62,231.62,2026-02,03/2017,(08/2019),(06/2023),(03/2026),03/2026,235.73,(231.62),231.62,FlashReport_February_2026.pdf,36,3,1,pdfplumber-table3-v1
709790,Replacement and Extension of Jetty Pipelines [REJP] at KR,Bharat Petroleum Corporation Limited [BPCL],Ministry of Petroleum & Natural Gas,Oil & Gas,Kerala,2023-03,2023-03,2026-03,2026-02,2026-02,621.87,372.0,220.0,2026-02,03/2023,(03/2023),(03/2026),(02/2026),02/2026,621.87,(372),220,FlashReport_February_2026.pdf,36,7,2,pdfplumber-table3-v1
709789,Installation of Independent De- Aromatized Solvents [DAS] production facilities at MR,Bharat Petroleum Corporation Limited [BPCL],Ministry of Petroleum & Natural Gas,Oil & Gas,Maharashtra,2023-03,2023-03,2025-07,2026-02,2026-02,405.0,343.0,254.56,2026-02,03/2023,(03/2023),(07/2025),(02/2026),02/2026,405,(343),254.56,FlashReport_February_2026.pdf,36,8,3,pdfplumber-table3-v1
400161,"PP Project, Pata",Gas Authority of India Limited [GAIL],Ministry of Petroleum & Natural Gas,Oil & Gas,Uttar Pradesh,2019-03,2019-03,2024-01,2026-02,2026-02,910.56,1299.02,1082.0,2026-02,03/2019,(03/2019),(01/2024),(02/2026),02/2026,910.56,(1299.02),1082,FlashReport_February_2026.pdf,36,9,4,pdfplumber-table3-v1
611950,Transmission system for evacuation of power from REZ in Rajasthan 20 GW under Phase-III part B1,Power Grid Corporation of India Limited [POWERGRID],Ministry of Power,Transmission & Distribution,Rajasthan,2023-09,2023-09,2025-04,2026-02,2026-03,2190.54,,2190.54,2026-02,09/2023,(09/2023),(04/2025),(02/2026),03/2026,2190.54,(-),2190.54,FlashReport_February_2026.pdf,36,13,5,pdfplumber-table3-v1
705789,Penukonda - Dharmavaram Doubling Project [41.5 Km],South Western Railway [SWR] - II,Ministry of Railways,Railways,Andhra Pradesh,2018-06,2018-12,2026-03,2026-03,2026-02,307.66,307.66,311.28,2026-02,06/2018,(12/2018),(03/2026),(03/2026),02/2026,307.66,(307.66),311.28,FlashReport_February_2026.pdf,36,17,6,pdfplumber-table3-v1
611944,Quadrupling between Gandhidham Adipur with Y connection at Adipur for providing direct entry towards Mundra Port and Bhuj and high level platform at Gopalpur 11Kms,Western Railway [WR] - II,Ministry of Railways,Railways,Gujarat,2023-02,2023-02,2026-03,2026-01,2026-02,152.44,152.44,120.36,2026-02,02/2023,(02/2023),(03/2026),(01/2026),02/2026,152.44,(152.44),120.36,FlashReport_February_2026.pdf,36,18,7,pdfplumber-table3-v1
705635,Trivandrum- Kanyakumari,Southern Railway [SR] - I,Ministry of Railways,Railways,"Multi-States (Kerala, Tamil Nadu)",2017-08,2016-03,2025-03,2026-12,2026-03,1432.0,3785.45,2882.55,2026-02,08/2017,(03/2016),(03/2025),(12/2026),03/2026,1432,(3785.45),2882.55,FlashReport_February_2026.pdf,36,19,8,pdfplumber-table3-v1
618424,Construction of 2-Laning with hard shoulders of Hayuliang Hawai bypass Road on EPC basis from design Km. 51.825 to Km. 63.131 Existing Km 45.050 of HayuliangHawai road to Hawai Town under SARDP-NE -Balance work Pkg - IV,NHIDCL,Ministry of Road Transport & Highways,Roads & Highways,Arunachal Pradesh,2017-01,2021-05,2023-05,2026-07,,256.66,216.76,0.0,2026-02,01/2017,(05/2021),(05/2023),(07/2026),NA,256.66,(216.76),0,FlashReport_February_2026.pdf,36,23,9,pdfplumber-table3-v1
701600,354 Uncovered Villages Scheme,Department of Telecommunications [DoT],Department of Telecommunications,Telecommunication,"Multi-States (Bihar, Gujarat, Himachal Pradesh, Jammu and Kashmir, Ladakh, Rajasthan, Uttar Pradesh)",2019-12,2020-04,2021-10,2025-08,,336.89,301.13,246.04,2026-03,12/2019,(04/2020),(10/2021),(08/2025),NA,336.89,(301.13),246.04,FlashReport_March_2026.pdf,36,3,1,pdfplumber-table3-v1
702631,"Ahmedabad Metro Rail Project, Phase-II",Gujarat Metro Rail Corporation Limited [GMRCL],Ministry of Housing & Urban Affairs,Urban Public Transport,Gujarat,2019-03,2019-03,2024-03,2025-12,,5384.17,,5358.41,2026-03,03/2019,(03/2019),(03/2024),(12/2025),NA,5384.17,(-),5358.41,FlashReport_March_2026.pdf,36,7,2,pdfplumber-table3-v1
702633,Delhi-Ghaziabad-Meerut Regional Rapid Transit System [RRTS] corridor,National Capital Region Transport Corporation [NCRTC],Ministry of Housing & Urban Affairs,Urban Public Transport,"Multi-States (Delhi, Uttar Pradesh)",2019-03,2019-03,2025-06,2026-02,2026-02,30274.0,30274.0,27950.13,2026-03,03/2019,(03/2019),(06/2025),(02/2026),02/2026,30274,(30274),27950.13,FlashReport_March_2026.pdf,36,8,3,pdfplumber-table3-v1
612185,C/o Construction of 200 bedded [Up-gradable to 300 bedded] ESI Hospital at Surat Gujarat.,Employee's State Insurance Company [ESIC],Ministry of Labour and Employment,Healthcare,Gujarat,2019-06,2021-03,2025-06,2026-01,,209.36,,202.62,2026-03,06/2019,(03/2021),(06/2025),(01/2026),NA,209.36,(-),202.62,FlashReport_March_2026.pdf,36,12,4,pdfplumber-table3-v1
616235,Construction of Aviation Fuel farm Facilities at Bhogapuram Airport,Ministry of Petroleum & Natural Gas,Ministry of Petroleum & Natural Gas,Energy Storage,Andhra Pradesh,2024-08,2024-08,2026-03,2026-03,2026-03,240.0,240.0,152.91,2026-03,08/2024,(08/2024),(03/2026),(03/2026),03/2026,240,(240),152.91,FlashReport_March_2026.pdf,36,16,5,pdfplumber-table3-v1
400077,"Grass root POL Terminal at Vallur, Chennai",Indian Oil Corporation Limited [IOCL],Ministry of Petroleum & Natural Gas,Energy Storage,Tamil Nadu,2022-01,2022-01,2024-12,2026-03,2026-03,827.0,887.71,661.1,2026-03,01/2022,(01/2022),(12/2024),(03/2026),03/2026,827,(887.71),661.1,FlashReport_March_2026.pdf,36,17,6,pdfplumber-table3-v1
709766,"City Gas Distribution Project at Kurnool, Guntur & Prakasam Districts",MinistryofPetroleumNaturalGas,Ministry of Petroleum & Natural Gas,Oil & Gas,Andhra Pradesh,2022-03,2022-03,2030-03,2026-03,2026-03,1420.0,1420.0,171.55,2026-03,03/2022,(03/2022),(03/2030),(03/2026),03/2026,1420,(1420),171.55,FlashReport_March_2026.pdf,36,20,7,pdfplumber-table3-v1
709846,Part Replacement Pipeline Project [PRPP],Oil and Natural Gas Corporation Limited [ONGC],Ministry of Petroleum & Natural Gas,Oil & Gas,Maharashtra,2022-11,2022-11,2024-05,2026-03,2026-03,1219.48,1145.1,833.21,2026-03,11/2022,(11/2022),(05/2024),(03/2026),03/2026,1219.48,(1145.1),833.21,FlashReport_March_2026.pdf,36,21,8,pdfplumber-table3-v1
701350,Upgradation of Facilities of Numaligarh-Siliguri Product Pipeline [NSPL] for transportation of additional products from existing 1.72 MMTPA to 5.5 MMTPA,Ministry of Petroleum & Natural Gas,Ministry of Petroleum & Natural Gas,Oil & Gas,"Multi-States (Assam, West Bengal)",2021-06,2021-06,2024-12,2026-03,2026-03,860.0,750.0,639.43,2026-03,06/2021,(06/2021),(12/2024),(03/2026),03/2026,860,(750),639.43,FlashReport_March_2026.pdf,36,22,9,pdfplumber-table3-v1
701568,Construction of oil jetty No.8 at old kandla through internal resources,Deendayal Port Trust [DPT],"Ministry of Ports, Shipping and Waterways",Shipping,Gujarat,2018-02,2021-02,2023-02,2024-07,2024-03,100.0,225.85,186.47,2026-03,02/2018,(02/2021),(02/2023),(07/2024),03/2024,100,(225.85),186.47,FlashReport_March_2026.pdf,36,26,10,pdfplumber-table3-v1
701576,Berth No. 2 [previously Berth 3] of HDC Mechanization Project,"Haldia Dock Complex, Syama Prasad Mookerjee Port Authority","Ministry of Ports, Shipping and Waterways",Shipping,West Bengal,2022-11,2023-03,2025-09,2026-01,2026-01,298.26,298.26,480.0,2026-03,11/2022,(03/2023),(09/2025),(01/2026),01/2026,298.26,(298.26),480,FlashReport_March_2026.pdf,36,27,11,pdfplumber-table3-v1
602193,Tehri Pumped Storage Plant Project [4x250 MW],THDC India Limited,Ministry of Power,Electricity Generation,Uttarakhand,2006-07,2011-06,2022-06,2026-04,2026-04,4825.6,8339.0,8267.03,2026-03,07/2006,(06/2011),(06/2022),(04/2026),04/2026,4825.6,(8339),8267.03,FlashReport_March_2026.pdf,36,31,12,pdfplumber-table3-v1
612856,Augmentation of 1x1500 MVA 3rd 765/400 kV transformation capacity at Kurnool New Substation,Power Grid Corporation of India Limited [POWERGRID],Ministry of Power,Transmission & Distribution,Andhra Pradesh,2023-05,2023-12,2025-09,2026-03,2026-03,163.61,,163.61,2026-03,05/2023,(12/2023),(09/2025),(03/2026),03/2026,163.61,(-),163.61,FlashReport_March_2026.pdf,36,34,13,pdfplumber-table3-v1
705651,Katni - Bina Third Railway Line [279 km],West Central Railway WCR I,Ministry of Railways,Railways,Madhya Pradesh,2016-06,2017-01,2022-03,2026-02,2026-03,2478.23,4127.23,3368.11,2026-03,06/2016,(01/2017),(03/2022),(02/2026),03/2026,2478.23,(4127.23),3368.11,FlashReport_March_2026.pdf,36,38,14,pdfplumber-table3-v1
705662,Hotgi-Kudgi-Gadag Doubling Project,South Western Railway [SWR] - II,Ministry of Railways,Railways,"Multi-States (Karnataka, Maharashtra)",2014-04,2016-01,2024-12,2026-03,2026-03,1878.0,2459.0,2771.29,2026-03,04/2014,(01/2016),(12/2024),(03/2026),03/2026,1878,(2459),2771.29,FlashReport_March_2026.pdf,36,39,15,pdfplumber-table3-v1
618575,"6L Standalone Flyovers at Bongaigaon, Chapaguri, Pathsala, Simlaguri chowk and Baihata Bypass Junctions on stretches of NH-31 and NH-27",National Highways Authority of India [NHAI],Ministry of Road Transport & Highways,Roads & Highways,Assam,2022-03,2023-01,2024-07,2026-02,,457.72,412.15,371.63,2026-03,03/2022,(01/2023),(07/2024),(02/2026),NA,457.72,(412.15),371.63,FlashReport_March_2026.pdf,36,43,16,pdfplumber-table3-v1
618461,Delhi-Vadodara Greenfield Alignment NH-148N Pkg-30 Ch 803420 to Ch.824920 [Baletiya Village - Junction near Pratap Nagar Village],National Highways Authority of India [NHAI],Ministry of Road Transport & Highways,Roads & Highways,Gujarat,2019-11,2021-09,2023-09,2026-01,,1800.73,1800.73,1090.06,2026-03,11/2019,(09/2021),(09/2023),(01/2026),NA,1800.73,(1800.73),1090.06,FlashReport_March_2026.pdf,37,1,17,pdfplumber-table3-v1
618546,Construction of Tunnels/Viaducts at identified sliding/slip zones at Km 130.550 to Km.130.750 Km. 131.170 to Km. 131.763 Km. 132.560 to Km. 133.168 Km. 133.590 to Km. 133.743 and Km. 147.877 to Km. 148.715 of Udhampur-Ramban section of NH-44,National Highways Authority of India [NHAI],Ministry of Road Transport & Highways,Roads & Highways,Jammu and Kashmir,2021-09,2022-04,2023-10,2025-12,,442.14,533.11,458.86,2026-03,09/2021,(04/2022),(10/2023),(12/2025),NA,442.14,(533.11),458.86,FlashReport_March_2026.pdf,37,2,18,pdfplumber-table3-v1
618548,Stand-alone Ring road/bypass around Jammu City from Raya Morh km. -0.687 to Jagti km. 57.568,National Highways Authority of India [NHAI],Ministry of Road Transport & Highways,Roads & Highways,Jammu and Kashmir,2017-12,2018-01,2021-01,2026-01,,2023.88,2117.63,996.53,2026-03,12/2017,(01/2018),(01/2021),(01/2026),NA,2023.88,(2117.63),996.53,FlashReport_March_2026.pdf,37,3,19,pdfplumber-table3-v1
619115,4L of Byrapura to Challakere Section from km 308.550 to km 358.500 of NH-150 A,National Highways Authority of India [NHAI],Ministry of Road Transport & Highways,Roads & Highways,Karnataka,2018-03,2018-12,2020-12,2026-03,,796.77,1195.54,430.26,2026-03,03/2018,(12/2018),(12/2020),(03/2026),NA,796.77,(1195.54),430.26,FlashReport_March_2026.pdf,37,4,20,pdfplumber-table3-v1
618696,Bellary to Byrapura Section km 253.600 to km 308.550 of NH-150A,National Highways Authority of India [NHAI],Ministry of Road Transport & Highways,Roads & Highways,"Multi-States (Andhra Pradesh, Karnataka)",2018-03,2019-10,2021-10,2026-03,,1281.47,1689.6,553.21,2026-03,03/2018,(10/2019),(10/2021),(03/2026),NA,1281.47,(1689.6),553.21,FlashReport_March_2026.pdf,37,5,21,pdfplumber-table3-v1
618876,4L of Nagina-Kashipur section from km. 73.00 to km. 175.00 of NH-74,National Highways Authority of India [NHAI],Ministry of Road Transport & Highways,Roads & Highways,"Multi-States (Uttar Pradesh, Uttarakhand)",2015-01,2017-10,2020-04,2026-02,,2125.03,2531.19,496.78,2026-03,01/2015,(10/2017),(04/2020),(02/2026),NA,2125.03,(2531.19),496.78,FlashReport_March_2026.pdf,37,6,22,pdfplumber-table3-v1
618789,6L of IT City Chowk to Kurali Chandigarh Road,National Highways Authority of India [NHAI],Ministry of Road Transport & Highways,Roads & Highways,Punjab,2021-03,2022-10,2024-10,2025-12,,1525.31,1936.54,1695.39,2026-03,03/2021,(10/2022),(10/2024),(12/2025),NA,1525.31,(1936.54),1695.39,FlashReport_March_2026.pdf,37,7,23,pdfplumber-table3-v1
618689,4L Rampur Bypass from Km. 181.000 to Km. 189.500,National Highways Authority of India [NHAI],Ministry of Road Transport & Highways,Roads & Highways,Uttar Pradesh,2021-10,2022-10,2024-04,2026-03,,364.47,307.95,272.05,2026-03,10/2021,(10/2022),(04/2024),(03/2026),NA,364.47,(307.95),272.05,FlashReport_March_2026.pdf,37,8,24,pdfplumber-table3-v1
709827,CONSTRUCTION OF RESIDENTIAL TOWERS AT BIOM KIRANDUL COMPLEX,National Mineral Development Corporation Limited [NMDC],Ministry of Steel,Steel,Chhattisgarh,2021-07,2022-10,2025-12,2026-03,2026-03,349.75,,326.85,2026-03,07/2021,(10/2022),(12/2025),(03/2026),03/2026,349.75,(-),326.85,FlashReport_March_2026.pdf,37,12,25,pdfplumber-table3-v1
707267,Upgradation of Sewerage system in Gandhinagar City,ministry of housing and urban affairs,Ministry of Housing & Urban Affairs,Waste & Water,Gujarat,2020-07,2021-03,2023-06,,2026-03,200.0,,100.0,2026-04,07/2020,(03/2021),(06/2023),(-),03/2026,200,(-),100,FlashReport_April2026.pdf,35,3,1,pdfplumber-table3-v1
702735,Sewerage Management Scheme Part-3 Implementation,Ministry of Housing & Urban Affairs,Ministry of Housing & Urban Affairs,Waste & Water,Haryana,2017-03,2018-10,2023-03,2026-04,2026-04,213.19,,180.32,2026-04,03/2017,(10/2018),(03/2023),(04/2026),04/2026,213.19,(-),180.32,FlashReport_April2026.pdf,35,4,2,pdfplumber-table3-v1
702764,24/7 water supply under AMRUT for Davanagere,Ministry of Housing & Urban Affairs,Ministry of Housing & Urban Affairs,Waste & Water,Karnataka,2016-11,2018-01,2023-03,2026-05,2026-05,174.96,,171.6,2026-04,11/2016,(01/2018),(03/2023),(05/2026),05/2026,174.96,(-),171.6,FlashReport_April2026.pdf,35,5,3,pdfplumber-table3-v1
702798,Jabalpur Sewerage Management and Treatment Infrastructure Project,Ministry of Housing & Urban Affairs,Ministry of Housing & Urban Affairs,Waste & Water,Madhya Pradesh,2018-10,2017-12,2023-03,2026-04,2026-04,362.31,,332.05,2026-04,10/2018,(12/2017),(03/2023),(04/2026),04/2026,362.31,(-),332.05,FlashReport_April2026.pdf,35,6,4,pdfplumber-table3-v1
612178,"Construction of 100 Bedded ESIC Hospital building and 32 Nos Residential Quarters at Vallam Vadangal, SIPCOT, Sriperumbudur",Employee's State Insurance Company [ESIC],Ministry of Labour and Employment,Healthcare,Tamil Nadu,2015-02,2023-03,2025-06,2026-05,2026-05,152.95,177.01,130.22,2026-04,02/2015,(03/2023),(06/2025),(05/2026),05/2026,152.95,(177.01),130.22,FlashReport_April2026.pdf,35,10,5,pdfplumber-table3-v1
612151,Transmission System for Evacuation of Power from potential Renewable Energy zone in Khavda Area of Gujarat under Phase IV [7 GW] Part E3,Power Grid Corporation of India Limited [POWERGRID],Ministry of Power,Transmission & Distribution,Gujarat,2023-07,2023-07,2025-07,2026-04,2026-04,334.0,,334.0,2026-04,07/2023,(07/2023),(07/2025),(04/2026),04/2026,334,(-),334,FlashReport_April2026.pdf,35,14,6,pdfplumber-table3-v1
611951,Transmission system for evacuation of power from REZ in Rajasthan 20GW under Phase-III Part E1,Power Grid Corporation of India Limited [POWERGRID],Ministry of Power,Transmission & Distribution,Rajasthan,2021-12,2023-08,2025-02,2026-04,2026-04,688.74,,688.74,2026-04,12/2021,(08/2023),(02/2025),(04/2026),04/2026,688.74,(-),688.74,FlashReport_April2026.pdf,35,15,7,pdfplumber-table3-v1
705503,Pune - Miraj-Londa [467 Kilometres],Central Railway,Ministry of Railways,Railways,Maharashtra,2016-06,2016-06,2025-02,2025-08,,4027.53,4872.52,4924.05,2026-04,06/2016,(06/2016),(02/2025),(08/2025),NA,4027.53,(4872.52),4924.05,FlashReport_April2026.pdf,35,19,8,pdfplumber-table3-v1
618555,"Flyover at Km.544.650 including ROB, Service Roads ,Footpath for RCC drains on urban link to Nagpur -Raipur road Pardi octroi Naka to Itwari",National Highways Authority of India [NHAI],Ministry of Road Transport & Highways,Roads & Highways,Maharashtra,2015-12,2016-03,2019-03,2026-04,,1097.81,758.4,316.23,2026-04,12/2015,(03/2016),(03/2019),(04/2026),NA,1097.81,(758.4),316.23,FlashReport_April2026.pdf,35,23,9,pdfplumber-table3-v1
612819,300 MW SPP part of 510 MW CPSU scheme,NLC India Limited [NLCIL],Ministry of Coal,Electricity Generation,Rajasthan,2022-07,2023-03,2024-09,2026-01,2026-01,1813.0,1813.0,1753.07,2026-05,07/2022,(03/2023),(09/2024),(01/2026),01/2026,1813,(1813),1753.07,FlashReport_May2026.pdf,35,3,1,pdfplumber-table3-v1
615327,50 MW Solar PP Minedout Area,NLC India Limited [NLCIL],Ministry of Coal,Electricity Generation,Tamil Nadu,2023-08,2024-02,2025-03,2026-01,2026-01,218.03,,170.13,2026-05,08/2023,(02/2024),(03/2025),(01/2026),01/2026,218.03,(-),170.13,FlashReport_May2026.pdf,35,4,2,pdfplumber-table3-v1
400259,Ghatampur Thermal Power Plant 3 X 660 MW,NLC India Limited [NLCIL],Ministry of Coal,Electricity Generation,Uttar Pradesh,2016-07,2016-08,2020-11,2026-06,2026-06,17237.8,21780.9,21287.24,2026-05,07/2016,(08/2016),(11/2020),(06/2026),06/2026,17237.8,(21780.9),21287.24,FlashReport_May2026.pdf,35,5,3,pdfplumber-table3-v1
702639,Ahmedabad Metro Rail Project [Phase-I],Gujarat Metro Rail Corporation Limited [GMRCL],Ministry of Housing & Urban Affairs,Urban Public Transport,Gujarat,2014-11,2015-02,2018-03,2026-05,2026-05,10773.0,12924.5,12521.43,2026-05,11/2014,(02/2015),(03/2018),(05/2026),05/2026,10773,(12924.5),12521.43,FlashReport_May2026.pdf,35,9,4,pdfplumber-table3-v1
702840,Mira-Bhayandar Water Supply Infrastructure Project,Ministry of Housing & Urban Affairs,Ministry of Housing & Urban Affairs,Waste & Water,Maharashtra,2016-11,2018-08,2023-03,2026-06,2026-06,204.55,,193.2,2026-05,11/2016,(08/2018),(03/2023),(06/2026),06/2026,204.55,(-),193.2,FlashReport_May2026.pdf,35,12,5,pdfplumber-table3-v1
702854,Solapur Sewerage Management Infrastructure Project,Ministry of Housing & Urban Affairs,Ministry of Housing & Urban Affairs,Waste & Water,Maharashtra,2017-03,2018-04,2023-03,2026-06,2026-06,180.24,,172.22,2026-05,03/2017,(04/2018),(03/2023),(06/2026),06/2026,180.24,(-),172.22,FlashReport_May2026.pdf,35,13,6,pdfplumber-table3-v1
612201,"Construction of 200 bedded ESIC Hospital with 62 Nos Staff quarters , Beltola",Employee's State Insurance Company [ESIC],Ministry of Labour and Employment,Healthcare,Assam,2017-12,2021-10,2025-04,2026-06,2026-05,143.23,154.75,130.08,2026-05,12/2017,(10/2021),(04/2025),(06/2026),05/2026,143.23,(154.75),130.08,FlashReport_May2026.pdf,35,17,7,pdfplumber-table3-v1
612188,"Construction of 200 Bedded [Upgradable to 500 Bedded including 50 beds of SST] ESIC Hospital at Bibewadi, Pune",Employee's State Insurance Company [ESIC],Ministry of Labour and Employment,Healthcare,Maharashtra,2018-05,2023-03,2025-09,2026-08,,429.25,,341.9,2026-05,05/2018,(03/2023),(09/2025),(08/2026),NA,429.25,(-),341.9,FlashReport_May2026.pdf,35,18,8,pdfplumber-table3-v1
607701,"Guwahati Refinery Expansion [1.0 to 1.2 MMTPA] along with installation of CRU, Guwahati Refinery",Ministry of Petroleum & Natural Gas,Ministry of Petroleum & Natural Gas,Oil & Gas,Assam,2021-05,2021-05,2023-10,2026-05,2026-05,412.3,577.0,487.31,2026-05,05/2021,(05/2021),(10/2023),(05/2026),05/2026,412.3,(577),487.31,FlashReport_May2026.pdf,35,22,9,pdfplumber-table3-v1
709757,"CGD Project in Banka, Dumka, Godda, Jamtara, Pakur, Sahibganj GA ID 11A.02",Hindustan Petroleum Corporation Limited,Ministry of Petroleum & Natural Gas,Oil & Gas,"Multi-States (Bihar, Jharkhand)",2022-06,2022-06,2030-06,2026-05,2026-05,1377.0,1377.0,377.51,2026-05,06/2022,(06/2022),(06/2030),(05/2026),05/2026,1377,(1377),377.51,FlashReport_May2026.pdf,35,23,10,pdfplumber-table3-v1
701354,Mumbai Nagpur Jharsuguda Pipeline Project,Ministry of Petroleum & Natural Gas,Ministry of Petroleum & Natural Gas,Oil & Gas,"Multi-States (Chhattisgarh, Madhya Pradesh, Maharashtra, Odisha)",2020-06,2020-06,2023-05,2026-06,2026-05,7844.25,8255.0,7109.3,2026-05,06/2020,(06/2020),(05/2023),(06/2026),05/2026,7844.25,(8255),7109.3,FlashReport_May2026.pdf,35,24,11,pdfplumber-table3-v1
709758,"CGD Project in Malda, Birbhum, Murshidabad, Dakshin Dinajpur GA ID 11A.03",Hindustan Petroleum Corporation Limited,Ministry of Petroleum & Natural Gas,Oil & Gas,West Bengal,2022-06,2022-06,2030-06,2026-05,2026-05,2628.0,2628.0,390.91,2026-05,06/2022,(06/2022),(06/2030),(05/2026),05/2026,2628,(2628),390.91,FlashReport_May2026.pdf,35,25,12,pdfplumber-table3-v1
400005,Transmission Network Expansion in Gujarat to increase its ATC from ISTS Part B,Power Grid Corporation of India Limited [POWERGRID],Ministry of Power,Transmission & Distribution,"Multi-States (Dadra & Nagar Haveli and Daman & Diu, Gujarat, Maharashtra)",2022-01,2022-07,2023-06,2026-05,2026-05,4546.26,,4546.26,2026-05,01/2022,(07/2022),(06/2023),(05/2026),05/2026,4546.26,(-),4546.26,FlashReport_May2026.pdf,35,29,13,pdfplumber-table3-v1
611947,Transmission System for Evacuation of Power from REZ in Rajasthan 20GW under Phase III- Part E2,Power Grid Corporation of India Limited [POWERGRID],Ministry of Power,Transmission & Distribution,Rajasthan,2023-11,2023-11,2025-06,2026-06,2026-05,428.3,,428.3,2026-05,11/2023,(11/2023),(06/2025),(06/2026),05/2026,428.3,(-),428.3,FlashReport_May2026.pdf,35,30,14,pdfplumber-table3-v1
619137,4L of Dwarka-Khambaliya-Devariya section from km 203.500 to km 176.500 and from km 171.800 to km 125.000 of NH-151A,National Highways Authority of India [NHAI],Ministry of Road Transport & Highways,Roads & Highways,Gujarat,2019-01,2020-02,2022-08,2026-05,,1024.69,1753.95,885.64,2026-05,01/2019,(02/2020),(08/2022),(05/2026),NA,1024.69,(1753.95),885.64,FlashReport_May2026.pdf,35,34,15,pdfplumber-table3-v1
619070,Tumkur-Chitradurga,National Highways Authority of India [NHAI],Ministry of Road Transport & Highways,Roads & Highways,Karnataka,2010-04,2011-06,2013-12,2026-05,,839.0,47.44,8.42,2026-05,04/2010,(06/2011),(12/2013),(05/2026),NA,839,(47.44),8.42,FlashReport_May2026.pdf,35,35,16,pdfplumber-table3-v1
701105,Goa Airport Terminal Building Extension Project,Airport Authority of India [AAI],Ministry of Civil Aviation,Aviation & Aviation Infrastructure,Goa,2017-11,2019-12,2021-12,2026-04,,255.69,255.69,161.06,2026-06,11/2017,(12/2019),(12/2021),(04/2026),,255.69,(255.69),161.06,FlashReport_June_2026.pdf,36,3,1,pdfplumber-table3-v1
701263,Rajasthan Refinery Project,MinistryofPetroleumNaturalGas,Ministry of Petroleum & Natural Gas,Energy Storage,Rajasthan,2017-10,2017-10,2022-10,2026-06,,43129.0,79459.0,70293.57,2026-06,10/2017,(10/2017),(10/2022),(06/2026),,43129,(79459),70293.57,FlashReport_June_2026.pdf,36,7,2,pdfplumber-table3-v1
400035,"Grass Root Rail-fed Depot at Sekerkote, Agartala as resitement of existing Dharmanagar Depot",Indian Oil Corporation Limited [IOCL],Ministry of Petroleum & Natural Gas,Energy Storage,Tripura,2022-06,2022-06,2025-09,2026-06,,656.0,656.0,546.57,2026-06,06/2022,(06/2022),(09/2025),(06/2026),,656,(656),546.57,FlashReport_June_2026.pdf,36,8,3,pdfplumber-table3-v1
709760,HP TDAE Unit in Mumbai Refinery,Hindustan Petroleum Corporation Limited,Ministry of Petroleum & Natural Gas,Oil & Gas,Maharashtra,2024-06,2024-06,2026-04,2026-06,,240.0,240.0,160.8,2026-06,06/2024,(06/2024),(04/2026),(06/2026),,240,(240),160.8,FlashReport_June_2026.pdf,36,11,4,pdfplumber-table3-v1
709782,ATF Pipeline from Jawaharlal Nehru Port Trust to Navi Mumbai International Airport,Indian Oil Corporation Limited [IOCL],Ministry of Petroleum & Natural Gas,Oil & Gas,Maharashtra,2022-08,2022-08,2025-08,2026-06,,165.0,165.0,103.36,2026-06,08/2022,(08/2022),(08/2025),(06/2026),,165,(165),103.36,FlashReport_June_2026.pdf,36,12,5,pdfplumber-table3-v1
611967,Transmission Scheme for Solar Energy Zone in Ananthpuram 2500MW and Kurnool 1000MW,Power Grid Corporation of India Limited [POWERGRID],Ministry of Power,Transmission & Distribution,Andhra Pradesh,2023-09,2023-09,2025-09,2026-05,,823.0,,798.31,2026-06,09/2023,(09/2023),(09/2025),(05/2026),,823,(-),798.31,FlashReport_June_2026.pdf,36,16,6,pdfplumber-table3-v1
900808,Transmission System for Kurnool Wind Energy Zone/ Solar Energy Zone Part-A and Part-B,Power Grid Corporation of India Limited [POWERGRID],Ministry of Power,Transmission & Distribution,"Multi-States (Telangana, Andhra Pradesh)",2022-11,2023-03,2024-11,2026-05,,3546.94,,3546.94,2026-06,11/2022,(03/2023),(11/2024),(05/2026),,3546.94,(-),3546.94,FlashReport_June_2026.pdf,36,17,7,pdfplumber-table3-v1
611948,Transmission system for evacuation of power from REZ in Rajasthan 20 GW under Phase-III part H,Power Grid Corporation of India Limited [POWERGRID],Ministry of Power,Transmission & Distribution,Rajasthan,2023-10,2023-10,2025-04,2026-06,,1910.0,,1910.0,2026-06,10/2023,(10/2023),(04/2025),(06/2026),,1910,(-),1910,FlashReport_June_2026.pdf,36,18,8,pdfplumber-table3-v1
617907,Rehabilitation and Up-gradation from Km 170700 Bhadrachalam to Km 234567 Konta on NH-30 to Two lane with Paved Shoulder in the State of Andra Pradesh on EPC mode.,MoRTH,Ministry of Road Transport & Highways,Roads & Highways,Andhra Pradesh,2021-12,2022-09,2024-09,2026-04,,436.09,,240.15,2026-06,12/2021,(09/2022),(09/2024),(04/2026),,436.09,(-),240.15,FlashReport_June_2026.pdf,36,22,9,pdfplumber-table3-v1
617990,Construction of bypass road to Adoni town connecting NH-167 Hagari - Jadcharla road from km.62/700 to 71/400 in Kurnool District in the State of Andhra Pradesh.,MoRTH,Ministry of Road Transport & Highways,Roads & Highways,Andhra Pradesh,2023-03,2024-02,2025-11,2025-11,,242.0,,99.13,2026-06,03/2023,(02/2024),(11/2025),(11/2025),,242,(-),99.13,FlashReport_June_2026.pdf,36,23,10,pdfplumber-table3-v1
618145,Widening to two lane with paved shoulder of Rampachodavaram - Koyyuru section of NH 516E from Km 43700 to Km 113820 in the State of Andhra Pradesh on EPC mode Job No. 737,MoRTH,Ministry of Road Transport & Highways,Roads & Highways,Andhra Pradesh,2022-03,2023-01,2025-01,2026-04,,568.12,,324.96,2026-06,03/2022,(01/2023),(01/2025),(04/2026),,568.12,(-),324.96,FlashReport_June_2026.pdf,36,24,11,pdfplumber-table3-v1
618161,Widening and Reconstruction of existing road to four lane from Km.56400 to Km 120300 i.e. from B.Kothapalli Junction to Gorantla excluding Kadiri Bypass from Km 70200 to Km 77105 of NH 716G in the State of Andhra Pradesh on EPC mode Job no. 742,MoRTH,Ministry of Road Transport & Highways,Roads & Highways,Andhra Pradesh,2022-03,2023-09,2025-12,2026-03,,839.98,,415.11,2026-06,03/2022,(09/2023),(12/2025),(03/2026),,839.98,(-),415.11,FlashReport_June_2026.pdf,36,25,12,pdfplumber-table3-v1
618191,"Rehabilitation and upgradation of NH-167AD from Macherla to Dachepalli via Paluvai Junction, Rentachinthala, Gurazala from Km.0.000 to 43.659 to two lane with paved shoulders in the state of Andhra Pradesh job-729",MoRTH,Ministry of Road Transport & Highways,Roads & Highways,Andhra Pradesh,2022-01,2023-01,2025-01,2026-02,,403.22,,256.17,2026-06,01/2022,(01/2023),(01/2025),(02/2026),,403.22,(-),256.17,FlashReport_June_2026.pdf,36,26,13,pdfplumber-table3-v1
618237,Rehabilitation and Up-gradation of Pasarlapudi to Dhindi section from Km 105/170 to Km 126/510 of NH -214 New NH -216 to two lane with paved shoulder in the state of Andhra Pradesh under NHDP-IV,MoRTH,Ministry of Road Transport & Highways,Roads & Highways,Andhra Pradesh,2017-03,2017-09,2019-09,2026-01,,263.45,,158.8,2026-06,03/2017,(09/2017),(09/2019),(01/2026),,263.45,(-),158.8,FlashReport_June_2026.pdf,36,27,14,pdfplumber-table3-v1
618258,Two laning with paved shoulders of Gondiguda to Araku uptoBhallaguda section of NH 516E,MoRTH,Ministry of Road Transport & Highways,Roads & Highways,Andhra Pradesh,2020-08,2021-09,2023-09,2025-12,,296.66,289.11,275.38,2026-06,08/2020,(09/2021),(09/2023),(12/2025),,296.66,(289.11),275.38,FlashReport_June_2026.pdf,36,28,15,pdfplumber-table3-v1
618259,Two laning with paved shoulders of Paderu to GundigudaSection of NH 516E,MoRTH,Ministry of Road Transport & Highways,Roads & Highways,Andhra Pradesh,2020-08,2021-03,2023-03,2025-10,,222.61,,181.04,2026-06,08/2020,(03/2021),(03/2023),(10/2025),,222.61,(-),181.04,FlashReport_June_2026.pdf,36,29,16,pdfplumber-table3-v1
618527,Six Laning of Vijayawada Bypass from Gollapudi to Chinnakakani in Vijayawada - Gundugolanu Section from km. 30.00 to km. 47.881 Pkg-IV,NHAI,Ministry of Road Transport & Highways,Roads & Highways,Andhra Pradesh,2020-01,2021-07,2024-01,2026-05,,1194.57,1757.82,862.83,2026-06,01/2020,(07/2021),(01/2024),(05/2026),,1194.57,(1757.82),862.83,FlashReport_June_2026.pdf,36,30,17,pdfplumber-table3-v1
618748,Khammam-Devarapalle Pkg IV [4L Access Controlled Greenfield from Recherla village to Gurvaygudem village Design Chainage 105236 to 132664],NHAI,Ministry of Road Transport & Highways,Roads & Highways,Andhra Pradesh,2020-11,2022-09,2024-09,2026-01,,569.37,752.02,499.99,2026-06,11/2020,(09/2022),(09/2024),(01/2026),,569.37,(752.02),499.99,FlashReport_June_2026.pdf,36,31,18,pdfplumber-table3-v1
618919,4L PS from Mandlem Existing Km. 38.000/Design Km.30.600 to Atmakur Existing Km.73.000/Design Km 66.115 of NH340C Package2,NHAI,Ministry of Road Transport & Highways,Roads & Highways,Andhra Pradesh,2023-03,2023-11,2025-11,2025-11,,887.28,913.03,550.42,2026-06,03/2023,(11/2023),(11/2025),(11/2025),,887.28,(913.03),550.42,FlashReport_June_2026.pdf,37,1,19,pdfplumber-table3-v1
618576,"6L Standalone Flyovers at Raha, Demow, Borghat, Kathiatali junctions and ROB at Jagiroad on stretches of NH 36 and NH 27",NHAI,Ministry of Road Transport & Highways,Roads & Highways,Assam,2022-03,2022-12,2024-06,2024-10,,280.75,255.53,212.27,2026-06,03/2022,(12/2022),(06/2024),(10/2024),,280.75,(255.53),212.27,FlashReport_June_2026.pdf,37,2,20,pdfplumber-table3-v1
618285,Widening/Improvement to 4 -Lane with Paved Shoulder from Ch. 88.000km to Ch.99.930 km Design Ch.84.100km to Ch.96.000 km of Sagunbashi forest near Nichinta to starting of Krishnai Bypass Section of Bilasipura Guwahati road NH 17 on EPC Package-7,NHIDCL,Ministry of Road Transport & Highways,Roads & Highways,Assam,2021-03,2023-10,2025-10,2025-08,,286.72,,220.81,2026-06,03/2021,(10/2023),(10/2025),(08/2025),,286.72,(-),220.81,FlashReport_June_2026.pdf,37,3,21,pdfplumber-table3-v1
618327,Widening/Improvement to 4-Lane with Paved Shoulder from KM 113300 to Km 146230 Design Chainage 113830 to 145712 of Kwaram Taro Village - Dillai Section in Assam on EPC Package-6,NHIDCL,Ministry of Road Transport & Highways,Roads & Highways,Assam,2021-09,2022-07,2024-07,2025-03,,625.64,,578.19,2026-06,09/2021,(07/2022),(07/2024),(03/2025),,625.64,(-),578.19,FlashReport_June_2026.pdf,37,4,22,pdfplumber-table3-v1
618330,Construction of 4/6 Laning from existing Km 159.400 of NH-36 to existing Km 102.500 of NH-39 and upto end point of Assam portion [Design Km 118.050 to design Km 132.375] Total New Alignment length of 14.325 Km of Daboka - Dimapur Section Dimapur Bypass in the state of Assam under SARDP-NE 'Phase-A' on EPC mode Assam Portion,NHIDCL,Ministry of Road Transport & Highways,Roads & Highways,Assam,2018-03,2019-11,2022-11,2025-11,,511.02,,671.35,2026-06,03/2018,(11/2019),(11/2022),(11/2025),,511.02,(-),671.35,FlashReport_June_2026.pdf,37,5,23,pdfplumber-table3-v1
618372,"Widening / Improvement to 4-Lane with Paved Shoulder configuration of existing single lane road from Kachukhana Harichara Paglagaunj to Dhubri - Phulbari Bridge approach Package-II of Srirampur - Dhubri Section of NH-127B from existing Km 28.050 to Km 55.060 Design Km 27.650 to Km 54.154, Design Length26.504 Km under JICA ODA Loan assistance Phase-V [Srirampur - Dhubri Pkg-2]",NHIDCL,Ministry of Road Transport & Highways,Roads & Highways,Assam,2022-03,2023-01,2025-01,2025-06,,909.02,,683.81,2026-06,03/2022,(01/2023),(01/2025),(06/2025),,909.02,(-),683.81,FlashReport_June_2026.pdf,37,6,24,pdfplumber-table3-v1
617959,Rehabilitation & Widening work for 2 Lane with Paved Shoulder of Existing NH-80 from km 70.15 to Km 121.025 of Munger-Suttanganj -BhagatpurMirzachowki section on EPC Mode in the State of Bihar.,MoRTH,Ministry of Road Transport & Highways,Roads & Highways,Bihar,2021-03,2023-02,2025-01,2025-11,,477.54,,343.05,2026-06,03/2021,(02/2023),(01/2025),(11/2025),,477.54,(-),343.05,FlashReport_June_2026.pdf,37,7,25,pdfplumber-table3-v1
618570,4L Elevated Highway and at grade improvements at Gopalganj Town from Km. 384.000 to Km. 386.750 on NH-27,NHAI,Ministry of Road Transport & Highways,Roads & Highways,Bihar,2021-10,2022-03,2024-08,2025-05,,325.57,248.92,241.89,2026-06,10/2021,(03/2022),(08/2024),(05/2025),,325.57,(248.92),241.89,FlashReport_June_2026.pdf,37,8,26,pdfplumber-table3-v1
618582,4L of Galgalia - Bahadurganj section from Km 0.000 to Km 49.000 Package-I of NH327E,NHAI,Ministry of Road Transport & Highways,Roads & Highways,Bihar,2021-01,2022-01,2024-01,2025-02,,1282.97,1282.97,816.12,2026-06,01/2021,(01/2022),(01/2024),(02/2025),,1282.97,(1282.97),816.12,FlashReport_June_2026.pdf,37,9,27,pdfplumber-table3-v1
618583,4L of Bahadurganj Araria section from Km 49.000 to Km 94.000 Package-II of NH-327E,NHAI,Ministry of Road Transport & Highways,Roads & Highways,Bihar,2021-01,2022-01,2024-01,2025-01,,1358.77,1358.77,812.28,2026-06,01/2021,(01/2022),(01/2024),(01/2025),,1358.77,(1358.77),812.28,FlashReport_June_2026.pdf,37,10,28,pdfplumber-table3-v1
618774,Ara - Mohania Pkg-II,NHAI,Ministry of Road Transport & Highways,Roads & Highways,Bihar,2020-08,2021-01,2023-07,2025-11,,984.63,827.51,798.25,2026-06,08/2020,(01/2021),(07/2023),(11/2025),,984.63,(827.51),798.25,FlashReport_June_2026.pdf,37,11,29,pdfplumber-table3-v1
618779,4L of Aurangabad-Paithan,NHAI,Ministry of Road Transport & Highways,Roads & Highways,Bihar,2022-09,2023-01,2024-07,2025-12,,1505.0,349.96,328.32,2026-06,09/2022,(01/2023),(07/2024),(12/2025),,1505,(349.96),328.32,FlashReport_June_2026.pdf,37,12,30,pdfplumber-table3-v1
618839,Aunta - Simaria including Ganga Bridge,NHAI,Ministry of Road Transport & Highways,Roads & Highways,Bihar,2017-01,2018-08,2022-02,2026-03,,1309.47,2107.68,1209.46,2026-06,01/2017,(08/2018),(02/2022),(03/2026),,1309.47,(2107.68),1209.46,FlashReport_June_2026.pdf,37,13,31,pdfplumber-table3-v1
618915,4L of Bal. works of Patna - Gaya -Dobhi Pkg-II from km. 39.00 to km. 83.00 of Old NH-83,NHAI,Ministry of Road Transport & Highways,Roads & Highways,Bihar,2019-09,2020-11,2022-11,2025-05,,1637.29,777.2,764.68,2026-06,09/2019,(11/2020),(11/2022),(05/2025),,1637.29,(777.2),764.68,FlashReport_June_2026.pdf,37,14,32,pdfplumber-table3-v1
618916,4L of Bal. works of Patna - Gaya -Dobhi Pkg-III from km. 83.00 to km. 127.217 of Old NH-83,NHAI,Ministry of Road Transport & Highways,Roads & Highways,Bihar,2019-09,2020-11,2022-11,2025-05,,1077.46,799.7,803.33,2026-06,09/2019,(11/2020),(11/2022),(05/2025),,1077.46,(799.7),803.33,FlashReport_June_2026.pdf,37,15,33,pdfplumber-table3-v1
619320,Muzaffarpur - Sonbarsa Section of NH-77 from km 2.800 to km 89.000,NHAI,Ministry of Road Transport & Highways,Roads & Highways,Bihar,2011-05,2011-05,2013-11,2026-03,,2290.72,2311.1,2308.19,2026-06,05/2011,(05/2011),(11/2013),(03/2026),,2290.72,(2311.1),2308.19,FlashReport_June_2026.pdf,37,16,34,pdfplumber-table3-v1
617973,Strengthening and widening of existing 2 lane road to two lane paved shoulder from km 7.750 to 26.542 & km. 32.093 to 45.786 of NH-130 on EPC mode in the state of chhattisgarh.job No. 130-CG-2017-18-348,MoRTH,Ministry of Road Transport & Highways,Roads & Highways,Chhattisgarh,2017-11,2019-05,2020-11,2023-06,,188.8,,107.79,2026-06,11/2017,(05/2019),(11/2020),(06/2023),,188.8,(-),107.79,FlashReport_June_2026.pdf,37,17,35,pdfplumber-table3-v1
618064,Up-gradation of NH-930 Sherpar to Kohka from Km.67880 to Km.114860 to 2LPS in Chhattisgarh under EPC mode,MoRTH,Ministry of Road Transport & Highways,Roads & Highways,Chhattisgarh,2020-03,2022-05,2024-05,2025-12,,278.97,,210.82,2026-06,03/2020,(05/2022),(05/2024),(12/2025),,278.97,(-),210.82,FlashReport_June_2026.pdf,37,18,36,pdfplumber-table3-v1
618078,Up-gradation of NH-130C Abhanpur to Paund from NH Km. 0000 to KM 40380 to two lane with paved shoulders in the State of Chhattisgarh on EPC mode.,MoRTH,Ministry of Road Transport & Highways,Roads & Highways,Chhattisgarh,2020-12,2022-03,2023-09,2025-08,,193.16,,116.5,2026-06,12/2020,(03/2022),(09/2023),(08/2025),,193.16,(-),116.5,FlashReport_June_2026.pdf,37,19,37,pdfplumber-table3-v1
618849,Conversion of Partially Excavated Escape Tunnel to Uni-Directional 2L Tunnelincluding construction of cross passages and approach roads on either side of the tunnel from Km 12.732 to Km 14.568 of Kiratpur to Nerchowk Section of NH-21,NHAI,Ministry of Road Transport & Highways,Roads & Highways,Chhattisgarh,2022-05,2022-09,2024-03,2026-04,,444.21,412.88,394.73,2026-06,05/2022,(09/2022),(03/2024),(04/2026),,444.21,(412.88),394.73,FlashReport_June_2026.pdf,37,20,38,pdfplumber-table3-v1
618578,6L Access Controlled Highway from DND Maharani Bagh - Jn. with Jaitpur - Pushta Road of NH-148NA from km. 0.00 to km. 9.00 in NCR,NHAI,Ministry of Road Transport & Highways,Roads & Highways,Delhi,2020-07,2022-01,2024-07,2026-04,,1467.44,2510.34,1652.29,2026-06,07/2020,(01/2022),(07/2024),(04/2026),,1467.44,(2510.34),1652.29,FlashReport_June_2026.pdf,37,21,39,pdfplumber-table3-v1
618464,Vadodara Mumbai Expressway Ena -Kim Phase IB - Pkg VI [Km 217.500 to Km 254.430],NHAI,Ministry of Road Transport & Highways,Roads & Highways,Gujarat,2020-05,2021-12,2023-12,2025-06,,2271.86,4297.28,2991.42,2026-06,05/2020,(12/2021),(12/2023),(06/2025),,2271.86,(4297.28),2991.42,FlashReport_June_2026.pdf,38,1,40,pdfplumber-table3-v1
618465,Vadodara Mumbai Expressway Gandeva to Ena Phase IB - Pkg VII [Km 190.00 to Km 217.500],NHAI,Ministry of Road Transport & Highways,Roads & Highways,Gujarat,2020-07,2021-11,2023-11,2026-01,,1710.3,3392.21,2451.01,2026-06,07/2020,(11/2021),(11/2023),(01/2026),,1710.3,(3392.21),2451.01,FlashReport_June_2026.pdf,38,2,41,pdfplumber-table3-v1
618501,Ahmedabad - Dholera Pkg I from km. 0.00 to km. 22.00 [Sardar Patel Ring Road - Sindhrej Village],NHAI,Ministry of Road Transport & Highways,Roads & Highways,Gujarat,2020-05,2022-01,2024-01,2026-01,,1298.0,1421.05,1385.83,2026-06,05/2020,(01/2022),(01/2024),(01/2026),,1298,(1421.05),1385.83,FlashReport_June_2026.pdf,38,3,42,pdfplumber-table3-v1
618502,Ahmedabad - Dholera Pkg II from km. 22.00 to km. 48.52 [Sindhrej Village - Vejallka Village],NHAI,Ministry of Road Transport & Highways,Roads & Highways,Gujarat,2020-05,2022-01,2024-01,2026-04,,1415.34,1729.69,1785.68,2026-06,05/2020,(01/2022),(01/2024),(04/2026),,1415.34,(1729.69),1785.68,FlashReport_June_2026.pdf,38,4,43,pdfplumber-table3-v1
618614,Sanchore - Santalpur from km 67.000 - km 99.000 of NH-754K AJ-RGBS- Package-3,NHAI,Ministry of Road Transport & Highways,Roads & Highways,Gujarat,2020-02,2021-08,2023-08,2024-01,,752.3,765.25,601.6,2026-06,02/2020,(08/2021),(08/2023),(01/2024),,752.3,(765.25),601.6,FlashReport_June_2026.pdf,38,5,44,pdfplumber-table3-v1
618699,Pipli Bhavnagar-Package 1 from km 136.025 to km 169.328,NHAI,Ministry of Road Transport & Highways,Roads & Highways,Gujarat,2018-03,2019-02,2021-09,2024-03,,819.14,1297.38,975.85,2026-06,03/2018,(02/2019),(09/2021),(03/2024),,819.14,(1297.38),975.85,FlashReport_June_2026.pdf,38,6,45,pdfplumber-table3-v1
618834,4L Kodinar - Veraval Package VI from km. 222.400 to km. 230.00 Kodinar Bypass of NH-8E NH 51 new,NHAI,Ministry of Road Transport & Highways,Roads & Highways,Gujarat,2022-03,2022-04,2023-09,2025-05,,162.73,192.01,189.95,2026-06,03/2022,(04/2022),(09/2023),(05/2025),,162.73,(192.01),189.95,FlashReport_June_2026.pdf,38,7,46,pdfplumber-table3-v1
618835,4L of Bal Works of Talaja - Mahuva from 54.990 km. to 100.450 km. of Old NH- 8E Package-II,NHAI,Ministry of Road Transport & Highways,Roads & Highways,Gujarat,2020-08,2021-03,2022-09,2024-05,,698.4,735.51,726.01,2026-06,08/2020,(03/2021),(09/2022),(05/2024),,698.4,(735.51),726.01,FlashReport_June_2026.pdf,38,8,47,pdfplumber-table3-v1
619067,6L of Chiloda-Naroda section from Km. 540.595 to Km. 555.595 of NH- 8Package-VII,NHAI,Ministry of Road Transport & Highways,Roads & Highways,Gujarat,2016-11,2017-05,2019-05,2026-02,,356.6,463.03,443.07,2026-06,11/2016,(05/2017),(05/2019),(02/2026),,356.6,(463.03),443.07,FlashReport_June_2026.pdf,38,9,48,pdfplumber-table3-v1
619147,4L of Bal Works of Mahuva to Kagvadar from 100.450 Km. to 140.470 Km. of NH-8E Pkg- III,NHAI,Ministry of Road Transport & Highways,Roads & Highways,Gujarat,2020-08,2021-03,2022-09,2024-07,,603.08,628.49,624.43,2026-06,08/2020,(03/2021),(09/2022),(07/2024),,603.08,(628.49),624.43,FlashReport_June_2026.pdf,38,10,49,pdfplumber-table3-v1
619148,4L of Bhavnagar - Talaja Package-I from Km. 6.945 to Km. 54.990 of Old NH-8E,NHAI,Ministry of Road Transport & Highways,Roads & Highways,Gujarat,2016-03,2017-02,2019-08,2024-06,,1185.66,1343.16,1316.53,2026-06,03/2016,(02/2017),(08/2019),(06/2024),,1185.66,(1343.16),1316.53,FlashReport_June_2026.pdf,38,11,50,pdfplumber-table3-v1
618484,Delhi-Amritsar-Katra Expressway Phase-I Pkg-III from Junction with Jind-Panipat road NH-352A near Gangana village to Junction with Jind-Karnal road NH-709A near Alewa village Km 60800 to Km 91400,NHAI,Ministry of Road Transport & Highways,Roads & Highways,Haryana,2020-12,2021-12,2023-12,2025-11,,1606.27,1813.91,1322.85,2026-06,12/2020,(12/2021),(12/2023),(11/2025),,1606.27,(1813.91),1322.85,FlashReport_June_2026.pdf,38,12,51,pdfplumber-table3-v1
618485,Delhi-Amritsar-Katra Expressway Phase-I Pkg-IV from Junction with Jind-Karnal road NH-709A near Alewa village to Junction with Ambala-Kaithal-Hissar road NH-152 near Kharak Pandwa village Km 91400 to Km 120250,NHAI,Ministry of Road Transport & Highways,Roads & Highways,Haryana,2021-01,2021-12,2023-12,2025-11,,1306.95,1578.66,1098.84,2026-06,01/2021,(12/2021),(12/2023),(11/2025),,1306.95,(1578.66),1098.84,FlashReport_June_2026.pdf,38,13,52,pdfplumber-table3-v1
618050,Rehabilitation and Upgradation to 2-lane/Intermediate lane configuration of Ashyari-Shri Kyari Section km 50.000 to km 75.000 of NH-707 in the state of Himachal Pradesh under Green National Highways Corridor Project GNHCP with the loan assistance of World Bank on EPC mode.,MoRTH,Ministry of Road Transport & Highways,Roads & Highways,Himachal Pradesh,2020-08,2021-09,2023-09,2025-12,,345.89,359.56,232.82,2026-06,08/2020,(09/2021),(09/2023),(12/2025),,345.89,(359.56),232.82,FlashReport_June_2026.pdf,38,14,53,pdfplumber-table3-v1
618396,Construction & Upgradation to 2 lane with paved shoulder from Design Km. 31.449 Khellani Ex. Km 44.946 to Km 51.700 Prem Nagar Ex. Km 68617 of 20.251 Km length on Khellani - Kishtwar - Chattroo section of NH-244 in the UT of J&K on EPC Mode under NHO-Gen PKG- 1,NHIDCL,Ministry of Road Transport & Highways,Roads & Highways,Jammu and Kashmir,2021-02,2021-03,2022-09,2024-11,,486.45,,300.52,2026-06,02/2021,(03/2021),(09/2022),(11/2024),,486.45,(-),300.52,FlashReport_June_2026.pdf,38,15,54,pdfplumber-table3-v1
618829,4L from km 196.87 Sankha to km 219.6 Khajuri on NH-75 [Rehla / Garhwa Bypass],NHAI,Ministry of Road Transport & Highways,Roads & Highways,Jharkhand,2020-09,2021-10,2023-10,2025-03,,1129.48,1129.48,790.59,2026-06,09/2020,(10/2021),(10/2023),(03/2025),,1129.48,(1129.48),790.59,FlashReport_June_2026.pdf,38,16,55,pdfplumber-table3-v1
618946,4L of Mehgama - Hansdiha from km. 41.900 to km. 93.000 of NH -133A Pkg-II,NHAI,Ministry of Road Transport & Highways,Roads & Highways,Jharkhand,2022-03,2023-05,2025-05,2026-05,,1479.72,1568.18,1034.52,2026-06,03/2022,(05/2023),(05/2025),(05/2026),,1479.72,(1568.18),1034.52,FlashReport_June_2026.pdf,38,17,56,pdfplumber-table3-v1
617954,Balance work of Rehabilitation and upgrading to 2lane/2lane with paved shoulder configuration and strengthening from from Km 343.80 to 400.33 of Gowribidanur- Chik Ballapur section in the state of Karnataka Under Annual Plan 2021-22 under EPC Mode.-952,MoRTH,Ministry of Road Transport & Highways,Roads & Highways,Karnataka,2022-03,2023-02,2025-02,2025-10,,398.48,,242.02,2026-06,03/2022,(02/2023),(02/2025),(10/2025),,398.48,(-),242.02,FlashReport_June_2026.pdf,38,18,57,pdfplumber-table3-v1
618698,Challakere to Hariyur section from km 358.500 to km 414.205 of NH-150 A,NHAI,Ministry of Road Transport & Highways,Roads & Highways,Karnataka,2018-03,2021-01,2023-01,2025-12,,1167.52,1873.58,1243.48,2026-06,03/2018,(01/2021),(01/2023),(12/2025),,1167.52,(1873.58),1243.48,FlashReport_June_2026.pdf,38,19,58,pdfplumber-table3-v1
619121,4L of Hubli - Hospet Section of NH-63 from Km 128.850 to Km 272.571,NHAI,Ministry of Road Transport & Highways,Roads & Highways,Karnataka,2016-07,2017-03,2020-03,2026-03,,2531.99,3619.32,3522.85,2026-06,07/2016,(03/2017),(03/2020),(03/2026),,2531.99,(3619.32),3522.85,FlashReport_June_2026.pdf,38,20,59,pdfplumber-table3-v1
619144,Hospet - Chitradurga from km. 299.00 to km. 418.750,NHAI,Ministry of Road Transport & Highways,Roads & Highways,Karnataka,2015-03,2016-02,2018-08,2026-06,,1519.72,387.48,331.26,2026-06,03/2015,(02/2016),(08/2018),(06/2026),,1519.72,(387.48),331.26,FlashReport_June_2026.pdf,38,21,60,pdfplumber-table3-v1
618045,"Construction of Mihona bypass, Lahar bypass, Daboh bypass & Bhander Bypass total length 20.60 km to 2-lane with paved shoulder from on Mihona-Bhander- MP/UP border section of NH 552E in the State of Madhya Pradesh on EPC mode",MoRTH,Ministry of Road Transport & Highways,Roads & Highways,Madhya Pradesh,2022-03,2023-06,2024-12,2025-07,,179.18,,74.89,2026-06,03/2022,(06/2023),(12/2024),(07/2025),,179.18,(-),74.89,FlashReport_June_2026.pdf,38,22,61,pdfplumber-table3-v1
618625,Indore - Gujarat / MP Border from km. Km 9.500 to Km 171.000 of NH-59 in MP,NHAI,Ministry of Road Transport & Highways,Roads & Highways,Madhya Pradesh,2009-12,2010-08,2013-02,2026-02,,1175.0,217.22,191.43,2026-06,12/2009,(08/2010),(02/2013),(02/2026),,1175,(217.22),191.43,FlashReport_June_2026.pdf,38,23,62,pdfplumber-table3-v1
618665,4L of Sagar - Mohari from Km.8 to Km.50 Pkg-I,NHAI,Ministry of Road Transport & Highways,Roads & Highways,Madhya Pradesh,2021-03,2022-04,2024-04,2026-03,,790.78,660.38,555.28,2026-06,03/2021,(04/2022),(04/2024),(03/2026),,790.78,(660.38),555.28,FlashReport_June_2026.pdf,39,1,63,pdfplumber-table3-v1
618695,Indore - Harda Pkg-III [Nanasa to Pidgaon Section from km 95.000 to km 142.445],NHAI,Ministry of Road Transport & Highways,Roads & Highways,Madhya Pradesh,2020-01,2021-10,2023-10,2026-04,,1146.22,1240.64,758.23,2026-06,01/2020,(10/2021),(10/2023),(04/2026),,1146.22,(1240.64),758.23,FlashReport_June_2026.pdf,39,2,64,pdfplumber-table3-v1
618701,Balance work of 4L of Nauradehi Sanctuary de-scoped stretch of Hiran River to Sindoor River from Km. 66.00 to 130.00 NH-12 New NH-45,NHAI,Ministry of Road Transport & Highways,Roads & Highways,Madhya Pradesh,2021-01,2021-07,2023-07,2025-07,,178.18,153.15,143.37,2026-06,01/2021,(07/2021),(07/2023),(07/2025),,178.18,(153.15),143.37,FlashReport_June_2026.pdf,39,3,65,pdfplumber-table3-v1
618099,"Rehabilitation & up-gradation for Talere Gaganbawada - kolhapur Road NH 166G stretch start from km. 0/00 to Km. 06/00 and km. 13/00 to km 19/440 of NH-166G, length 12.440 km in the State of Maharashtra.",MoRTH,Ministry of Road Transport & Highways,Roads & Highways,Maharashtra,2024-03,2024-10,2026-04,2025-10,,164.13,,115.51,2026-06,03/2024,(10/2024),(04/2026),(10/2025),,164.13,(-),115.51,FlashReport_June_2026.pdf,39,4,66,pdfplumber-table3-v1
618468,Vadodara Mumbai Expressway Phase II - Pkg XI [Km. 77.000 to Km. 103.400] Ganjad - Talsari,NHAI,Ministry of Road Transport & Highways,Roads & Highways,Maharashtra,2020-06,2022-05,2024-05,2026-01,,1524.71,1913.95,901.76,2026-06,06/2020,(05/2022),(05/2024),(01/2026),,1524.71,(1913.95),901.76,FlashReport_June_2026.pdf,39,5,67,pdfplumber-table3-v1
618638,Tarsod - Fagne section of NH-6,NHAI,Ministry of Road Transport & Highways,Roads & Highways,Maharashtra,2016-06,2019-01,2021-07,2026-04,,2267.99,2560.5,2213.75,2026-06,06/2016,(01/2019),(07/2021),(04/2026),,2267.99,(2560.5),2213.75,FlashReport_June_2026.pdf,39,6,68,pdfplumber-table3-v1
618652,Chakur Loha Section of NH-361 from km 114.600 to km 187.80,NHAI,Ministry of Road Transport & Highways,Roads & Highways,Maharashtra,2018-03,2019-03,2021-03,2026-02,,1241.38,3342.11,1717.21,2026-06,03/2018,(03/2019),(03/2021),(02/2026),,1241.38,(3342.11),1717.21,FlashReport_June_2026.pdf,39,7,69,pdfplumber-table3-v1
619209,4L of existing 2/4L stretch from Lonand to Dive Ghat Km 166.400 to Km 220.900 of Mohol Alandi section of NH-965 Pkg - V,NHAI,Ministry of Road Transport & Highways,Roads & Highways,Maharashtra,2021-10,2022-05,2024-05,2026-03,,1709.56,2049.51,1295.04,2026-06,10/2021,(05/2022),(05/2024),(03/2026),,1709.56,(2049.51),1295.04,FlashReport_June_2026.pdf,39,8,70,pdfplumber-table3-v1
618341,Up-gradation to 2-lane with paved shoulders of Ngopa - Pawlrang section of NH 102B of Aizawl - Imphal Economic Corridor from Existing Chainage km 32.796 to km 72.030 [Design Chainage km 31.280 to km 68.170] in the State of Mizoram under Bharatmala Pariyojna on EPC mode under NHO-NE Package-2 Keifang- Tuivai Pkg-2,NHIDCL,Ministry of Road Transport & Highways,Roads & Highways,Mizoram,2021-09,2023-09,2025-02,2025-06,,523.78,,426.69,2026-06,09/2021,(09/2023),(02/2025),(06/2025),,523.78,(-),426.69,FlashReport_June_2026.pdf,39,9,71,pdfplumber-table3-v1
618381,Widening and up-gradation to 2-lane with paved shoulder configuration and geometric improvements from km 250.00 Lunglei to km 298.00 on Aizawl- Tuipang section under JICA ODA Loan assistance Phase-I Package-6,NHIDCL,Ministry of Road Transport & Highways,Roads & Highways,Mizoram,2019-09,2019-12,2023-06,2025-05,,768.76,,168.78,2026-06,09/2019,(12/2019),(06/2023),(05/2025),,768.76,(-),168.78,FlashReport_June_2026.pdf,39,10,72,pdfplumber-table3-v1
618382,Widening and up-gradation to 2-lane with paved shoulder configuration and geometric improvements from km 298.00 to km 339.00 on Aizawl-Tuipang section under JICA ODA Loan assistance Phase-I Package-7,NHIDCL,Ministry of Road Transport & Highways,Roads & Highways,Mizoram,2019-09,2020-10,2024-04,2025-05,,605.76,750.32,132.33,2026-06,09/2019,(10/2020),(04/2024),(05/2025),,605.76,(750.32),132.33,FlashReport_June_2026.pdf,39,11,73,pdfplumber-table3-v1
618384,Widening and Up-gradation to 2- Lane with Paved Shoulder Configuration and geometric improvement from Km. 166. 000 to Km 208.000 Package-4 on Aizawl Tuipang Section of NH-54 in the State of Mizoram Package-4,NHIDCL,Ministry of Road Transport & Highways,Roads & Highways,Mizoram,2019-09,2019-10,2023-04,2025-04,,899.45,,191.68,2026-06,09/2019,(10/2019),(04/2023),(04/2025),,899.45,(-),191.68,FlashReport_June_2026.pdf,39,12,74,pdfplumber-table3-v1
618771,6L of Varadharajula to Kumarajapet from km 0.000 to km 43.800 of NH-716B Pkg-I,NHAI,Ministry of Road Transport & Highways,Roads & Highways,"Multi-States (Andhra Pradesh, Tamil Nadu)",2021-02,2022-12,2024-12,2026-02,,1924.75,1887.38,1120.2,2026-06,02/2021,(12/2022),(12/2024),(02/2026),,1924.75,(1887.38),1120.2,FlashReport_June_2026.pdf,39,13,75,pdfplumber-table3-v1
618532,6L of Aurangabad to Bihar-Jharkhand border Chordaha section from km. 209.827 to Km. 249.525 of NH-19 PKG-02,NHAI,Ministry of Road Transport & Highways,Roads & Highways,"Multi-States (Bihar, Jharkhand)",2021-06,2022-03,2024-03,2026-04,,1822.46,738.11,611.43,2026-06,06/2021,(03/2022),(03/2024),(04/2026),,1822.46,(738.11),611.43,FlashReport_June_2026.pdf,39,14,76,pdfplumber-table3-v1
618676,6L of Dhanara - Hatibena Section from Km 124.611 to km 146.50 of NH-130-CD Package OD-1,NHAI,Ministry of Road Transport & Highways,Roads & Highways,"Multi-States (Chhattisgarh, Odisha)",2021-02,2022-03,2024-03,2026-03,,477.76,638.32,359.28,2026-06,02/2021,(03/2022),(03/2024),(03/2026),,477.76,(638.32),359.28,FlashReport_June_2026.pdf,39,15,77,pdfplumber-table3-v1
618515,6L from Belgaum to Sankeshwar Bypass from Km. 515.000 to Km. 555.017 of NH-48 Pkg-I,NHAI,Ministry of Road Transport & Highways,Roads & Highways,"Multi-States (Maharashtra, Karnataka)",2021-11,2022-10,2025-04,2026-03,,1479.3,1237.04,1199.4,2026-06,11/2021,(10/2022),(04/2025),(03/2026),,1479.3,(1237.04),1199.4,FlashReport_June_2026.pdf,39,16,78,pdfplumber-table3-v1
618624,Mangloor to Telangana Maharashtra Border,NHAI,Ministry of Road Transport & Highways,Roads & Highways,"Multi-States (Maharashtra, Telangana)",2018-03,2019-04,2021-04,2025-10,,1082.65,1323.12,1011.7,2026-06,03/2018,(04/2019),(04/2021),(10/2025),,1082.65,(1323.12),1011.7,FlashReport_June_2026.pdf,39,17,79,pdfplumber-table3-v1
618938,4L of Rajura-Korpana-Adilabad Road upto M.S. Border from km 32.910 to km 89.090 of NH-353B,NHAI,Ministry of Road Transport & Highways,Roads & Highways,"Multi-States (Maharashtra, Telangana)",2022-03,2022-10,2024-10,2026-03,,1013.33,1274.63,699.33,2026-06,03/2022,(10/2022),(10/2024),(03/2026),,1013.33,(1274.63),699.33,FlashReport_June_2026.pdf,39,18,80,pdfplumber-table3-v1
618760,4L Greenfield a Malout bypass from ch. Km 44.500 to ch. Km 35.500 on NH-07 and Ch. Km 0.000 to Km 6.984 on NH-09 bMandi Dabwali Bypass from Ch. 38.450 Km to Km 27.910 Pkg-02,NHAI,Ministry of Road Transport & Highways,Roads & Highways,"Multi-States (Punjab, Haryana)",2021-11,2022-12,2024-07,2026-01,,646.42,556.09,571.11,2026-06,11/2021,(12/2022),(07/2024),(01/2026),,646.42,(556.09),571.11,FlashReport_June_2026.pdf,39,19,81,pdfplumber-table3-v1
618935,4L Ambala - Kalaamb from Km. -0.800 to Km. 33.015 of old NH-72,NHAI,Ministry of Road Transport & Highways,Roads & Highways,"Multi-States (Punjab, Haryana)",2022-10,2023-06,2025-06,2026-02,,1183.7,1190.34,706.54,2026-06,10/2022,(06/2023),(06/2025),(02/2026),,1183.7,(1190.34),706.54,FlashReport_June_2026.pdf,39,20,82,pdfplumber-table3-v1
618755,4L of left out existing road section from Lalgopalganj Km 161.450 to Nawabganj Km 180.200 in Prayagraj,NHAI,Ministry of Road Transport & Highways,Roads & Highways,"Multi-States (Rajasthan, Uttar Pradesh)",2024-03,2025-04,2026-03,2026-04,,159.53,100.74,93.24,2026-06,03/2024,(04/2025),(03/2026),(04/2026),,159.53,(100.74),93.24,FlashReport_June_2026.pdf,39,21,83,pdfplumber-table3-v1
619122,Akshardham - DL/UP Border Pkg-01,NHAI,Ministry of Road Transport & Highways,Roads & Highways,"Multi-States (Uttar Pradesh, Delhi)",2020-09,2022-06,2024-12,2024-08,,1479.22,1476.75,1399.88,2026-06,09/2020,(06/2022),(12/2024),(08/2024),,1479.22,(1476.75),1399.88,FlashReport_June_2026.pdf,39,22,84,pdfplumber-table3-v1
618828,4L from Km 219.600 Khajuri to Km 260.483 Wyndhamganj on NH-75 Sec-V,NHAI,Ministry of Road Transport & Highways,Roads & Highways,"Multi-States (Uttar Pradesh, Jharkhand)",2022-03,2023-09,2025-09,2026-05,,1436.49,1465.55,959.96,2026-06,03/2022,(09/2023),(09/2025),(05/2026),,1436.49,(1465.55),959.96,FlashReport_June_2026.pdf,39,23,85,pdfplumber-table3-v1
618912,Construction of Rudrapur Bypass Section from Km. 0.000 to 20.640 in the state of Uttar Pradesh & Uttarakhand,NHAI,Ministry of Road Transport & Highways,Roads & Highways,"Multi-States (Uttar Pradesh, Uttarakhand)",2023-03,2024-01,2026-01,2026-03,,1051.73,1117.17,670.74,2026-06,03/2023,(01/2024),(01/2026),(03/2026),,1051.73,(1117.17),670.74,FlashReport_June_2026.pdf,40,1,86,pdfplumber-table3-v1
619104,4L/2L PS of Govindpur Raiganj - Chas - WB border section of from km. 0.00 to km. 56.889 of Old NH-32,NHAI,Ministry of Road Transport & Highways,Roads & Highways,"Multi-States (West Bengal, Jharkhand)",2016-03,2017-12,2019-12,2025-09,,1139.65,1154.8,1064.7,2026-06,03/2016,(12/2017),(12/2019),(09/2025),,1139.65,(1154.8),1064.7,FlashReport_June_2026.pdf,40,2,87,pdfplumber-table3-v1
618002,Widening of existing single lane to intermediate lane road from Mokokchung to Chare via Dikhu in the state of Nagaland on EPC mode,MoRTH,Ministry of Road Transport & Highways,Roads & Highways,Nagaland,2021-02,2023-06,2025-06,2025-11,,192.93,,110.98,2026-06,02/2021,(06/2023),(06/2025),(11/2025),,192.93,(-),110.98,FlashReport_June_2026.pdf,40,3,88,pdfplumber-table3-v1
618329,Construction of 4/6 Laning from Km 132.375 to Km 153.058 Total New Alignment length of 20.683 Km of Daboka-Dimapur Section Dimapur Bypass Nagaland Portion of NH-36 & 39 in the State of Nagaland on EPC basis under PhaseA of SARDP-NE,NHIDCL,Ministry of Road Transport & Highways,Roads & Highways,Nagaland,2017-02,2017-09,2020-09,2025-09,,819.39,,635.0,2026-06,02/2017,(09/2017),(09/2020),(09/2025),,819.39,(-),635,FlashReport_June_2026.pdf,40,4,89,pdfplumber-table3-v1
617924,Construction of bypass to Nayagarh town from km 235.469 to 252.482 of NH-57 including land acquisition in the state of Odisha.,MoRTH,Ministry of Road Transport & Highways,Roads & Highways,Odisha,2022-01,2023-05,2025-04,2026-02,,300.33,,103.64,2026-06,01/2022,(05/2023),(04/2025),(02/2026),,300.33,(-),103.64,FlashReport_June_2026.pdf,40,5,90,pdfplumber-table3-v1
618819,Balance work of Panikoili Rimoli Section of new NH-20 from Km 0.00 to Km. 163.000,NHAI,Ministry of Road Transport & Highways,Roads & Highways,Odisha,2020-09,2021-03,2022-03,2023-12,,183.03,200.79,185.4,2026-06,09/2020,(03/2021),(03/2022),(12/2023),,183.03,(200.79),185.4,FlashReport_June_2026.pdf,40,6,91,pdfplumber-table3-v1
618913,4-L of Rajamunda to Barkote Section of NH-23 from km. 287.200 to km. 337.185,NHAI,Ministry of Road Transport & Highways,Roads & Highways,Odisha,2017-10,2018-12,2021-06,2025-07,,609.63,630.97,608.19,2026-06,10/2017,(12/2018),(06/2021),(07/2025),,609.63,(630.97),608.19,FlashReport_June_2026.pdf,40,7,92,pdfplumber-table3-v1
619075,6L of Bhubaneswar - Jagatpur - Chandikhole Section of NH-16,NHAI,Ministry of Road Transport & Highways,Roads & Highways,Odisha,2009-01,2011-12,2014-06,2026-04,,639.3,632.89,579.23,2026-06,01/2009,(12/2011),(06/2014),(04/2026),,639.3,(632.89),579.23,FlashReport_June_2026.pdf,40,8,93,pdfplumber-table3-v1
618487,Delhi-Amritsar-Katra Expressway Phase-I Pkg-VII from Junction with Patiala- Bathinda road NH-7 near Bhawanigarh to Junction with Ludhiana-Malerhkotla SH-11 near Bhogiwal village Km 188830 to km 225770,NHAI,Ministry of Road Transport & Highways,Roads & Highways,Punjab,2020-12,2022-07,2024-07,2026-02,,1759.82,1774.32,1695.83,2026-06,12/2020,(07/2022),(07/2024),(02/2026),,1759.82,(1774.32),1695.83,FlashReport_June_2026.pdf,40,9,94,pdfplumber-table3-v1
617891,"Construction of Two lane with Paved Shoulder for Fatehpur Bypass Design Km 0.000 to Km 7.400 , Mandawa Bypass Design Km 20.925 to Km 27.300 & Jhunjhunu Bypass Design Km 41.625 to Km 54.689 of NH-11 on EPC Mode in the state of Rajasthan .",MoRTH,Ministry of Road Transport & Highways,Roads & Highways,Rajasthan,2022-03,2023-02,2024-08,2025-09,,186.29,,78.06,2026-06,03/2022,(02/2023),(08/2024),(09/2025),,186.29,(-),78.06,FlashReport_June_2026.pdf,40,10,95,pdfplumber-table3-v1
617900,Upgradation to Two Lane Paved Shoulder in km 33/0 to 126/520 of NH-23 Old NH-11B Kothun-Lalsot-Karoli-Dholpur road in the state of Rajasthan under EPC mode Length-93.52 Km.,MoRTH,Ministry of Road Transport & Highways,Roads & Highways,Rajasthan,2021-12,2022-09,2024-09,2026-05,,150.11,,12.25,2026-06,12/2021,(09/2022),(09/2024),(05/2026),,150.11,(-),12.25,FlashReport_June_2026.pdf,40,11,96,pdfplumber-table3-v1
618093,Up-gradation to 2 lane with Paved shoulder from Charbhuja at Design km 0.00 existing km 150.00 to Neechli Oden Nathdwara at Design ch. Km 88.800 existing km 55.950 of NH-162E on EPC mode.,MoRTH,Ministry of Road Transport & Highways,Roads & Highways,Rajasthan,2022-02,2023-09,2025-09,2025-04,,838.43,,43.9,2026-06,02/2022,(09/2023),(09/2025),(04/2025),,838.43,(-),43.9,FlashReport_June_2026.pdf,40,12,97,pdfplumber-table3-v1
618118,Upgradation of two lane paved shoulder from Shahpura existing km. 0.00 Design Ch. 000 to Thanagazi existing Km.37352 Design Ch. 36810 of NH- 248A on EPC mode in the State of Rajasthan.,MoRTH,Ministry of Road Transport & Highways,Roads & Highways,Rajasthan,2022-03,2023-02,2024-07,2025-07,,174.34,,100.48,2026-06,03/2022,(02/2023),(07/2024),(07/2025),,174.34,(-),100.48,FlashReport_June_2026.pdf,40,13,98,pdfplumber-table3-v1
618456,Delhi-Vadodara Greenfield Alignment NH-148N Pkg-14 Ch. 388.420 to Ch. 419.000 [Junction with NH- 76 to Junction with NH-12 near village Ummedpura],NHAI,Ministry of Road Transport & Highways,Roads & Highways,Rajasthan,2019-11,2021-05,2023-05,2025-03,,1119.35,1194.17,1114.19,2026-06,11/2019,(05/2021),(05/2023),(03/2025),,1119.35,(1194.17),1114.19,FlashReport_June_2026.pdf,40,14,99,pdfplumber-table3-v1
619063,4L Greenfield spur from Delhi-Vadodara Greenfield expressway near Bandikui to Jaipur,NHAI,Ministry of Road Transport & Highways,Roads & Highways,Rajasthan,2022-03,2022-11,2024-11,2025-10,,1636.15,2170.39,1283.3,2026-06,03/2022,(11/2022),(11/2024),(10/2025),,1636.15,(2170.39),1283.3,FlashReport_June_2026.pdf,40,15,100,pdfplumber-table3-v1
618562,Dindigul Bypass - Samyanallore from km. 373.275 to km. 426.00,NHAI,Ministry of Road Transport & Highways,Roads & Highways,Tamil Nadu,2005-06,2006-07,2009-01,2025-07,,579.0,295.5,141.09,2026-06,06/2005,(07/2006),(01/2009),(07/2025),,579,(295.5),141.09,FlashReport_June_2026.pdf,40,16,101,pdfplumber-table3-v1
618743,Trichy 135.800 to Karur 218.000 section of NH-67 - Trichy Bypass,NHAI,Ministry of Road Transport & Highways,Roads & Highways,Tamil Nadu,2006-12,2008-01,2010-07,2026-06,,876.88,360.88,336.71,2026-06,12/2006,(01/2008),(07/2010),(06/2026),,876.88,(360.88),336.71,FlashReport_June_2026.pdf,40,17,102,pdfplumber-table3-v1
618745,4L of Vadugapatti to Therkuvenganallur Rajapalyam section from km 36.000 to km 71.600 of NH-744,NHAI,Ministry of Road Transport & Highways,Roads & Highways,Tamil Nadu,2022-02,2023-04,2025-04,2026-06,,1317.6,1137.16,954.04,2026-06,02/2022,(04/2023),(04/2025),(06/2026),,1317.6,(1137.16),954.04,FlashReport_June_2026.pdf,40,18,103,pdfplumber-table3-v1
618773,Tuticorin - Tirunelveli from km. 0.00 to km. 47.250,NHAI,Ministry of Road Transport & Highways,Roads & Highways,Tamil Nadu,2009-11,2010-04,2012-04,2014-06,,449.85,452.48,2.8,2026-06,11/2009,(04/2010),(04/2012),(06/2014),,449.85,(452.48),2.8,FlashReport_June_2026.pdf,40,19,104,pdfplumber-table3-v1
618874,Four Laning of Trichy - Dindigul from km. 333.00 to km. 421.273 of NH-45,NHAI,Ministry of Road Transport & Highways,Roads & Highways,Tamil Nadu,2006-12,2008-01,2010-07,2026-06,,1003.11,435.81,377.7,2026-06,12/2006,(01/2008),(07/2010),(06/2026),,1003.11,(435.81),377.7,FlashReport_June_2026.pdf,40,20,105,pdfplumber-table3-v1
618897,4L of Sethiyathope -Cholapuram section from Km. 65.960 to Km. 116.440 section of NH45 C Pkg-II,NHAI,Ministry of Road Transport & Highways,Roads & Highways,Tamil Nadu,2017-03,2018-08,2020-08,2025-11,,2356.19,2356.9,1697.35,2026-06,03/2017,(08/2018),(08/2020),(11/2025),,2356.19,(2356.9),1697.35,FlashReport_June_2026.pdf,40,21,106,pdfplumber-table3-v1
618943,Salem - Ulundurpet section from km 0.313 to km 136.670 of NH-68,NHAI,Ministry of Road Transport & Highways,Roads & Highways,Tamil Nadu,2006-12,2008-01,2011-01,2025-11,,861.23,1019.85,940.44,2026-06,12/2006,(01/2008),(01/2011),(11/2025),,861.23,(1019.85),940.44,FlashReport_June_2026.pdf,40,22,107,pdfplumber-table3-v1
619083,Thumbipadi-Namakkal from km. 180.00 to km. 248.625 Package No. NS- 2/BOT/TN-02,NHAI,Ministry of Road Transport & Highways,Roads & Highways,Tamil Nadu,2005-06,2006-08,2009-02,2026-06,,255.53,395.43,392.41,2026-06,06/2005,(08/2006),(02/2009),(06/2026),,255.53,(395.43),392.41,FlashReport_June_2026.pdf,40,23,108,pdfplumber-table3-v1
619084,Start of Karur Bypass - Dindigul from km. 292.600 to km. 305.600 Contract Package No. NS2/BOT/TN-4,NHAI,Ministry of Road Transport & Highways,Roads & Highways,Tamil Nadu,2005-08,2006-10,2009-04,2025-12,,461.54,515.03,222.72,2026-06,08/2005,(10/2006),(04/2009),(12/2025),,461.54,(515.03),222.72,FlashReport_June_2026.pdf,41,1,109,pdfplumber-table3-v1
617992,Rehabilitation & upgradation of NH - 167 from design km 187.723 to 234.434 Miryalaguda to Kodad section to two lane with paved shoulder on EPC mode in the state of Telangana,MoRTH,Ministry of Road Transport & Highways,Roads & Highways,Telangana,2018-03,2018-09,2020-09,2026-01,,322.81,322.81,154.47,2026-06,03/2018,(09/2018),(09/2020),(01/2026),,322.81,(322.81),154.47,FlashReport_June_2026.pdf,41,2,110,pdfplumber-table3-v1
617996,Widening to 2/4 Lane with paved shoulders from Km 182.120 to Km 227.600 of NH 167 on Haggari-Jadcherla Road on EPC mode under NHO in the state of Telangana,MoRTH,Ministry of Road Transport & Highways,Roads & Highways,Telangana,2016-10,2017-02,2019-02,2024-04,,298.0,,238.2,2026-06,10/2016,(02/2017),(02/2019),(04/2024),,298,(-),238.2,FlashReport_June_2026.pdf,41,3,111,pdfplumber-table3-v1
618026,Rehabilitation and upgradation to two lane with paved shoulders from Km 0/000 to 72/6 of NH-365 Nakrekal to Tanamcherla section under NHDP IV in the state of Telangana under EPC mode,MoRTH,Ministry of Road Transport & Highways,Roads & Highways,Telangana,2017-06,2017-11,2019-10,2025-05,,605.08,,585.2,2026-06,06/2017,(11/2017),(10/2019),(05/2025),,605.08,(-),585.2,FlashReport_June_2026.pdf,41,4,112,pdfplumber-table3-v1
618132,Widening & strengthening of existing carriageway in 2 lane with paved shoulders from km 25/0 to 59/2 design Ch km 25.467 to 59.200 of NH - 353C on EPC mode in the state of Telangana,MoRTH,Ministry of Road Transport & Highways,Roads & Highways,Telangana,2018-02,2018-06,2020-06,2025-01,,206.13,,318.62,2026-06,02/2018,(06/2018),(06/2020),(01/2025),,206.13,(-),318.62,FlashReport_June_2026.pdf,41,5,113,pdfplumber-table3-v1
618142,Widening to Two lane with Paved shoulders from km.40/410 to 84/037 of Thirumanlagiri-- Suryapet Section of NH-365B earstwhile section of SH-16,MoRTH,Ministry of Road Transport & Highways,Roads & Highways,Telangana,2017-01,2017-05,2019-05,2023-08,,244.54,,147.48,2026-06,01/2017,(05/2017),(05/2019),(08/2023),,244.54,(-),147.48,FlashReport_June_2026.pdf,41,6,114,pdfplumber-table3-v1
618143,widening to two lane with Paved shoulders from Km.0/970 to Km.40/410 of Jangaon - Thirumal giriof NH- 365B in the state of Telanganaon EPC mode under NHO Annual Plan 2016-17,MoRTH,Ministry of Road Transport & Highways,Roads & Highways,Telangana,2017-03,2017-11,2019-10,2023-10,,197.0,,3.24,2026-06,03/2017,(11/2017),(10/2019),(10/2023),,197,(-),3.24,FlashReport_June_2026.pdf,41,7,115,pdfplumber-table3-v1
618386,Rehabilitation & Upgradation of Road from Km 0.00 to Km 18.600 Total length- 18.600 km of Kumarghat-Kailashahar section on NH-208 to 2-lane with Paved shoulder on EPC bais under NHO,NHIDCL,Ministry of Road Transport & Highways,Roads & Highways,Tripura,2020-02,2020-07,2022-01,2024-12,,277.5,302.03,273.04,2026-06,02/2020,(07/2020),(01/2022),(12/2024),,277.5,(302.03),273.04,FlashReport_June_2026.pdf,41,8,116,pdfplumber-table3-v1
618008,"Construction of four-lane elevated viaduct from km.4634 to km.6345 on NH-24A including Retaining wall, service lane, at grade road and improvement of junctions, on EPC mode",MoRTH,Ministry of Road Transport & Highways,Roads & Highways,Uttar Pradesh,2021-03,2022-03,2023-09,2024-09,,185.09,269.81,200.32,2026-06,03/2021,(03/2022),(09/2023),(09/2024),,185.09,(269.81),200.32,FlashReport_June_2026.pdf,41,9,117,pdfplumber-table3-v1
618110,Improvement and upgradation to two lane with Paved Shoulder configuration from existing km 55.00 to km 90.00 Design length 34.76 of NH-227A near Chhapia Village to near Sikriganj in the State of UP on EPC Mode.,MoRTH,Ministry of Road Transport & Highways,Roads & Highways,Uttar Pradesh,2021-11,2022-11,2024-05,2025-05,,307.11,,136.8,2026-06,11/2021,(11/2022),(05/2024),(05/2025),,307.11,(-),136.8,FlashReport_June_2026.pdf,41,10,118,pdfplumber-table3-v1
618498,6L Greenfield Kanpur - Lucknow Expressway Pkg II from km. 28.500 to km. 73.744,NHAI,Ministry of Road Transport & Highways,Roads & Highways,Uttar Pradesh,2021-12,2022-11,2025-05,2026-02,,2471.56,2489.0,1439.5,2026-06,12/2021,(11/2022),(05/2025),(02/2026),,2471.56,(2489),1439.5,FlashReport_June_2026.pdf,41,11,119,pdfplumber-table3-v1
618553,6L of Agra Bypass Northern connecting Km. 174.500 of NH-2 new NH-19 to Km. 141.000 of Yamuna Expressways,NHAI,Ministry of Road Transport & Highways,Roads & Highways,Uttar Pradesh,2022-01,2023-02,2025-02,2026-01,,957.62,1034.42,759.58,2026-06,01/2022,(02/2023),(02/2025),(01/2026),,957.62,(1034.42),759.58,FlashReport_June_2026.pdf,41,12,120,pdfplumber-table3-v1
618565,Strengthening of existing 4L Ayodhya Bypass Section from design Km. 121 600 to Km. 144020 of NH 28 New NH 27Pkg-3,NHAI,Ministry of Road Transport & Highways,Roads & Highways,Uttar Pradesh,2023-03,2023-09,2025-03,2025-11,,526.45,281.13,270.75,2026-06,03/2023,(09/2023),(03/2025),(11/2025),,526.45,(281.13),270.75,FlashReport_June_2026.pdf,41,13,121,pdfplumber-table3-v1
618770,4L Spur of Panipat - Shamli connecting NH-709AD Panipat Shamli Muzaffarnagar and NH-709A Karnal Meerut bypassing Shamli district UP,NHAI,Ministry of Road Transport & Highways,Roads & Highways,Uttar Pradesh,2021-10,2022-10,2024-10,2025-05,,516.16,273.42,247.21,2026-06,10/2021,(10/2022),(10/2024),(05/2025),,516.16,(273.42),247.21,FlashReport_June_2026.pdf,41,14,122,pdfplumber-table3-v1
618854,2L PS of Raebareli - Jagdishpur with 4L Jagdishpur Bypass Spur,NHAI,Ministry of Road Transport & Highways,Roads & Highways,Uttar Pradesh,2021-02,2022-01,2024-01,2025-11,,706.41,752.52,534.31,2026-06,02/2021,(01/2022),(01/2024),(11/2025),,706.41,(752.52),534.31,FlashReport_June_2026.pdf,41,15,123,pdfplumber-table3-v1
618855,"Improvement and Up-Gradation of Existing Road to 2/4L PS from Km 40.000 to 88.750, start of Khutar bypass to start of Shahjahanpur bypass of NH 731Pkg-I",NHAI,Ministry of Road Transport & Highways,Roads & Highways,Uttar Pradesh,2022-03,2023-02,2025-02,2026-03,,838.68,838.68,616.56,2026-06,03/2022,(02/2023),(02/2025),(03/2026),,838.68,(838.68),616.56,FlashReport_June_2026.pdf,41,16,124,pdfplumber-table3-v1
618864,4L from Mathura Bypass Start at Existing Km. 154.20 of NH-44 to Gaju Village at Km 32.982 of NH-530B Pkg-IB,NHAI,Ministry of Road Transport & Highways,Roads & Highways,Uttar Pradesh,2022-01,2023-03,2025-03,2026-01,,1722.11,1820.77,1057.04,2026-06,01/2022,(03/2023),(03/2025),(01/2026),,1722.11,(1820.77),1057.04,FlashReport_June_2026.pdf,41,17,125,pdfplumber-table3-v1
618865,4L from Gaju Village at Km. 32.982 to Devinagar Bypass End at Km. 208.000 of NH-530B Pkg-1C.,NHAI,Ministry of Road Transport & Highways,Roads & Highways,Uttar Pradesh,2021-12,2023-01,2025-01,2025-04,,1384.79,1496.44,862.65,2026-06,12/2021,(01/2023),(01/2025),(04/2025),,1384.79,(1496.44),862.65,FlashReport_June_2026.pdf,41,18,126,pdfplumber-table3-v1
618959,4L Prayagraj Greenfield By-pass from design Km 50860 near Nibi Kala Uperhar to design Km 64763 on NH-19 near Khodaypur Kasgaon including Interchange loop at NH-19,NHAI,Ministry of Road Transport & Highways,Roads & Highways,Uttar Pradesh,2023-08,2023-12,2025-03,2026-02,,1017.99,427.54,412.74,2026-06,08/2023,(12/2023),(03/2025),(02/2026),,1017.99,(427.54),412.74,FlashReport_June_2026.pdf,41,19,127,pdfplumber-table3-v1
617970,Reconstruction of existing 2 L/IL to 2L with paved shoulder from existing km 52.200 to 92.880 of NH-,MoRTH,Ministry of Road Transport & Highways,Roads & Highways,Uttarakhand,2016-10,2017-06,2019-06,2023-09,,282.08,,352.53,2026-06,10/2016,(06/2017),(06/2019),(09/2023),,282.08,(-),352.53,FlashReport_June_2026.pdf,41,20,128,pdfplumber-table3-v1
617975,Rehabilitation and upgradation to 2 lane with paved shoulder configuration from km 122.00 Dharasu Bend to km 147.230 Silkyara Bend of NH-94 in the state of Uttarakhand,MoRTH,Ministry of Road Transport & Highways,Roads & Highways,Uttarakhand,2017-03,2017-11,2019-11,2026-01,,237.79,,196.69,2026-06,03/2017,(11/2017),(11/2019),(01/2026),,237.79,(-),196.69,FlashReport_June_2026.pdf,41,21,129,pdfplumber-table3-v1
617253,Revamping of old sub-systems of Blast Furnace 3 at Bokaro Steel Plant,Steel Authority of India Limited [SAIL],Ministry of Steel,Steel,Jharkhand,2023-08,2023-10,2025-07,2026-05,,513.82,,415.18,2026-06,08/2023,(10/2023),(07/2025),(05/2026),,513.82,(-),415.18,FlashReport_June_2026.pdf,42,3,130,pdfplumber-table3-v1
701406,Rajiv Bhima Lift Irrigation Scheme,Irrigation and CAD-TG,"Department of Water Resources, River Development & GR",Water Resources,Telangana,2007-04,2008-01,2019-12,2026-03,2026-06,1402.0,2509.66,1839.76,2026-07,04/2007,(01/2008),(12/2019),(03/2026),06/2026,1402,(2509.66),1839.76,FlashReport_July_2026.pdf,36,3,1,pdfplumber-table3-v1
702851,Pune Water Supply Infrastructure Project,Ministry of Housing & Urban Affairs,Ministry of Housing & Urban Affairs,Waste & Water,Maharashtra,2017-03,2017-07,2023-03,2026-08,2026-07,235.95,,220.77,2026-07,03/2017,(07/2017),(03/2023),(08/2026),07/2026,235.95,(-),220.77,FlashReport_July_2026.pdf,36,7,2,pdfplumber-table3-v1
701343,Srikakulam Angul Gas Pipeline Project,Gas Authority of India Limited [GAIL],Ministry of Petroleum & Natural Gas,Energy Storage,Odisha,2019-09,2019-09,2026-07,2026-07,2026-07,2658.34,2810.0,2315.2,2026-07,09/2019,(09/2019),(07/2026),(07/2026),07/2026,2658.34,(2810),2315.2,FlashReport_July_2026.pdf,36,11,3,pdfplumber-table3-v1
400078,New Mundra Panipat Crude Oil Pipeline,Indian Oil Corporation Limited [IOCL],Ministry of Petroleum & Natural Gas,Energy Storage,Rajasthan,2021-12,2021-12,2024-12,2026-07,2026-07,9028.0,9028.0,7554.56,2026-07,12/2021,(12/2021),(12/2024),(07/2026),07/2026,9028,(9028),7554.56,FlashReport_July_2026.pdf,36,12,4,pdfplumber-table3-v1
611966,Transmission System for Evacuation of power from Potential RE Zone in Khavda Area of Gujarat under phase IV 7GW-Part E4,Power Grid Corporation of India Limited [POWERGRID],Ministry of Power,Transmission & Distribution,Maharashtra,2023-11,2023-11,2025-07,2026-05,2026-06,224.41,,224.41,2026-07,11/2023,(11/2023),(07/2025),(05/2026),06/2026,224.41,(-),224.41,FlashReport_July_2026.pdf,36,16,5,pdfplumber-table3-v1
617949,Tadipatri Bypass Km 0000 to Km 6285 of 4-Lane on NH-67 in Anantapuramu district of AP state under NHO on EPC Mode under Annual Plan 2022-23,MoRTH,Ministry of Road Transport & Highways,Roads & Highways,Andhra Pradesh,2023-03,2024-03,2026-03,2026-01,2026-01,159.66,,75.74,2026-07,03/2023,(03/2024),(03/2026),(01/2026),01/2026,159.66,(-),75.74,FlashReport_July_2026.pdf,36,20,6,pdfplumber-table3-v1
618051,Rehabilitation and Upgrading of NH-707 OLD 72-B Package - 2 Hewna to Ashyari,MoRTH,Ministry of Road Transport & Highways,Roads & Highways,Himachal Pradesh,2020-04,2021-03,2023-03,2025-12,2025-12,242.8,220.95,145.49,2026-07,04/2020,(03/2021),(03/2023),(12/2025),12/2025,242.8,(220.95),145.49,FlashReport_July_2026.pdf,36,21,7,pdfplumber-table3-v1
617915,Upgradation of Dindori-Sagartola-kabichabutra MP-CG border section of NH -45 from km 000Design to km 77.00 Design to Two lane with paved shoulder configration along with one time improvement in 04 nos. of bypaased built-up areas in a total length of 9.1 km in the state of Madhya Pradesh on EPC mode.,MoRTH,Ministry of Road Transport & Highways,Roads & Highways,Madhya Pradesh,2022-01,2023-09,2025-09,2026-03,2026-03,329.14,319.09,204.39,2026-07,01/2022,(09/2023),(09/2025),(03/2026),03/2026,329.14,(319.09),204.39,FlashReport_July_2026.pdf,36,22,8,pdfplumber-table3-v1
618136,Upgradatiobn and Rehabilitation of Section of NH 361 F from Parli 00/000 to Gangakhed 30/400 to Two Lanes with paved shoulder / Four lane configurations on EPC mode in the State of Maharashtra.,MoRTH,Ministry of Road Transport & Highways,Roads & Highways,Maharashtra,2021-03,2022-02,2023-09,2025-08,2025-08,224.44,,268.45,2026-07,03/2021,(02/2022),(09/2023),(08/2025),08/2025,224.44,(-),268.45,FlashReport_July_2026.pdf,36,23,9,pdfplumber-table3-v1
618175,Rehabilitation and Upgradation of Satana to Mangrul Chandwad Section of NH752 G Design Ch Km 64.000 to Ch Km 101.140 two lane with paved shoulder/four lane configuration in the state of Maharashtra on EPC mode.,MoRTH,Ministry of Road Transport & Highways,Roads & Highways,Maharashtra,2022-03,2023-05,2025-05,2026-02,2026-02,428.8,,184.63,2026-07,03/2022,(05/2023),(05/2025),(02/2026),02/2026,428.8,(-),184.63,FlashReport_July_2026.pdf,36,24,10,pdfplumber-table3-v1
617887,Beawer Gomti 4LPS from km 58.245 to km 108.600 Pkg-I,MoRTH,Ministry of Road Transport & Highways,Roads & Highways,Rajasthan,2020-12,2021-10,2023-10,2025-12,2025-12,379.23,,206.48,2026-07,12/2020,(10/2021),(10/2023),(12/2025),12/2025,379.23,(-),206.48,FlashReport_July_2026.pdf,36,25,11,pdfplumber-table3-v1
617981,Widening to Two with Paved shoulders from Km 59.500 to Km 132.033 of Manneguda- Ravunapally section of NH-163 Erstwhile SH-4 in the State of Telangana on EPC mode under NH O Annual Plan 2016-17,MoRTH,Ministry of Road Transport & Highways,Roads & Highways,Telangana,2017-03,2017-05,2019-05,2024-10,2024-10,359.0,,724.23,2026-07,03/2017,(05/2017),(05/2019),(10/2024),10/2024,359,(-),724.23,FlashReport_July_2026.pdf,36,26,12,pdfplumber-table3-v1
617982,Widening and strengthening of existing 2-lane to 2- lane with paved shoulders from km 159/0 to 165/4 and 186/0 to 215/0 of NH-163 on EPC mode int the state of Telangana,MoRTH,Ministry of Road Transport & Highways,Roads & Highways,Telangana,2018-01,2018-06,2019-11,2024-11,2024-11,230.03,,383.3,2026-07,01/2018,(06/2018),(11/2019),(11/2024),11/2024,230.03,(-),383.3,FlashReport_July_2026.pdf,36,27,13,pdfplumber-table3-v1
617993,Rehabilitation and upgradation of NH-167 from design km 157.707 to 187.723 design length 30.016 km to two lane with paved shoulders of Alinagar- Miryalaguda Sec on EPC mode in the state of Telangana,MoRTH,Ministry of Road Transport & Highways,Roads & Highways,Telangana,2018-02,2018-05,2019-11,2025-12,2025-12,220.28,,223.79,2026-07,02/2018,(05/2018),(11/2019),(12/2025),12/2025,220.28,(-),223.79,FlashReport_July_2026.pdf,36,28,14,pdfplumber-table3-v1
618749,Khammam-Devarapalle Pkg V [4L Access Controlled Greenfield from Gurvaygudem village to Devarapalle village Design Chainage 132664 to 162126,NHAI,Ministry of Road Transport & Highways,Roads & Highways,Andhra Pradesh,2020-12,2022-09,2024-09,2026-05,2026-05,711.94,926.48,591.01,2026-07,12/2020,(09/2022),(09/2024),(05/2026),05/2026,711.94,(926.48),591.01,FlashReport_July_2026.pdf,36,29,15,pdfplumber-table3-v1
618460,Delhi-Vadodara Greenfield Alignment NH-148N Pkg-28 Ch.756052 to Ch.781282,NHAI,Ministry of Road Transport & Highways,Roads & Highways,Gujarat,2020-09,2021-11,2023-11,2026-04,2026-04,1263.38,1266.98,935.5,2026-07,09/2020,(11/2021),(11/2023),(04/2026),04/2026,1263.38,(1266.98),935.5,FlashReport_July_2026.pdf,36,30,16,pdfplumber-table3-v1
618833,Kodinar - Veraval Package VI from km. 221.610 to km. 263.00 of NH-8E & km. 120.900 to km. 121.150 of NH-8D,NHAI,Ministry of Road Transport & Highways,Roads & Highways,Gujarat,2016-02,2018-02,2020-07,2026-05,2026-05,894.01,1127.42,730.06,2026-07,02/2016,(02/2018),(07/2020),(05/2026),05/2026,894.01,(1127.42),730.06,FlashReport_July_2026.pdf,36,31,17,pdfplumber-table3-v1
619146,Kagvadar - Una Package-IV,NHAI,Ministry of Road Transport & Highways,Roads & Highways,Gujarat,2016-02,2017-03,2019-09,2026-06,2026-06,750.53,955.78,833.13,2026-07,02/2016,(03/2017),(09/2019),(06/2026),06/2026,750.53,(955.78),833.13,FlashReport_July_2026.pdf,36,32,18,pdfplumber-table3-v1
618577,Dwarka Expressway Pkg-III Delhi/HR Border to Start of RoB Gurugram,NHAI,Ministry of Road Transport & Highways,Roads & Highways,"Multi-States (Delhi, Haryana)",2018-01,2018-11,2020-11,2024-05,2024-05,2228.26,2298.37,1775.04,2026-07,01/2018,(11/2018),(11/2020),(05/2024),05/2024,2228.26,(2298.37),1775.04,FlashReport_July_2026.pdf,36,33,19,pdfplumber-table3-v1
619291,4L Poanta SahebMednipur from Km. 435.65 to km. 458.65 of NH-07Pkg-1,NHAI,Ministry of Road Transport & Highways,Roads & Highways,"Multi-States (Uttarakhand, Himachal Pradesh)",2022-03,2023-05,2025-05,2026-03,2026-03,524.54,657.32,321.15,2026-07,03/2022,(05/2023),(05/2025),(03/2026),03/2026,524.54,(657.32),321.15,FlashReport_July_2026.pdf,37,1,20,pdfplumber-table3-v1
619113,4L of Padalur - Trichy section from km. 285.00 to km. 325.00 of NH - 45 Pkg VI-C,NHAI,Ministry of Road Transport & Highways,Roads & Highways,Tamil Nadu,2005-12,2006-11,2009-05,2026-02,2026-02,555.8,235.8,235.51,2026-07,12/2005,(11/2006),(05/2009),(02/2026),02/2026,555.8,(235.8),235.51,FlashReport_July_2026.pdf,37,2,21,pdfplumber-table3-v1
618692,Aligarh-Kanpur Pkg I [Aligarh-Bhadwas],NHAI,Ministry of Road Transport & Highways,Roads & Highways,Uttar Pradesh,2018-03,2019-02,2022-06,2024-12,2024-12,1226.64,2069.6,1359.15,2026-07,03/2018,(02/2019),(06/2022),(12/2024),12/2024,1226.64,(2069.6),1359.15,FlashReport_July_2026.pdf,37,3,22,pdfplumber-table3-v1
618432,Construction of Balance work of 2-Lane with PS of Joram-Koloriang Road NH- 713 on EPC basis from Design Km 44.989 to Km 61.547 Existing Km 50.050 to Km 70.000 in the state of Arunachal Pradesh under SARDP-NE Pkg-3,NHIDCL,Ministry of Road Transport & Highways,Roads & Highways,Arunachal Pradesh,2017-02,2020-10,2022-04,2024-09,2024-09,228.72,,205.68,2026-07,02/2017,(10/2020),(04/2022),(09/2024),09/2024,228.72,(-),205.68,FlashReport_July_2026.pdf,37,4,23,pdfplumber-table3-v1
618342,Rehabilitation and upgradation to 2 Lane with Paved shoulder of Economic corridor of NH-6 from Design chaiange Km 0.000 to Km 13.510 Package-1 in the state of Mizoram under Bharatmala Pariyojana on EPC mode,NHIDCL,Ministry of Road Transport & Highways,Roads & Highways,Mizoram,2020-03,2020-07,2022-06,2024-06,2024-06,206.9,,214.51,2026-07,03/2020,(07/2020),(06/2022),(06/2024),06/2024,206.9,(-),214.51,FlashReport_July_2026.pdf,37,5,24,pdfplumber-table3-v1
618343,"Rehabilitation and Up gradation to 2-lane with paved shoulder of Keifang Section Economic Corridor of NH-06 from Existing Chainage Km 30050 Keifang to Km 50360 Keifang, Design Chainage Km 27400 to Km 45040 PkgIII in the State of Mizoram under Bharatmala Pariyojna on EPC Mode Seling-Dulte - III",NHIDCL,Ministry of Road Transport & Highways,Roads & Highways,Mizoram,2020-03,2020-07,2022-06,2024-10,2024-10,292.23,,298.93,2026-07,03/2020,(07/2020),(06/2022),(10/2024),10/2024,292.23,(-),298.93,FlashReport_July_2026.pdf,37,6,25,pdfplumber-table3-v1
