regime,candidate_model,threshold,true_positives,false_positives,true_negatives,false_negatives,precision,recall,f1,specificity,predicted_positives,predicted_positive_rate,false_discovery_rate,total_rows
LEGACY,prevalence,0.01,2252,5977,0,0,0.273666302102321,1,0.429729987596603,0,8229,1,0.726333697897679,8229
LEGACY,prevalence,0.02,2252,5977,0,0,0.273666302102321,1,0.429729987596603,0,8229,1,0.726333697897679,8229
LEGACY,prevalence,0.03,2252,5977,0,0,0.273666302102321,1,0.429729987596603,0,8229,1,0.726333697897679,8229
LEGACY,prevalence,0.04,2252,5977,0,0,0.273666302102321,1,0.429729987596603,0,8229,1,0.726333697897679,8229
LEGACY,prevalence,0.05,2252,5977,0,0,0.273666302102321,1,0.429729987596603,0,8229,1,0.726333697897679,8229
LEGACY,prevalence,0.06,2252,5977,0,0,0.273666302102321,1,0.429729987596603,0,8229,1,0.726333697897679,8229
LEGACY,prevalence,0.07,2252,5977,0,0,0.273666302102321,1,0.429729987596603,0,8229,1,0.726333697897679,8229
LEGACY,prevalence,0.08,2252,5977,0,0,0.273666302102321,1,0.429729987596603,0,8229,1,0.726333697897679,8229
LEGACY,prevalence,0.09,2252,5977,0,0,0.273666302102321,1,0.429729987596603,0,8229,1,0.726333697897679,8229
LEGACY,prevalence,0.1,2252,5977,0,0,0.273666302102321,1,0.429729987596603,0,8229,1,0.726333697897679,8229
LEGACY,prevalence,0.11,2252,5977,0,0,0.273666302102321,1,0.429729987596603,0,8229,1,0.726333697897679,8229
LEGACY,prevalence,0.12,2252,5977,0,0,0.273666302102321,1,0.429729987596603,0,8229,1,0.726333697897679,8229
LEGACY,prevalence,0.13,2252,5977,0,0,0.273666302102321,1,0.429729987596603,0,8229,1,0.726333697897679,8229
LEGACY,prevalence,0.14,2252,5977,0,0,0.273666302102321,1,0.429729987596603,0,8229,1,0.726333697897679,8229
LEGACY,prevalence,0.15,2252,5977,0,0,0.273666302102321,1,0.429729987596603,0,8229,1,0.726333697897679,8229
LEGACY,prevalence,0.16,2252,5977,0,0,0.273666302102321,1,0.429729987596603,0,8229,1,0.726333697897679,8229
LEGACY,prevalence,0.17,2252,5977,0,0,0.273666302102321,1,0.429729987596603,0,8229,1,0.726333697897679,8229
LEGACY,prevalence,0.18,2252,5977,0,0,0.273666302102321,1,0.429729987596603,0,8229,1,0.726333697897679,8229
LEGACY,prevalence,0.19,2252,5977,0,0,0.273666302102321,1,0.429729987596603,0,8229,1,0.726333697897679,8229
LEGACY,prevalence,0.2,2252,5977,0,0,0.273666302102321,1,0.429729987596603,0,8229,1,0.726333697897679,8229
LEGACY,prevalence,0.21,2252,5977,0,0,0.273666302102321,1,0.429729987596603,0,8229,1,0.726333697897679,8229
LEGACY,prevalence,0.22,2252,5977,0,0,0.273666302102321,1,0.429729987596603,0,8229,1,0.726333697897679,8229
LEGACY,prevalence,0.23,2252,5977,0,0,0.273666302102321,1,0.429729987596603,0,8229,1,0.726333697897679,8229
LEGACY,prevalence,0.24,2252,5977,0,0,0.273666302102321,1,0.429729987596603,0,8229,1,0.726333697897679,8229
LEGACY,prevalence,0.25,2252,5977,0,0,0.273666302102321,1,0.429729987596603,0,8229,1,0.726333697897679,8229
LEGACY,prevalence,0.26,2252,5977,0,0,0.273666302102321,1,0.429729987596603,0,8229,1,0.726333697897679,8229
LEGACY,prevalence,0.27,2252,5977,0,0,0.273666302102321,1,0.429729987596603,0,8229,1,0.726333697897679,8229
LEGACY,prevalence,0.28,2252,5977,0,0,0.273666302102321,1,0.429729987596603,0,8229,1,0.726333697897679,8229
LEGACY,prevalence,0.29,2252,5977,0,0,0.273666302102321,1,0.429729987596603,0,8229,1,0.726333697897679,8229
LEGACY,prevalence,0.3,2252,5977,0,0,0.273666302102321,1,0.429729987596603,0,8229,1,0.726333697897679,8229
LEGACY,prevalence,0.31,2252,5977,0,0,0.273666302102321,1,0.429729987596603,0,8229,1,0.726333697897679,8229
LEGACY,prevalence,0.32,2252,5977,0,0,0.273666302102321,1,0.429729987596603,0,8229,1,0.726333697897679,8229
LEGACY,prevalence,0.33,1913,5017,960,339,0.276046176046176,0.849467140319716,0.416684818122413,0.160615693491718,6930,0.842143638352169,0.723953823953824,8229
LEGACY,prevalence,0.34,791,1991,3986,1461,0.284327821710999,0.351243339253996,0.314263011521653,0.666889744018738,2782,0.338072669826224,0.715672178289001,8229
LEGACY,prevalence,0.35,0,0,5977,2252,,0,0,1,0,0,,8229
LEGACY,prevalence,0.36,0,0,5977,2252,,0,0,1,0,0,,8229
LEGACY,prevalence,0.37,0,0,5977,2252,,0,0,1,0,0,,8229
LEGACY,prevalence,0.38,0,0,5977,2252,,0,0,1,0,0,,8229
LEGACY,prevalence,0.39,0,0,5977,2252,,0,0,1,0,0,,8229
LEGACY,prevalence,0.4,0,0,5977,2252,,0,0,1,0,0,,8229
LEGACY,prevalence,0.41,0,0,5977,2252,,0,0,1,0,0,,8229
LEGACY,prevalence,0.42,0,0,5977,2252,,0,0,1,0,0,,8229
LEGACY,prevalence,0.43,0,0,5977,2252,,0,0,1,0,0,,8229
LEGACY,prevalence,0.44,0,0,5977,2252,,0,0,1,0,0,,8229
LEGACY,prevalence,0.45,0,0,5977,2252,,0,0,1,0,0,,8229
LEGACY,prevalence,0.46,0,0,5977,2252,,0,0,1,0,0,,8229
LEGACY,prevalence,0.47,0,0,5977,2252,,0,0,1,0,0,,8229
LEGACY,prevalence,0.48,0,0,5977,2252,,0,0,1,0,0,,8229
LEGACY,prevalence,0.49,0,0,5977,2252,,0,0,1,0,0,,8229
LEGACY,prevalence,0.5,0,0,5977,2252,,0,0,1,0,0,,8229
LEGACY,prevalence,0.51,0,0,5977,2252,,0,0,1,0,0,,8229
LEGACY,prevalence,0.52,0,0,5977,2252,,0,0,1,0,0,,8229
LEGACY,prevalence,0.53,0,0,5977,2252,,0,0,1,0,0,,8229
LEGACY,prevalence,0.54,0,0,5977,2252,,0,0,1,0,0,,8229
LEGACY,prevalence,0.55,0,0,5977,2252,,0,0,1,0,0,,8229
LEGACY,prevalence,0.56,0,0,5977,2252,,0,0,1,0,0,,8229
LEGACY,prevalence,0.57,0,0,5977,2252,,0,0,1,0,0,,8229
LEGACY,prevalence,0.58,0,0,5977,2252,,0,0,1,0,0,,8229
LEGACY,prevalence,0.59,0,0,5977,2252,,0,0,1,0,0,,8229
LEGACY,prevalence,0.6,0,0,5977,2252,,0,0,1,0,0,,8229
LEGACY,prevalence,0.61,0,0,5977,2252,,0,0,1,0,0,,8229
LEGACY,prevalence,0.62,0,0,5977,2252,,0,0,1,0,0,,8229
LEGACY,prevalence,0.63,0,0,5977,2252,,0,0,1,0,0,,8229
LEGACY,prevalence,0.64,0,0,5977,2252,,0,0,1,0,0,,8229
LEGACY,prevalence,0.65,0,0,5977,2252,,0,0,1,0,0,,8229
LEGACY,prevalence,0.66,0,0,5977,2252,,0,0,1,0,0,,8229
LEGACY,prevalence,0.67,0,0,5977,2252,,0,0,1,0,0,,8229
LEGACY,prevalence,0.68,0,0,5977,2252,,0,0,1,0,0,,8229
LEGACY,prevalence,0.69,0,0,5977,2252,,0,0,1,0,0,,8229
LEGACY,prevalence,0.7,0,0,5977,2252,,0,0,1,0,0,,8229
LEGACY,prevalence,0.71,0,0,5977,2252,,0,0,1,0,0,,8229
LEGACY,prevalence,0.72,0,0,5977,2252,,0,0,1,0,0,,8229
LEGACY,prevalence,0.73,0,0,5977,2252,,0,0,1,0,0,,8229
LEGACY,prevalence,0.74,0,0,5977,2252,,0,0,1,0,0,,8229
LEGACY,prevalence,0.75,0,0,5977,2252,,0,0,1,0,0,,8229
LEGACY,prevalence,0.76,0,0,5977,2252,,0,0,1,0,0,,8229
LEGACY,prevalence,0.77,0,0,5977,2252,,0,0,1,0,0,,8229
LEGACY,prevalence,0.78,0,0,5977,2252,,0,0,1,0,0,,8229
LEGACY,prevalence,0.79,0,0,5977,2252,,0,0,1,0,0,,8229
LEGACY,prevalence,0.8,0,0,5977,2252,,0,0,1,0,0,,8229
LEGACY,prevalence,0.81,0,0,5977,2252,,0,0,1,0,0,,8229
LEGACY,prevalence,0.82,0,0,5977,2252,,0,0,1,0,0,,8229
LEGACY,prevalence,0.83,0,0,5977,2252,,0,0,1,0,0,,8229
LEGACY,prevalence,0.84,0,0,5977,2252,,0,0,1,0,0,,8229
LEGACY,prevalence,0.85,0,0,5977,2252,,0,0,1,0,0,,8229
LEGACY,prevalence,0.86,0,0,5977,2252,,0,0,1,0,0,,8229
LEGACY,prevalence,0.87,0,0,5977,2252,,0,0,1,0,0,,8229
LEGACY,prevalence,0.88,0,0,5977,2252,,0,0,1,0,0,,8229
LEGACY,prevalence,0.89,0,0,5977,2252,,0,0,1,0,0,,8229
LEGACY,prevalence,0.9,0,0,5977,2252,,0,0,1,0,0,,8229
LEGACY,prevalence,0.91,0,0,5977,2252,,0,0,1,0,0,,8229
LEGACY,prevalence,0.92,0,0,5977,2252,,0,0,1,0,0,,8229
LEGACY,prevalence,0.93,0,0,5977,2252,,0,0,1,0,0,,8229
LEGACY,prevalence,0.94,0,0,5977,2252,,0,0,1,0,0,,8229
LEGACY,prevalence,0.95,0,0,5977,2252,,0,0,1,0,0,,8229
LEGACY,prevalence,0.96,0,0,5977,2252,,0,0,1,0,0,,8229
LEGACY,prevalence,0.97,0,0,5977,2252,,0,0,1,0,0,,8229
LEGACY,prevalence,0.98,0,0,5977,2252,,0,0,1,0,0,,8229
LEGACY,prevalence,0.99,0,0,5977,2252,,0,0,1,0,0,,8229
LEGACY,prevalence,1,0,0,5977,2252,,0,0,1,0,0,,8229
LEGACY,logistic_unweighted,0.01,2251,5962,15,1,0.274077681724096,0.99955595026643,0.430195891065456,0.0025096202108081,8213,0.998055656823429,0.725922318275904,8229
LEGACY,logistic_unweighted,0.02,2251,5952,25,1,0.27441180056077,0.99955595026643,0.430607364897178,0.00418270035134683,8203,0.996840442338073,0.72558819943923,8229
LEGACY,logistic_unweighted,0.03,2246,5938,39,6,0.274437927663734,0.997335701598579,0.430433116136451,0.00652501254810105,8184,0.994531534815895,0.725562072336266,8229
LEGACY,logistic_unweighted,0.04,2243,5922,55,9,0.274709124311084,0.996003552397869,0.430642219448978,0.00920194077296303,8165,0.992222627293717,0.725290875688916,8229
LEGACY,logistic_unweighted,0.05,2241,5879,98,11,0.275985221674877,0.995115452930728,0.43212495179329,0.0163961853772796,8120,0.986754162109612,0.724014778325123,8229
LEGACY,logistic_unweighted,0.06,2239,5787,190,13,0.278968352853227,0.994227353463588,0.435687877018875,0.0317885226702359,8026,0.97533114594726,0.721031647146773,8229
LEGACY,logistic_unweighted,0.07,2231,5649,328,21,0.283121827411168,0.990674955595027,0.440386893012239,0.0548770286096704,7880,0.957589014461052,0.716878172588832,8229
LEGACY,logistic_unweighted,0.08,2223,5451,526,29,0.289679437060203,0.987122557726465,0.447914567801733,0.0880040153923373,7674,0.932555596062705,0.710320562939797,8229
LEGACY,logistic_unweighted,0.09,2208,5238,739,44,0.296535052377115,0.980461811722913,0.455351618890493,0.123640622385812,7446,0.904848705796573,0.703464947622885,8229
LEGACY,logistic_unweighted,0.1,2197,5045,932,55,0.303369235017951,0.975577264653641,0.462818622287761,0.15593106909821,7242,0.880058330295297,0.696630764982049,8229
LEGACY,logistic_unweighted,0.11,2180,4881,1096,72,0.308738139073786,0.968028419182948,0.468162783206271,0.183369583403045,7061,0.858062948110341,0.691261860926214,8229
LEGACY,logistic_unweighted,0.12,2168,4726,1251,84,0.314476356251813,0.962699822380107,0.47408703258255,0.209302325581395,6894,0.837768866204885,0.685523643748187,8229
LEGACY,logistic_unweighted,0.13,2156,4592,1385,96,0.319502074688797,0.957371225577265,0.479111111111111,0.231721599464614,6748,0.820026734718678,0.680497925311203,8229
LEGACY,logistic_unweighted,0.14,2145,4462,1515,107,0.324655668230664,0.952486678507993,0.484253301727057,0.253471641291618,6607,0.802892210475149,0.675344331769336,8229
LEGACY,logistic_unweighted,0.15,2134,4319,1658,118,0.330698899736557,0.947602131438721,0.490292935094773,0.277396687301322,6453,0.784177907400656,0.669301100263443,8229
LEGACY,logistic_unweighted,0.16,2120,4180,1797,132,0.336507936507937,0.941385435168739,0.495790458372311,0.30065250125481,6300,0.765585125774699,0.663492063492063,8229
LEGACY,logistic_unweighted,0.17,2108,4059,1918,144,0.341819361115615,0.936056838365897,0.500772063190403,0.320896770955329,6167,0.749422773119456,0.658180638884385,8229
LEGACY,logistic_unweighted,0.18,2090,3943,2034,162,0.346427979446378,0.928063943161634,0.504526252263126,0.340304500585578,6033,0.733138899015676,0.653572020553622,8229
LEGACY,logistic_unweighted,0.19,2075,3833,2144,177,0.351218686526743,0.921403197158082,0.508578431372549,0.358708382131504,5908,0.717948717948718,0.648781313473257,8229
LEGACY,logistic_unweighted,0.2,2065,3738,2239,187,0.355850422195416,0.91696269982238,0.512725015518312,0.374602643466622,5803,0.705188965852473,0.644149577804584,8229
LEGACY,logistic_unweighted,0.21,2054,3649,2328,198,0.360161318604243,0.912078152753108,0.516404776869893,0.389493056717417,5703,0.693036820998906,0.639838681395757,8229
LEGACY,logistic_unweighted,0.22,2044,3543,2434,208,0.365849293001611,0.907637655417407,0.521495088659268,0.407227706207127,5587,0.678940332968769,0.634150706998389,8229
LEGACY,logistic_unweighted,0.23,2031,3456,2521,221,0.370147621651175,0.901865008880995,0.524874014730585,0.421783503429814,5487,0.666788188115202,0.629852378348824,8229
LEGACY,logistic_unweighted,0.24,2019,3348,2629,233,0.376187814421464,0.896536412078153,0.529990812442578,0.439852768947633,5367,0.652205614290922,0.623812185578535,8229
LEGACY,logistic_unweighted,0.25,2015,3259,2718,237,0.382062950322336,0.894760213143872,0.535477013021525,0.454743182198427,5274,0.640904119577105,0.617937049677664,8229
LEGACY,logistic_unweighted,0.26,1999,3173,2804,253,0.386504253673627,0.88765541740675,0.538523706896552,0.46913167140706,5172,0.628508931826467,0.613495746326373,8229
LEGACY,logistic_unweighted,0.27,1981,3068,2909,271,0.392354921766686,0.879662522202487,0.542665388302972,0.486699012882717,5049,0.61356179365658,0.607645078233313,8229
LEGACY,logistic_unweighted,0.28,1966,2973,3004,286,0.398056286697712,0.873001776198934,0.546794604366569,0.502593274217835,4939,0.600194434317657,0.601943713302288,8229
LEGACY,logistic_unweighted,0.29,1948,2868,3109,304,0.404485049833887,0.865008880994671,0.55121675155631,0.520160615693492,4816,0.58524729614777,0.595514950166113,8229
LEGACY,logistic_unweighted,0.3,1915,2738,3239,337,0.411562432839029,0.850355239786856,0.554670528602462,0.541910657520495,4653,0.565439300036456,0.588437567160971,8229
LEGACY,logistic_unweighted,0.31,1883,2590,3387,369,0.420970266040689,0.836145648312611,0.56,0.566672243600468,4473,0.543565439300036,0.579029733959311,8229
LEGACY,logistic_unweighted,0.32,1846,2450,3527,406,0.429702048417132,0.819715808170515,0.563836285888821,0.590095365568011,4296,0.522056142909224,0.570297951582868,8229
LEGACY,logistic_unweighted,0.33,1818,2323,3654,434,0.439024390243902,0.807282415630551,0.568747067104646,0.611343483352853,4141,0.503220318386195,0.560975609756098,8229
LEGACY,logistic_unweighted,0.34,1789,2191,3786,463,0.449497487437186,0.794404973357016,0.57413350449294,0.633428141207964,3980,0.483655365171953,0.550502512562814,8229
LEGACY,logistic_unweighted,0.35,1749,2058,3919,503,0.459416863672183,0.77664298401421,0.577322990592507,0.655680107077129,3807,0.462632154575283,0.540583136327817,8229
LEGACY,logistic_unweighted,0.36,1715,1946,4031,537,0.468451242829828,0.761545293072824,0.580077794689667,0.674418604651163,3661,0.444890023089075,0.531548757170172,8229
LEGACY,logistic_unweighted,0.37,1679,1828,4149,573,0.478756772169946,0.745559502664298,0.583087341552353,0.69416095030952,3507,0.426175720014583,0.521243227830054,8229
LEGACY,logistic_unweighted,0.38,1652,1729,4248,600,0.488612836438923,0.733570159857904,0.586543582460501,0.710724443700853,3381,0.410864017499089,0.511387163561077,8229
LEGACY,logistic_unweighted,0.39,1627,1622,4355,625,0.50076946752847,0.72246891651865,0.591528812943101,0.728626401204618,3249,0.394823186292381,0.49923053247153,8229
LEGACY,logistic_unweighted,0.4,1592,1543,4434,660,0.507814992025518,0.706927175843694,0.591052533877854,0.741843734314874,3135,0.380969741159315,0.492185007974482,8229
LEGACY,logistic_unweighted,0.41,1567,1459,4518,685,0.517845340383344,0.69582593250444,0.593785524820008,0.755897607495399,3026,0.367723903268927,0.482154659616656,8229
LEGACY,logistic_unweighted,0.42,1532,1378,4599,720,0.526460481099656,0.680284191829485,0.593568384347152,0.769449556633763,2910,0.35362741523879,0.473539518900344,8229
LEGACY,logistic_unweighted,0.43,1490,1289,4688,762,0.536164087801367,0.661634103019538,0.592327569071755,0.784339969884557,2779,0.337708105480617,0.463835912198633,8229
LEGACY,logistic_unweighted,0.44,1454,1206,4771,798,0.546616541353383,0.645648312611012,0.592019543973941,0.798226535051029,2660,0.323247053104873,0.453383458646617,8229
LEGACY,logistic_unweighted,0.45,1418,1127,4850,834,0.557170923379175,0.629662522202487,0.591202835105274,0.811443868161285,2545,0.309272086523271,0.442829076620825,8229
LEGACY,logistic_unweighted,0.46,1380,1076,4901,872,0.561889250814332,0.612788632326821,0.586236193712829,0.819976576878032,2456,0.298456677603597,0.438110749185668,8229
LEGACY,logistic_unweighted,0.47,1343,1001,4976,909,0.572952218430034,0.596358792184725,0.584421235857267,0.832524677932073,2344,0.284846275367602,0.427047781569966,8229
LEGACY,logistic_unweighted,0.48,1313,951,5026,939,0.579946996466431,0.58303730017762,0.581488042515501,0.840890078634767,2264,0.275124559484749,0.420053003533569,8229
LEGACY,logistic_unweighted,0.49,1280,903,5074,972,0.586349060925332,0.568383658969805,0.577226606538895,0.848920863309353,2183,0.26528132215336,0.413650939074668,8229
LEGACY,logistic_unweighted,0.5,1230,842,5135,1022,0.593629343629344,0.546181172291297,0.568917668825162,0.859126652166639,2072,0.251792441365901,0.406370656370656,8229
LEGACY,logistic_unweighted,0.51,1188,801,5176,1064,0.597285067873303,0.52753108348135,0.56024522518274,0.865986280742848,1989,0.241706161137441,0.402714932126697,8229
LEGACY,logistic_unweighted,0.52,1149,756,5221,1103,0.603149606299213,0.510213143872114,0.552802501804186,0.873515141375272,1905,0.231498359460445,0.396850393700787,8229
LEGACY,logistic_unweighted,0.53,1116,716,5261,1136,0.609170305676856,0.495559502664298,0.546523016650343,0.880207461937427,1832,0.222627293717341,0.390829694323144,8229
LEGACY,logistic_unweighted,0.54,1082,679,5298,1170,0.614423622941511,0.480461811722913,0.539247445801146,0.88639785845742,1761,0.213999270871309,0.38557637705849,8229
LEGACY,logistic_unweighted,0.55,1049,642,5335,1203,0.620342992312241,0.465808170515098,0.532082170935836,0.892588254977413,1691,0.205492769473812,0.379657007687759,8229
LEGACY,logistic_unweighted,0.56,1022,605,5372,1230,0.628149969268592,0.453818827708703,0.526939932972416,0.898778651497407,1627,0.197715396767529,0.371850030731407,8229
LEGACY,logistic_unweighted,0.57,978,575,5402,1274,0.629748873148744,0.434280639431616,0.514060446780552,0.903797891919023,1553,0.18872280957589,0.370251126851256,8229
LEGACY,logistic_unweighted,0.58,945,544,5433,1307,0.634654130288784,0.419626998223801,0.505212510024058,0.908984440354693,1489,0.180945436869607,0.365345869711216,8229
LEGACY,logistic_unweighted,0.59,917,525,5452,1335,0.635922330097087,0.407193605683837,0.496480779642664,0.912163292621717,1442,0.175233928788431,0.364077669902913,8229
LEGACY,logistic_unweighted,0.6,888,500,5477,1364,0.639769452449568,0.394316163410302,0.487912087912088,0.916345992973063,1388,0.168671770567505,0.360230547550432,8229
LEGACY,logistic_unweighted,0.61,864,477,5500,1388,0.644295302013423,0.383658969804618,0.48093515168383,0.920194077296303,1341,0.162960262486329,0.355704697986577,8229
LEGACY,logistic_unweighted,0.62,832,453,5524,1420,0.647470817120623,0.369449378330373,0.47045518801244,0.924209469633595,1285,0.156155061368332,0.352529182879377,8229
LEGACY,logistic_unweighted,0.63,808,429,5548,1444,0.653193209377526,0.358792184724689,0.46316996274004,0.928224861970888,1237,0.15032203183862,0.346806790622474,8229
LEGACY,logistic_unweighted,0.64,781,412,5565,1471,0.654652137468567,0.346802841918295,0.453410740203193,0.931069098209804,1193,0.14497508810305,0.345347862531433,8229
LEGACY,logistic_unweighted,0.65,748,393,5584,1504,0.655565293602103,0.33214920071048,0.440907751252579,0.934247950476828,1141,0.138655972779196,0.344434706397897,8229
LEGACY,logistic_unweighted,0.66,722,372,5605,1530,0.659963436928702,0.320603907637655,0.431560071727436,0.937761418771959,1094,0.132944464698019,0.340036563071298,8229
LEGACY,logistic_unweighted,0.67,689,346,5631,1563,0.665700483091787,0.30595026642984,0.419227258898692,0.94211142713736,1035,0.125774699234415,0.334299516908213,8229
LEGACY,logistic_unweighted,0.68,653,324,5653,1599,0.668372569089048,0.289964476021314,0.404459585010839,0.945792203446545,977,0.118726455219346,0.331627430910952,8229
LEGACY,logistic_unweighted,0.69,617,303,5674,1635,0.670652173913043,0.273978685612789,0.389029003783102,0.949305671741676,920,0.111799732652813,0.329347826086957,8229
LEGACY,logistic_unweighted,0.7,583,285,5692,1669,0.671658986175115,0.258880994671403,0.373717948717949,0.952317215994646,868,0.105480617328959,0.328341013824885,8229
LEGACY,logistic_unweighted,0.71,551,270,5707,1701,0.671132764920828,0.244671403197158,0.358607224210869,0.954826836205454,821,0.0997691092477822,0.328867235079172,8229
LEGACY,logistic_unweighted,0.72,524,254,5723,1728,0.673521850899743,0.232682060390764,0.345874587458746,0.957503764430316,778,0.0945436869607486,0.326478149100257,8229
LEGACY,logistic_unweighted,0.73,495,234,5743,1757,0.679012345679012,0.219804618117229,0.33210332103321,0.960849924711394,729,0.0885891359825009,0.320987654320988,8229
LEGACY,logistic_unweighted,0.74,474,221,5756,1778,0.682014388489209,0.210479573712256,0.321683067526298,0.963024928894094,695,0.0844574067322882,0.317985611510791,8229
LEGACY,logistic_unweighted,0.75,454,214,5763,1798,0.679640718562874,0.201598579040853,0.310958904109589,0.964196084992471,668,0.0811763276218253,0.320359281437126,8229
LEGACY,logistic_unweighted,0.76,434,201,5776,1818,0.683464566929134,0.192717584369449,0.300658122618635,0.966371089175171,635,0.0771661198201483,0.316535433070866,8229
LEGACY,logistic_unweighted,0.77,415,190,5787,1837,0.685950413223141,0.184280639431616,0.290514525726286,0.968211477329764,605,0.0735204763640783,0.31404958677686,8229
LEGACY,logistic_unweighted,0.78,389,179,5798,1863,0.684859154929577,0.172735346358792,0.275886524822695,0.970051865484357,568,0.0690241827682586,0.315140845070423,8229
LEGACY,logistic_unweighted,0.79,361,170,5807,1891,0.67984934086629,0.160301953818828,0.259432267337406,0.971557637610842,531,0.0645278891724389,0.32015065913371,8229
LEGACY,logistic_unweighted,0.8,332,158,5819,1920,0.677551020408163,0.147424511545293,0.242159008023341,0.973565333779488,490,0.0595455097824766,0.322448979591837,8229
LEGACY,logistic_unweighted,0.81,310,148,5829,1942,0.676855895196507,0.13765541740675,0.228782287822878,0.975238413920027,458,0.0556568234293353,0.323144104803493,8229
LEGACY,logistic_unweighted,0.82,281,135,5842,1971,0.675480769230769,0.124777975133215,0.210644677661169,0.977413418102727,416,0.0505529225908373,0.324519230769231,8229
LEGACY,logistic_unweighted,0.83,256,130,5847,1996,0.663212435233161,0.113676731793961,0.194086429112964,0.978249958172997,386,0.0469072791347673,0.336787564766839,8229
LEGACY,logistic_unweighted,0.84,229,122,5855,2023,0.652421652421652,0.101687388987567,0.175950825970035,0.979588422285427,351,0.042654028436019,0.347578347578348,8229
LEGACY,logistic_unweighted,0.85,190,97,5880,2062,0.662020905923345,0.0843694493783304,0.149665222528555,0.983771122636774,287,0.0348766557297363,0.337979094076655,8229
LEGACY,logistic_unweighted,0.86,160,86,5891,2092,0.650406504065041,0.0710479573712256,0.128102481985588,0.985611510791367,246,0.029894276339774,0.349593495934959,8229
LEGACY,logistic_unweighted,0.87,139,76,5901,2113,0.646511627906977,0.0617229129662522,0.112687474665586,0.987284590931906,215,0.0261271114351683,0.353488372093023,8229
LEGACY,logistic_unweighted,0.88,126,68,5909,2126,0.649484536082474,0.0559502664298401,0.103025347506132,0.988623055044337,194,0.0235751610159193,0.350515463917526,8229
LEGACY,logistic_unweighted,0.89,113,62,5915,2139,0.645714285714286,0.0501776198934281,0.0931190770498558,0.98962690312866,175,0.0212662534937416,0.354285714285714,8229
LEGACY,logistic_unweighted,0.9,101,57,5920,2151,0.639240506329114,0.0448490230905861,0.0838174273858921,0.990463443198929,158,0.0192003888686353,0.360759493670886,8229
LEGACY,logistic_unweighted,0.91,87,54,5923,2165,0.617021276595745,0.0386323268206039,0.0727120768909319,0.990965367241091,141,0.017134524243529,0.382978723404255,8229
LEGACY,logistic_unweighted,0.92,78,49,5928,2174,0.614173228346457,0.0346358792184725,0.0655737704918033,0.99180190731136,127,0.0154332239640297,0.385826771653543,8229
LEGACY,logistic_unweighted,0.93,70,42,5935,2182,0.625,0.0310834813499112,0.0592216582064298,0.992973063409737,112,0.0136104022359947,0.375,8229
LEGACY,logistic_unweighted,0.94,63,33,5944,2189,0.65625,0.0279751332149201,0.0536626916524702,0.994478835536222,96,0.011666059059424,0.34375,8229
LEGACY,logistic_unweighted,0.95,53,27,5950,2199,0.6625,0.0235346358792185,0.0454545454545455,0.995482683620545,80,0.00972171588285332,0.3375,8229
LEGACY,logistic_unweighted,0.96,40,21,5956,2212,0.655737704918033,0.0177619893428064,0.0345871162991786,0.996486531704869,61,0.00741280836067566,0.344262295081967,8229
LEGACY,logistic_unweighted,0.97,24,17,5960,2228,0.585365853658537,0.0106571936056838,0.0209332751853467,0.997155763761084,41,0.00498237938996233,0.414634146341463,8229
LEGACY,logistic_unweighted,0.98,22,10,5967,2230,0.6875,0.00976909413854352,0.0192644483362522,0.998326919859461,32,0.00388868635314133,0.3125,8229
LEGACY,logistic_unweighted,0.99,8,4,5973,2244,0.666666666666667,0.00355239786856128,0.00706713780918728,0.999330767943785,12,0.001458257382428,0.333333333333333,8229
LEGACY,logistic_unweighted,1,0,0,5977,2252,,0,0,1,0,0,,8229
LEGACY,logistic_balanced,0.01,2251,5964,13,1,0.274010955569081,0.99955595026643,0.430113690646795,0.00217500418270035,8215,0.998298699720501,0.725989044430919,8229
LEGACY,logistic_balanced,0.02,2251,5960,17,1,0.27414444038485,0.99955595026643,0.430278122909299,0.00284423623891584,8211,0.997812613926358,0.72585555961515,8229
LEGACY,logistic_balanced,0.03,2250,5956,21,2,0.274189617353156,0.99911190053286,0.430292598967298,0.00351346829513134,8206,0.99720500668368,0.725810382646844,8229
LEGACY,logistic_balanced,0.04,2249,5947,30,3,0.27440214738897,0.99866785079929,0.430513016845329,0.0050192404216162,8196,0.995989792198323,0.72559785261103,8229
LEGACY,logistic_balanced,0.05,2247,5937,40,5,0.274560117302053,0.997779751332149,0.430624760444615,0.00669232056215493,8184,0.994531534815895,0.725439882697947,8229
LEGACY,logistic_balanced,0.06,2246,5927,50,6,0.274807292303928,0.997335701598579,0.430887290167866,0.00836540070269366,8173,0.993194798882003,0.725192707696072,8229
LEGACY,logistic_balanced,0.07,2243,5916,61,9,0.27491114107121,0.996003552397869,0.430890404379983,0.0102057888572863,8159,0.991493498602503,0.72508885892879,8229
LEGACY,logistic_balanced,0.08,2242,5891,86,10,0.275667035534243,0.995559502664298,0.431776600866635,0.0143884892086331,8133,0.988333940940576,0.724332964465757,8229
LEGACY,logistic_balanced,0.09,2241,5874,103,11,0.276155268022181,0.995115452930728,0.43233336548664,0.0172327254475489,8115,0.986146554866934,0.723844731977819,8229
LEGACY,logistic_balanced,0.1,2240,5830,147,12,0.277571251548947,0.994671403197158,0.43402441387328,0.0245942780659194,8070,0.980678089682829,0.722428748451053,8229
LEGACY,logistic_balanced,0.11,2234,5759,218,18,0.279494557738021,0.992007104795737,0.436115178135676,0.0364731470637444,7993,0.971320938145583,0.720505442261979,8229
LEGACY,logistic_balanced,0.12,2231,5660,317,21,0.282727157521227,0.990674955595027,0.439909297052154,0.0530366404550778,7891,0.958925750394945,0.717272842478773,8229
LEGACY,logistic_balanced,0.13,2229,5566,411,23,0.285952533675433,0.989786856127886,0.443714541654225,0.0687635937761419,7795,0.947259691335521,0.714047466324567,8229
LEGACY,logistic_balanced,0.14,2219,5434,543,33,0.289951652946557,0.985346358792185,0.448056537102473,0.0908482516312531,7653,0.930003645643456,0.710048347053443,8229
LEGACY,logistic_balanced,0.15,2214,5304,673,38,0.294493216280926,0.983126110124334,0.453224155578301,0.112598293458257,7518,0.913598250091141,0.705506783719074,8229
LEGACY,logistic_balanced,0.16,2206,5166,811,46,0.299240368963646,0.979573712255773,0.458437240232751,0.135686799397691,7372,0.895856118604934,0.700759631036354,8229
LEGACY,logistic_balanced,0.17,2199,5064,913,53,0.302767451466336,0.976465364120782,0.462217551234892,0.152752216831186,7263,0.882610280714546,0.697232548533664,8229
LEGACY,logistic_balanced,0.18,2188,4950,1027,64,0.30652843933875,0.97158081705151,0.466027689030884,0.171825330433328,7138,0.867420099647588,0.69347156066125,8229
LEGACY,logistic_balanced,0.19,2183,4847,1130,69,0.310526315789474,0.969360568383659,0.470372764490412,0.189058055880877,7030,0.854295783205736,0.689473684210526,8229
LEGACY,logistic_balanced,0.2,2170,4739,1238,82,0.314083080040527,0.963587921847247,0.473747407488266,0.207127321398695,6909,0.83959168793292,0.685916919959473,8229
LEGACY,logistic_balanced,0.21,2162,4652,1325,90,0.317287936601115,0.960035523978686,0.476946834326053,0.221683118621382,6814,0.828047150322032,0.682712063398885,8229
LEGACY,logistic_balanced,0.22,2150,4556,1421,102,0.320608410378765,0.954706927175844,0.480017861129717,0.237744687970554,6706,0.81492283388018,0.679391589621235,8229
LEGACY,logistic_balanced,0.23,2145,4464,1513,107,0.324557421697685,0.952486678507993,0.484144001805665,0.25313702526351,6609,0.80313525337222,0.675442578302315,8229
LEGACY,logistic_balanced,0.24,2139,4368,1609,113,0.328722913785154,0.949822380106572,0.488411919168855,0.269198594612682,6507,0.790740065621582,0.671277086214845,8229
LEGACY,logistic_balanced,0.25,2131,4258,1719,121,0.333542025356081,0.946269982238011,0.493229950237241,0.287602476158608,6389,0.776400534694374,0.666457974643919,8229
LEGACY,logistic_balanced,0.26,2116,4151,1826,136,0.337641614807723,0.939609236234458,0.496771921587041,0.305504433662372,6267,0.761574917973022,0.662358385192277,8229
LEGACY,logistic_balanced,0.27,2107,4043,1934,145,0.34260162601626,0.935612788632327,0.501547250654606,0.323573699180191,6150,0.747356908494349,0.65739837398374,8229
LEGACY,logistic_balanced,0.28,2095,3943,2034,157,0.346969195097714,0.930284191829485,0.505428226779252,0.340304500585578,6038,0.733746506258355,0.653030804902285,8229
LEGACY,logistic_balanced,0.29,2082,3834,2143,170,0.351926977687627,0.924511545293073,0.509794319294809,0.35854107411745,5916,0.718920889537003,0.648073022312373,8229
LEGACY,logistic_balanced,0.3,2068,3712,2265,184,0.357785467128028,0.918294849023091,0.514940239043825,0.378952651832023,5780,0.702393972536153,0.642214532871972,8229
LEGACY,logistic_balanced,0.31,2061,3606,2371,191,0.363684489147697,0.915186500888099,0.52052026771057,0.396687301321733,5667,0.688662048851622,0.636315510852303,8229
LEGACY,logistic_balanced,0.32,2049,3506,2471,203,0.368856885688569,0.909857904085258,0.524913539131549,0.413418102727121,5555,0.675051646615628,0.631143114311431,8229
LEGACY,logistic_balanced,0.33,2033,3401,2576,219,0.374125874125874,0.902753108348135,0.529013791308873,0.430985444202777,5434,0.660347551342812,0.625874125874126,8229
LEGACY,logistic_balanced,0.34,2016,3288,2689,236,0.380090497737557,0.895204262877442,0.53361566966649,0.449891249790865,5304,0.644549763033175,0.619909502262443,8229
LEGACY,logistic_balanced,0.35,2003,3189,2788,249,0.385785824345146,0.88943161634103,0.538151531434713,0.466454743182198,5192,0.630939360797181,0.614214175654854,8229
LEGACY,logistic_balanced,0.36,1982,3086,2891,270,0.391081294396212,0.880106571936057,0.541530054644809,0.483687468629747,5068,0.615870701178758,0.608918705603788,8229
LEGACY,logistic_balanced,0.37,1956,2940,3037,296,0.399509803921569,0.868561278863233,0.547285954113039,0.508114438681613,4896,0.594969012030623,0.600490196078431,8229
LEGACY,logistic_balanced,0.38,1932,2796,3181,320,0.408629441624365,0.857904085257549,0.553581661891117,0.532206792705371,4728,0.574553408676631,0.591370558375635,8229
LEGACY,logistic_balanced,0.39,1893,2674,3303,359,0.41449529231443,0.840586145648313,0.555213374395073,0.552618370419943,4567,0.554988455462389,0.58550470768557,8229
LEGACY,logistic_balanced,0.4,1872,2540,3437,380,0.42429737080689,0.831261101243339,0.561824729891957,0.575037644303162,4412,0.536152630939361,0.57570262919311,8229
LEGACY,logistic_balanced,0.41,1843,2418,3559,409,0.432527575686459,0.818383658969805,0.565945033010901,0.595449222017735,4261,0.517802892210475,0.567472424313541,8229
LEGACY,logistic_balanced,0.42,1807,2287,3690,445,0.441377625793845,0.802397868561279,0.569492593759849,0.617366571858792,4094,0.497508810305019,0.558622374206155,8229
LEGACY,logistic_balanced,0.43,1774,2153,3824,478,0.451744334097275,0.787744227353464,0.57420294546043,0.639785845742011,3927,0.477214728399563,0.548255665902725,8229
LEGACY,logistic_balanced,0.44,1751,2024,3953,501,0.463841059602649,0.77753108348135,0.581051932968309,0.661368579554961,3775,0.458743468222141,0.536158940397351,8229
LEGACY,logistic_balanced,0.45,1719,1922,4055,533,0.472123043120022,0.763321492007105,0.583404038689971,0.678433996988456,3641,0.442459594118362,0.527876956879978,8229
LEGACY,logistic_balanced,0.46,1698,1813,4164,554,0.483622899458844,0.753996447602131,0.589276418532015,0.696670570520328,3511,0.426661805808725,0.516377100541156,8229
LEGACY,logistic_balanced,0.47,1674,1707,4270,578,0.495119787045253,0.743339253996448,0.594354695544115,0.714405220010038,3381,0.410864017499089,0.504880212954747,8229
LEGACY,logistic_balanced,0.48,1644,1617,4360,608,0.504139834406624,0.730017761989343,0.596408489025939,0.729462941274887,3261,0.396281443674809,0.495860165593376,8229
LEGACY,logistic_balanced,0.49,1603,1531,4446,649,0.51148691767709,0.711811722912966,0.595246936502042,0.74385143048352,3134,0.380848219710779,0.48851308232291,8229
LEGACY,logistic_balanced,0.5,1583,1443,4534,669,0.523132848645076,0.702930728241563,0.599848427434634,0.758574535720261,3026,0.367723903268927,0.476867151354924,8229
LEGACY,logistic_balanced,0.51,1550,1370,4607,702,0.530821917808219,0.688277087033748,0.59938128383604,0.770788020746194,2920,0.354842629724146,0.469178082191781,8229
LEGACY,logistic_balanced,0.52,1515,1295,4682,737,0.53914590747331,0.672735346358792,0.598577637297511,0.783336121800234,2810,0.341475270385223,0.46085409252669,8229
LEGACY,logistic_balanced,0.53,1480,1223,4754,772,0.547539770625231,0.657193605683837,0.597376387487386,0.795382298812113,2703,0.328472475391907,0.452460229374769,8229
LEGACY,logistic_balanced,0.54,1444,1156,4821,808,0.555384615384615,0.641207815275311,0.595218466611706,0.806591935753723,2600,0.315955766192733,0.444615384615385,8229
LEGACY,logistic_balanced,0.55,1406,1107,4870,846,0.559490648627139,0.624333925399645,0.590136411332634,0.814790028442362,2513,0.30538340017013,0.440509351372861,8229
LEGACY,logistic_balanced,0.56,1381,1041,4936,871,0.570189925681255,0.613232682060391,0.590928540864356,0.825832357369918,2422,0.294324948353384,0.429810074318745,8229
LEGACY,logistic_balanced,0.57,1349,982,4995,903,0.578721578721579,0.599023090586146,0.588697359807986,0.835703530199096,2331,0.283266496536639,0.421278421278421,8229
LEGACY,logistic_balanced,0.58,1310,935,5042,942,0.583518930957684,0.581705150976909,0.582610629308428,0.843567006859629,2245,0.272815651962571,0.416481069042316,8229
LEGACY,logistic_balanced,0.59,1269,890,5087,983,0.587772116720704,0.563499111900533,0.575379732486964,0.851095867492053,2159,0.262364807388504,0.412227883279296,8229
LEGACY,logistic_balanced,0.6,1226,844,5133,1026,0.592270531400966,0.544404973357016,0.567329939842665,0.858792036138531,2070,0.25154939846883,0.407729468599034,8229
LEGACY,logistic_balanced,0.61,1185,806,5171,1067,0.595178302360623,0.526198934280639,0.558567051614424,0.865149740672578,1991,0.241949204034512,0.404821697639377,8229
LEGACY,logistic_balanced,0.62,1148,774,5203,1104,0.59729448491155,0.509769094138544,0.550071873502635,0.870503597122302,1922,0.233564224085551,0.40270551508845,8229
LEGACY,logistic_balanced,0.63,1117,733,5244,1135,0.603783783783784,0.496003552397869,0.544612384202828,0.877363225698511,1850,0.224814679790983,0.396216216216216,8229
LEGACY,logistic_balanced,0.64,1084,696,5281,1168,0.608988764044944,0.481349911190053,0.537698412698413,0.883553622218504,1780,0.216308178393486,0.391011235955056,8229
LEGACY,logistic_balanced,0.65,1058,664,5313,1194,0.614401858304297,0.469804618117229,0.532460996477101,0.888907478668228,1722,0.209259934378418,0.385598141695703,8229
LEGACY,logistic_balanced,0.66,1016,633,5344,1236,0.616130988477865,0.451154529307282,0.520892078954114,0.894094027103898,1649,0.200388868635314,0.383869011522135,8229
LEGACY,logistic_balanced,0.67,986,599,5378,1266,0.622082018927445,0.437833037300178,0.513943184779776,0.89978249958173,1585,0.192611495929031,0.377917981072555,8229
LEGACY,logistic_balanced,0.68,957,566,5411,1295,0.628365068942876,0.424955595026643,0.507019867549669,0.905303664045508,1523,0.18507716611982,0.371634931057124,8229
LEGACY,logistic_balanced,0.69,933,539,5438,1319,0.63383152173913,0.414298401420959,0.501074113856069,0.909820980424962,1472,0.178879572244501,0.36616847826087,8229
LEGACY,logistic_balanced,0.7,909,510,5467,1343,0.640591966173362,0.403641207815275,0.495232906564969,0.914672912832525,1419,0.172438935472111,0.359408033826638,8229
LEGACY,logistic_balanced,0.71,883,491,5486,1369,0.642649199417758,0.392095914742451,0.48703805846663,0.917851765099548,1374,0.166970470288006,0.357350800582242,8229
LEGACY,logistic_balanced,0.72,860,476,5501,1392,0.643712574850299,0.381882770870337,0.479375696767001,0.920361385310356,1336,0.162352655243651,0.356287425149701,8229
LEGACY,logistic_balanced,0.73,826,456,5521,1426,0.644305772230889,0.366785079928952,0.467458970005659,0.923707545591434,1282,0.155790497022725,0.355694227769111,8229
LEGACY,logistic_balanced,0.74,805,440,5537,1447,0.646586345381526,0.357460035523979,0.460394623963397,0.926384473816296,1245,0.151294203426905,0.353413654618474,8229
LEGACY,logistic_balanced,0.75,785,422,5555,1467,0.650372825186413,0.348579040852575,0.453888407054062,0.929396018069266,1207,0.14667638838255,0.349627174813587,8229
LEGACY,logistic_balanced,0.76,758,401,5576,1494,0.654012079378775,0.336589698046181,0.444444444444444,0.932909486364397,1159,0.140843358852838,0.345987920621225,8229
LEGACY,logistic_balanced,0.77,733,376,5601,1519,0.660955816050496,0.325488454706927,0.436179708420113,0.937092186715744,1109,0.134767286426054,0.339044183949504,8229
LEGACY,logistic_balanced,0.78,715,360,5617,1537,0.665116279069767,0.317495559502664,0.429816651638112,0.939769114940606,1075,0.130635557175842,0.334883720930233,8229
LEGACY,logistic_balanced,0.79,679,339,5638,1573,0.666994106090373,0.301509769094139,0.415290519877676,0.943282583235737,1018,0.123708834609309,0.333005893909627,8229
LEGACY,logistic_balanced,0.8,640,313,5664,1612,0.671563483735572,0.284191829484902,0.399375975039002,0.947632591601138,953,0.11580994045449,0.328436516264428,8229
LEGACY,logistic_balanced,0.81,603,297,5680,1649,0.67,0.267761989342806,0.38261421319797,0.950309519826,900,0.1093693036821,0.33,8229
LEGACY,logistic_balanced,0.82,559,279,5698,1693,0.667064439140811,0.248223801065719,0.361812297734628,0.953321064078969,838,0.101834973872889,0.332935560859189,8229
LEGACY,logistic_balanced,0.83,521,264,5713,1731,0.663694267515924,0.231349911190053,0.343101745143233,0.955830684289777,785,0.0953943371004982,0.336305732484076,8229
LEGACY,logistic_balanced,0.84,485,237,5740,1767,0.671745152354571,0.215364120781528,0.326160053799597,0.960348000669232,722,0.0877384858427512,0.328254847645429,8229
LEGACY,logistic_balanced,0.85,451,217,5760,1801,0.675149700598802,0.200266429840142,0.308904109589041,0.96369416095031,668,0.0811763276218253,0.324850299401198,8229
LEGACY,logistic_balanced,0.86,435,199,5778,1817,0.686119873817035,0.19316163410302,0.301455301455301,0.966705705203279,634,0.0770445983716126,0.313880126182965,8229
LEGACY,logistic_balanced,0.87,408,188,5789,1844,0.684563758389262,0.181172291296625,0.286516853932584,0.968546093357872,596,0.0724267833272573,0.315436241610738,8229
LEGACY,logistic_balanced,0.88,370,169,5808,1882,0.686456400742115,0.164298401420959,0.265137943389466,0.971724945624895,539,0.0655000607607243,0.313543599257885,8229
LEGACY,logistic_balanced,0.89,322,160,5817,1930,0.66804979253112,0.142984014209591,0.23555230431602,0.97323071775138,482,0.0585733381941913,0.33195020746888,8229
LEGACY,logistic_balanced,0.9,278,147,5830,1974,0.654117647058824,0.123445825932504,0.207695181172955,0.975405721934081,425,0.0516466156276583,0.345882352941176,8229
LEGACY,logistic_balanced,0.91,238,126,5851,2014,0.653846153846154,0.105683836589698,0.181957186544343,0.978919190229212,364,0.0442338072669826,0.346153846153846,8229
LEGACY,logistic_balanced,0.92,187,99,5878,2065,0.653846153846154,0.0830373001776199,0.14736012608353,0.983436506608667,286,0.0347551342812006,0.346153846153846,8229
LEGACY,logistic_balanced,0.93,141,80,5897,2111,0.638009049773756,0.0626110124333925,0.1140315406389,0.98661535887569,221,0.0268562401263823,0.361990950226244,8229
LEGACY,logistic_balanced,0.94,119,68,5909,2133,0.636363636363636,0.052841918294849,0.0975809758097581,0.988623055044337,187,0.0227245108761696,0.363636363636364,8229
LEGACY,logistic_balanced,0.95,95,57,5920,2157,0.625,0.0421847246891652,0.0790349417637271,0.990463443198929,152,0.0184712601774213,0.375,8229
LEGACY,logistic_balanced,0.96,79,49,5928,2173,0.6171875,0.0350799289520426,0.0663865546218487,0.99180190731136,128,0.0155547454125653,0.3828125,8229
LEGACY,logistic_balanced,0.97,61,37,5940,2191,0.622448979591837,0.0270870337477798,0.0519148936170213,0.993809603480007,98,0.0119091019564953,0.377551020408163,8229
LEGACY,logistic_balanced,0.98,44,22,5955,2208,0.666666666666667,0.019538188277087,0.0379637618636756,0.996319223690815,66,0.00802041560335399,0.333333333333333,8229
LEGACY,logistic_balanced,0.99,21,12,5965,2231,0.636363636363636,0.00932504440497336,0.0183807439824945,0.997992303831354,33,0.004010207801677,0.363636363636364,8229
LEGACY,logistic_balanced,1,0,0,5977,2252,,0,0,1,0,0,,8229
LEGACY,catboost_unweighted,0.01,2250,5850,127,2,0.277777777777778,0.99911190053286,0.434698608964451,0.0212481177848419,8100,0.984323733138899,0.722222222222222,8229
LEGACY,catboost_unweighted,0.02,2240,5371,606,12,0.294310865852056,0.994671403197158,0.454222853087296,0.101388656516647,7611,0.924899744804958,0.705689134147944,8229
LEGACY,catboost_unweighted,0.03,2224,4906,1071,28,0.311921458625526,0.987566607460036,0.474099339160094,0.179186883051698,7130,0.866447928059302,0.688078541374474,8229
LEGACY,catboost_unweighted,0.04,2209,4456,1521,43,0.331432858214554,0.980905861456483,0.495458113715375,0.254475489375941,6665,0.809940454490218,0.668567141785446,8229
LEGACY,catboost_unweighted,0.05,2194,4120,1857,58,0.347481786506177,0.974245115452931,0.512257763250058,0.310690982098043,6314,0.767286426054199,0.652518213493823,8229
LEGACY,catboost_unweighted,0.06,2177,3801,2176,75,0.364168618266979,0.966696269982238,0.529040097205346,0.364062238581228,5978,0.726455219346215,0.635831381733021,8229
LEGACY,catboost_unweighted,0.07,2171,3511,2466,81,0.382083773319254,0.964031971580817,0.547264935719687,0.412581562656851,5682,0.690484870579657,0.617916226680746,8229
LEGACY,catboost_unweighted,0.08,2157,3275,2702,95,0.397091310751105,0.957815275310835,0.561426340447683,0.452066253973565,5432,0.660104508445741,0.602908689248895,8229
LEGACY,catboost_unweighted,0.09,2142,3084,2893,110,0.409873708381171,0.951154529307282,0.572880449317999,0.484022084657855,5226,0.635071090047393,0.590126291618829,8229
LEGACY,catboost_unweighted,0.1,2121,2885,3092,131,0.423691570115861,0.941829484902309,0.584458528520253,0.517316379454576,5006,0.608336371369547,0.576308429884139,8229
LEGACY,catboost_unweighted,0.11,2103,2690,3287,149,0.43876486542875,0.933836589698046,0.597019162526615,0.549941442195081,4793,0.58245230283145,0.56123513457125,8229
LEGACY,catboost_unweighted,0.12,2082,2533,3444,170,0.451137594799567,0.924511545293073,0.606378331148973,0.576208800401539,4615,0.560821484992101,0.548862405200433,8229
LEGACY,catboost_unweighted,0.13,2061,2374,3603,191,0.464712514092446,0.915186500888099,0.616419919246299,0.602810774636105,4435,0.538947624255681,0.535287485907554,8229
LEGACY,catboost_unweighted,0.14,2046,2246,3731,206,0.476700838769804,0.908525754884547,0.625305623471883,0.624226200435001,4292,0.521570057115081,0.523299161230196,8229
LEGACY,catboost_unweighted,0.15,2027,2132,3845,225,0.487376773262804,0.900088809946714,0.63235064732491,0.643299314037142,4159,0.505407704459837,0.512623226737196,8229
LEGACY,catboost_unweighted,0.16,2010,2015,3962,242,0.499378881987578,0.892539964476021,0.640433328022941,0.662874351681446,4025,0.489123830356058,0.500621118012422,8229
LEGACY,catboost_unweighted,0.17,1994,1911,4066,258,0.510627400768246,0.885435168738899,0.647718044502193,0.680274385143048,3905,0.474541256531778,0.489372599231754,8229
LEGACY,catboost_unweighted,0.18,1975,1815,4162,277,0.521108179419525,0.876998223801066,0.653757034094671,0.69633595449222,3790,0.460566289950176,0.478891820580475,8229
LEGACY,catboost_unweighted,0.19,1958,1730,4247,294,0.530911062906725,0.869449378330373,0.659259259259259,0.710557135686799,3688,0.448171102199538,0.469088937093275,8229
LEGACY,catboost_unweighted,0.2,1941,1656,4321,311,0.539616346955797,0.86190053285968,0.663703197127714,0.722937928726786,3597,0.437112650382793,0.460383653044203,8229
LEGACY,catboost_unweighted,0.21,1922,1578,4399,330,0.549142857142857,0.853463587921847,0.668289290681502,0.735987953822988,3500,0.425325069874833,0.450857142857143,8229
LEGACY,catboost_unweighted,0.22,1905,1513,4464,347,0.557343475716793,0.845914742451154,0.671957671957672,0.74686297473649,3418,0.415360311094908,0.442656524283207,8229
LEGACY,catboost_unweighted,0.23,1888,1453,4524,364,0.565100269380425,0.838365896980462,0.675129626318613,0.756901455579722,3341,0.406003159557662,0.434899730619575,8229
LEGACY,catboost_unweighted,0.24,1876,1412,4565,376,0.570559610705596,0.83303730017762,0.677256317689531,0.763761084155931,3288,0.399562522785272,0.429440389294404,8229
LEGACY,catboost_unweighted,0.25,1867,1365,4612,385,0.577660891089109,0.829040852575488,0.680889861415025,0.771624560816463,3232,0.392757321667274,0.422339108910891,8229
LEGACY,catboost_unweighted,0.26,1850,1317,4660,402,0.58414903694348,0.821492007104796,0.682782801254844,0.779655345491049,3167,0.384858427512456,0.41585096305652,8229
LEGACY,catboost_unweighted,0.27,1839,1268,4709,413,0.591889282265851,0.816607460035524,0.686322075013995,0.787853438179689,3107,0.377567140600316,0.408110717734149,8229
LEGACY,catboost_unweighted,0.28,1816,1222,4755,436,0.597761685319289,0.80639431616341,0.686578449905482,0.795549606826167,3038,0.369182160651355,0.402238314680711,8229
LEGACY,catboost_unweighted,0.29,1792,1174,4803,460,0.604180714767363,0.795737122557726,0.686853200459946,0.803580391500753,2966,0.360432616356787,0.395819285232637,8229
LEGACY,catboost_unweighted,0.3,1779,1139,4838,473,0.609664153529815,0.789964476021314,0.688201160541586,0.809436171992638,2918,0.354599586827075,0.390335846470185,8229
LEGACY,catboost_unweighted,0.31,1762,1095,4882,490,0.616730836541827,0.782415630550622,0.689763163045606,0.816797724611009,2857,0.347186778466399,0.383269163458173,8229
LEGACY,catboost_unweighted,0.32,1749,1060,4917,503,0.622641509433962,0.77664298401421,0.691167753408417,0.822653505102894,2809,0.341353748936687,0.377358490566038,8229
LEGACY,catboost_unweighted,0.33,1726,1017,4960,526,0.629238060517681,0.766429840142096,0.691091091091091,0.829847749707211,2743,0.333333333333333,0.370761939482319,8229
LEGACY,catboost_unweighted,0.34,1711,976,5001,541,0.63676963155936,0.759769094138544,0.692852804211379,0.83670737828342,2687,0.326528132215336,0.36323036844064,8229
LEGACY,catboost_unweighted,0.35,1686,943,5034,566,0.641308482312666,0.74866785079929,0.690842040565458,0.842228542747198,2629,0.319479888200267,0.358691517687334,8229
LEGACY,catboost_unweighted,0.36,1672,922,5055,580,0.644564379336931,0.742451154529307,0.690053652496905,0.845742011042329,2594,0.315226637501519,0.355435620663069,8229
LEGACY,catboost_unweighted,0.37,1653,900,5077,599,0.647473560517039,0.734014209591474,0.688033298647242,0.849422787351514,2553,0.310244258111557,0.352526439482961,8229
LEGACY,catboost_unweighted,0.38,1632,879,5098,620,0.649940262843489,0.724689165186501,0.685282385051438,0.852936255646645,2511,0.305140357273059,0.350059737156511,8229
LEGACY,catboost_unweighted,0.39,1612,859,5118,640,0.652367462565763,0.715808170515098,0.682616980732585,0.856282415927723,2471,0.300279499331632,0.347632537434237,8229
LEGACY,catboost_unweighted,0.4,1599,828,5149,653,0.658838071693449,0.710035523978686,0.683479375935029,0.861468964363393,2427,0.294932555596063,0.341161928306551,8229
LEGACY,catboost_unweighted,0.41,1584,809,5168,668,0.661930631007104,0.703374777975133,0.682023681377826,0.864647816630417,2393,0.29080082634585,0.338069368992896,8229
LEGACY,catboost_unweighted,0.42,1564,795,5182,688,0.662992793556592,0.69449378330373,0.678377792235957,0.866990128827171,2359,0.286669097095637,0.337007206443408,8229
LEGACY,catboost_unweighted,0.43,1547,770,5207,705,0.667673716012085,0.686944937833037,0.677172247756621,0.871172829178518,2317,0.281565196257139,0.332326283987915,8229
LEGACY,catboost_unweighted,0.44,1530,756,5221,722,0.669291338582677,0.679396092362345,0.674305861613045,0.873515141375272,2286,0.277798031352534,0.330708661417323,8229
LEGACY,catboost_unweighted,0.45,1515,733,5244,737,0.673932384341637,0.672735346358792,0.673333333333333,0.877363225698511,2248,0.273180216308178,0.326067615658363,8229
LEGACY,catboost_unweighted,0.46,1496,716,5261,756,0.676311030741411,0.664298401420959,0.670250896057348,0.880207461937427,2212,0.268805444160894,0.32368896925859,8229
LEGACY,catboost_unweighted,0.47,1483,696,5281,769,0.680587425424507,0.658525754884547,0.669374858948319,0.883553622218504,2179,0.264795236359217,0.319412574575493,8229
LEGACY,catboost_unweighted,0.48,1466,681,5296,786,0.682813227759665,0.650976909413854,0.666515117072062,0.886063242429312,2147,0.260906550006076,0.317186772240335,8229
LEGACY,catboost_unweighted,0.49,1449,661,5316,803,0.686729857819905,0.643428063943162,0.664374140302613,0.88940940271039,2110,0.256410256410256,0.313270142180095,8229
LEGACY,catboost_unweighted,0.5,1424,645,5332,828,0.688255195746738,0.632326820603908,0.659106688266605,0.892086330935252,2069,0.251427877020294,0.311744804253262,8229
LEGACY,catboost_unweighted,0.51,1411,626,5351,841,0.692685321551301,0.626554174067496,0.657962228957799,0.895265183202275,2037,0.247539190667153,0.307314678448699,8229
LEGACY,catboost_unweighted,0.52,1402,613,5364,850,0.695781637717122,0.622557726465364,0.657136161237403,0.897440187384976,2015,0.244865718799368,0.304218362282878,8229
LEGACY,catboost_unweighted,0.53,1384,605,5372,868,0.695827048768225,0.614564831261101,0.652676255600094,0.898778651497407,1989,0.241706161137441,0.304172951231775,8229
LEGACY,catboost_unweighted,0.54,1372,593,5384,880,0.698218829516539,0.609236234458259,0.650699549442732,0.900786347666053,1965,0.238789646372585,0.301781170483461,8229
LEGACY,catboost_unweighted,0.55,1352,579,5398,900,0.700155359917141,0.600355239786856,0.646426010040641,0.903128659862807,1931,0.234657917122372,0.299844640082859,8229
LEGACY,catboost_unweighted,0.56,1333,555,5422,919,0.70603813559322,0.591918294849023,0.643961352657005,0.9071440522001,1888,0.229432494835338,0.29396186440678,8229
LEGACY,catboost_unweighted,0.57,1312,541,5436,940,0.708041014570966,0.58259325044405,0.639220462850183,0.909486364396855,1853,0.22517924413659,0.291958985429034,8229
LEGACY,catboost_unweighted,0.58,1298,522,5455,954,0.713186813186813,0.576376554174068,0.637524557956778,0.912665216663878,1820,0.221169036334913,0.286813186813187,8229
LEGACY,catboost_unweighted,0.59,1274,508,5469,978,0.714927048260382,0.565719360568384,0.631631135349529,0.915007528860632,1782,0.216551221290558,0.285072951739618,8229
LEGACY,catboost_unweighted,0.6,1260,499,5478,992,0.716316088686754,0.559502664298401,0.628272251308901,0.916513300987117,1759,0.213756227974237,0.283683911313246,8229
LEGACY,catboost_unweighted,0.61,1247,482,5495,1005,0.721226142278774,0.553730017761989,0.626475759859332,0.919357537226033,1729,0.210110584518167,0.278773857721226,8229
LEGACY,catboost_unweighted,0.62,1228,470,5507,1024,0.723203769140165,0.545293072824156,0.621772151898734,0.92136523339468,1698,0.206343419613562,0.276796230859835,8229
LEGACY,catboost_unweighted,0.63,1209,453,5524,1043,0.727436823104693,0.536856127886323,0.617782319877363,0.924209469633595,1662,0.201968647466278,0.272563176895307,8229
LEGACY,catboost_unweighted,0.64,1188,435,5542,1064,0.731977818853974,0.52753108348135,0.613161290322581,0.927221013886565,1623,0.197229310973387,0.268022181146026,8229
LEGACY,catboost_unweighted,0.65,1166,424,5553,1086,0.733333333333333,0.517761989342806,0.606975533576262,0.929061402041158,1590,0.19321910317171,0.266666666666667,8229
LEGACY,catboost_unweighted,0.66,1143,412,5565,1109,0.735048231511254,0.507548845470693,0.600472813238771,0.931069098209804,1555,0.188965852472961,0.264951768488746,8229
LEGACY,catboost_unweighted,0.67,1127,400,5577,1125,0.738048461034709,0.50044404973357,0.59645408838317,0.933076794378451,1527,0.185563251913963,0.261951538965291,8229
LEGACY,catboost_unweighted,0.68,1113,390,5587,1139,0.740518962075848,0.494227353463588,0.592809587217044,0.934749874518989,1503,0.182646737149107,0.259481037924152,8229
LEGACY,catboost_unweighted,0.69,1080,380,5597,1172,0.73972602739726,0.479573712255773,0.581896551724138,0.936422954659528,1460,0.177421314862073,0.26027397260274,8229
LEGACY,catboost_unweighted,0.7,1058,373,5604,1194,0.739343116701607,0.469804618117229,0.574531631821884,0.937594110757905,1431,0.173897192854539,0.260656883298393,8229
LEGACY,catboost_unweighted,0.71,1030,354,5623,1222,0.744219653179191,0.457371225577265,0.566556655665567,0.940772963024929,1384,0.168185684773362,0.255780346820809,8229
LEGACY,catboost_unweighted,0.72,1009,342,5635,1243,0.746854182087343,0.448046181172291,0.560088814876492,0.942780659193575,1351,0.164175476971685,0.253145817912657,8229
LEGACY,catboost_unweighted,0.73,982,331,5646,1270,0.747905559786748,0.436056838365897,0.550911640953717,0.944621047348168,1313,0.15955766192733,0.252094440213252,8229
LEGACY,catboost_unweighted,0.74,954,323,5654,1298,0.747063429913861,0.423623445825933,0.540663077359025,0.945959511460599,1277,0.155182889780046,0.252936570086139,8229
LEGACY,catboost_unweighted,0.75,936,312,5665,1316,0.75,0.41563055062167,0.534857142857143,0.947799899615192,1248,0.151658767772512,0.25,8229
LEGACY,catboost_unweighted,0.76,913,303,5674,1339,0.750822368421053,0.405417406749556,0.526528258362168,0.949305671741676,1216,0.147770081419371,0.249177631578947,8229
LEGACY,catboost_unweighted,0.77,889,293,5684,1363,0.752115059221658,0.394760213143872,0.517763541059988,0.950978751882215,1182,0.143638352169158,0.247884940778342,8229
LEGACY,catboost_unweighted,0.78,865,286,5691,1387,0.751520417028671,0.384103019538188,0.508374963267705,0.952149907980592,1151,0.139871187264552,0.248479582971329,8229
LEGACY,catboost_unweighted,0.79,837,273,5704,1415,0.754054054054054,0.371669626998224,0.497917906008328,0.954324912163293,1110,0.13488880787459,0.245945945945946,8229
LEGACY,catboost_unweighted,0.8,820,263,5714,1432,0.757156048014774,0.364120781527531,0.491754122938531,0.955997992303831,1083,0.131607728764127,0.242843951985226,8229
LEGACY,catboost_unweighted,0.81,799,251,5726,1453,0.760952380952381,0.354795737122558,0.483949121744397,0.958005688472478,1050,0.12759752096245,0.239047619047619,8229
LEGACY,catboost_unweighted,0.82,784,243,5734,1468,0.763388510223953,0.348134991119005,0.478194571515706,0.959344152584909,1027,0.12480252764613,0.236611489776047,8229
LEGACY,catboost_unweighted,0.83,765,226,5751,1487,0.771947527749748,0.339698046181172,0.471785383903793,0.962188388823825,991,0.120427755498846,0.228052472250252,8229
LEGACY,catboost_unweighted,0.84,744,219,5758,1508,0.772585669781931,0.330373001776199,0.462830482115086,0.963359544922202,963,0.117025154939847,0.227414330218069,8229
LEGACY,catboost_unweighted,0.85,724,205,5772,1528,0.779332615715823,0.321492007104796,0.455202766425652,0.965701857118956,929,0.112893425689634,0.220667384284177,8229
LEGACY,catboost_unweighted,0.86,690,194,5783,1562,0.780542986425339,0.30639431616341,0.440051020408163,0.967542245273549,884,0.107424960505529,0.219457013574661,8229
LEGACY,catboost_unweighted,0.87,658,185,5792,1594,0.780545670225386,0.292184724689165,0.425201938610662,0.969048017400033,843,0.102442581115567,0.219454329774614,8229
LEGACY,catboost_unweighted,0.88,623,175,5802,1629,0.780701754385965,0.27664298401421,0.408524590163934,0.970721097540572,798,0.0969741159314619,0.219298245614035,8229
LEGACY,catboost_unweighted,0.89,583,167,5810,1669,0.777333333333333,0.258880994671403,0.388407728181212,0.972059561653003,750,0.0911410864017499,0.222666666666667,8229
LEGACY,catboost_unweighted,0.9,549,157,5820,1703,0.777620396600567,0.243783303730018,0.371196754563895,0.973732641793542,706,0.0857941426661806,0.222379603399433,8229
LEGACY,catboost_unweighted,0.91,509,143,5834,1743,0.780674846625767,0.226021314387211,0.350550964187328,0.976074953990296,652,0.0792319844452546,0.219325153374233,8229
LEGACY,catboost_unweighted,0.92,464,134,5843,1788,0.775919732441472,0.206039076376554,0.325614035087719,0.977580726116781,598,0.0726698262243286,0.224080267558528,8229
LEGACY,catboost_unweighted,0.93,412,122,5855,1840,0.771535580524345,0.182948490230906,0.295764536970567,0.979588422285427,534,0.0648924535180459,0.228464419475655,8229
LEGACY,catboost_unweighted,0.94,348,112,5865,1904,0.756521739130435,0.154529307282416,0.256637168141593,0.981261502425966,460,0.0558998663264066,0.243478260869565,8229
LEGACY,catboost_unweighted,0.95,297,90,5887,1955,0.767441860465116,0.131882770870337,0.225085259568018,0.984942278735151,387,0.047028800583303,0.232558139534884,8229
LEGACY,catboost_unweighted,0.96,221,62,5915,2031,0.780918727915194,0.0981349911190053,0.174358974358974,0.98962690312866,283,0.0343905699355936,0.219081272084806,8229
LEGACY,catboost_unweighted,0.97,163,45,5932,2089,0.783653846153846,0.0723801065719361,0.132520325203252,0.992471139367576,208,0.0252764612954186,0.216346153846154,8229
LEGACY,catboost_unweighted,0.98,105,20,5957,2147,0.84,0.0466252220248668,0.0883466554480438,0.996653839718923,125,0.0151901810669583,0.16,8229
LEGACY,catboost_unweighted,0.99,27,5,5972,2225,0.84375,0.0119893428063943,0.0236427320490368,0.999163459929731,32,0.00388868635314133,0.15625,8229
LEGACY,catboost_unweighted,1,0,0,5977,2252,,0,0,1,0,0,,8229
LEGACY,catboost_balanced,0.01,2252,5935,42,0,0.27507023329669,1,0.431458952006897,0.00702693659026267,8187,0.994896099161502,0.72492976670331,8229
LEGACY,catboost_balanced,0.02,2248,5684,293,4,0.283408976298538,0.998223801065719,0.441476826394344,0.0490212481177848,7932,0.963908129784907,0.716591023701462,8229
LEGACY,catboost_balanced,0.03,2240,5384,593,12,0.293809024134313,0.994671403197158,0.453624949372215,0.0992136523339468,7624,0.926479523635922,0.706190975865687,8229
LEGACY,catboost_balanced,0.04,2230,5096,881,22,0.304395304395304,0.990230905861456,0.4656504489455,0.147398360381462,7326,0.890266131972293,0.695604695604696,8229
LEGACY,catboost_balanced,0.05,2220,4817,1160,32,0.315475344607077,0.985790408525755,0.477984713101518,0.194077296302493,7037,0.855146433345485,0.684524655392923,8229
LEGACY,catboost_balanced,0.06,2207,4549,1428,45,0.326672587329781,0.980017761989343,0.490008880994671,0.238915844068931,6756,0.820998906306963,0.673327412670219,8229
LEGACY,catboost_balanced,0.07,2201,4331,1646,51,0.33695652173913,0.977353463587922,0.501138433515483,0.275388991132675,6532,0.793778101834974,0.66304347826087,8229
LEGACY,catboost_balanced,0.08,2192,4124,1853,60,0.347055098163395,0.97335701598579,0.511671335200747,0.310021750041827,6316,0.76752946895127,0.652944901836605,8229
LEGACY,catboost_balanced,0.09,2180,3942,2035,72,0.35609278013721,0.968028419182948,0.520659183186052,0.340471808599632,6122,0.743954307935351,0.64390721986279,8229
LEGACY,catboost_balanced,0.1,2177,3747,2230,75,0.367488183659689,0.966696269982238,0.532534246575342,0.373096871340137,5924,0.719893061125289,0.632511816340311,8229
LEGACY,catboost_balanced,0.11,2165,3562,2415,87,0.378033874628951,0.961367673179396,0.542674520616619,0.404048853940104,5727,0.695953335763762,0.621966125371049,8229
LEGACY,catboost_balanced,0.12,2160,3404,2573,92,0.388209920920201,0.959147424511545,0.552712384851586,0.430483520160616,5564,0.676145339652449,0.611790079079799,8229
LEGACY,catboost_balanced,0.13,2156,3252,2725,96,0.398668639053254,0.957371225577265,0.562924281984334,0.455914338296804,5408,0.657187993680885,0.601331360946746,8229
LEGACY,catboost_balanced,0.14,2145,3126,2851,107,0.406943653955606,0.952486678507993,0.570251229562674,0.476995148067592,5271,0.640539555231498,0.593056346044394,8229
LEGACY,catboost_balanced,0.15,2140,2978,2999,112,0.418132082844861,0.950266429840142,0.580732700135685,0.501756734147566,5118,0.621946773605541,0.581867917155139,8229
LEGACY,catboost_balanced,0.16,2124,2850,3127,128,0.427020506634499,0.94316163410302,0.587877110434542,0.523172159946461,4974,0.604447685016405,0.572979493365501,8229
LEGACY,catboost_balanced,0.17,2114,2726,3251,138,0.436776859504132,0.938721136767318,0.596164692611393,0.543918353689142,4840,0.588163810912626,0.563223140495868,8229
LEGACY,catboost_balanced,0.18,2102,2607,3370,150,0.446379273731153,0.933392539964476,0.603936216060911,0.563828007361553,4709,0.572244501154454,0.553620726268847,8229
LEGACY,catboost_balanced,0.19,2090,2514,3463,162,0.453953084274544,0.928063943161634,0.609684947491248,0.579387652668563,4604,0.559484749058209,0.546046915725456,8229
LEGACY,catboost_balanced,0.2,2082,2414,3563,170,0.463078291814947,0.924511545293073,0.617071724955542,0.59611845407395,4496,0.546360432616357,0.536921708185053,8229
LEGACY,catboost_balanced,0.21,2073,2331,3646,179,0.470708446866485,0.920515097690941,0.622896634615385,0.610005019240422,4404,0.535180459351075,0.529291553133515,8229
LEGACY,catboost_balanced,0.22,2056,2241,3736,196,0.478473353502444,0.912966252220249,0.627882119407543,0.62506274050527,4297,0.522177664357759,0.521526646497556,8229
LEGACY,catboost_balanced,0.23,2046,2155,3822,206,0.487026898357534,0.908525754884547,0.634123663412366,0.639451229713903,4201,0.510511605298335,0.512973101642466,8229
LEGACY,catboost_balanced,0.24,2035,2080,3897,217,0.49453219927096,0.903641207815275,0.639233547981781,0.651999330767944,4115,0.500060760724268,0.50546780072904,8229
LEGACY,catboost_balanced,0.25,2023,1995,3982,229,0.503484320557491,0.898312611012433,0.645295055821371,0.666220511962523,4018,0.488273180216308,0.496515679442509,8229
LEGACY,catboost_balanced,0.26,2010,1938,4039,242,0.509118541033435,0.892539964476021,0.648387096774194,0.675757068763594,3948,0.479766678818812,0.490881458966565,8229
LEGACY,catboost_balanced,0.27,1997,1888,4089,255,0.514028314028314,0.886767317939609,0.65080658302102,0.684122469466287,3885,0.472110827561065,0.485971685971686,8229
LEGACY,catboost_balanced,0.28,1987,1836,4141,265,0.519748888307612,0.882326820603908,0.654156378600823,0.692822486197089,3823,0.464576497751853,0.480251111692388,8229
LEGACY,catboost_balanced,0.29,1976,1755,4222,276,0.529616724738676,0.877442273534636,0.660538191542704,0.706374435335453,3731,0.453396524486572,0.470383275261324,8229
LEGACY,catboost_balanced,0.3,1964,1702,4275,288,0.535733769776323,0.872113676731794,0.663737749239608,0.715241760080308,3666,0.445497630331754,0.464266230223677,8229
LEGACY,catboost_balanced,0.31,1953,1640,4337,299,0.543556916225995,0.867229129662522,0.668263473053892,0.725614856951648,3593,0.43662656458865,0.456443083774005,8229
LEGACY,catboost_balanced,0.32,1945,1595,4382,307,0.549435028248588,0.863676731793961,0.671616022099447,0.733143717584072,3540,0.43018592781626,0.450564971751412,8229
LEGACY,catboost_balanced,0.33,1934,1550,4427,318,0.555109070034443,0.858792184724689,0.674337517433752,0.740672578216497,3484,0.423380726698262,0.444890929965557,8229
LEGACY,catboost_balanced,0.34,1919,1495,4482,333,0.562097246631517,0.852131438721137,0.677373808683374,0.74987451898946,3414,0.414874225300766,0.437902753368483,8229
LEGACY,catboost_balanced,0.35,1905,1461,4516,347,0.565953654188948,0.845914742451154,0.678177287290851,0.755562991467291,3366,0.409041195771054,0.434046345811052,8229
LEGACY,catboost_balanced,0.36,1898,1428,4549,354,0.570655441972339,0.842806394316163,0.680530656149157,0.761084155931069,3326,0.404180337829627,0.429344558027661,8229
LEGACY,catboost_balanced,0.37,1878,1391,4586,374,0.574487610890181,0.83392539964476,0.680311537764898,0.767274552451062,3269,0.397253615263094,0.42551238910982,8229
LEGACY,catboost_balanced,0.38,1868,1358,4619,384,0.579045257284563,0.829484902309059,0.682000730193501,0.77279571691484,3226,0.39202819297606,0.420954742715437,8229
LEGACY,catboost_balanced,0.39,1851,1331,4646,401,0.581709616593338,0.821936056838366,0.681266102318734,0.777313033294295,3182,0.386681249240491,0.418290383406662,8229
LEGACY,catboost_balanced,0.4,1842,1275,4702,410,0.590952839268527,0.817939609236234,0.686161296330788,0.786682282081312,3117,0.378782355085673,0.409047160731473,8229
LEGACY,catboost_balanced,0.41,1829,1245,4732,423,0.594990240728692,0.812166962699822,0.686819376642884,0.791701522502928,3074,0.373556932798639,0.405009759271308,8229
LEGACY,catboost_balanced,0.42,1815,1204,4773,437,0.601192447830407,0.80595026642984,0.688673875924872,0.798561151079137,3019,0.366873253129177,0.398807552169593,8229
LEGACY,catboost_balanced,0.43,1802,1165,4812,450,0.607347489046175,0.800177619893428,0.690553745928339,0.805086163627238,2967,0.360554137805323,0.392652510953825,8229
LEGACY,catboost_balanced,0.44,1792,1125,4852,460,0.614329790881042,0.795737122557726,0.69336428709615,0.811778484189393,2917,0.354478065378539,0.385670209118958,8229
LEGACY,catboost_balanced,0.45,1776,1097,4880,476,0.618169161155587,0.788632326820604,0.693073170731707,0.816463108582901,2873,0.34913112164297,0.381830838844413,8229
LEGACY,catboost_balanced,0.46,1762,1068,4909,490,0.622614840989399,0.782415630550622,0.693427784336875,0.821315040990463,2830,0.343905699355936,0.377385159010601,8229
LEGACY,catboost_balanced,0.47,1743,1035,4942,509,0.627429805615551,0.773978685612789,0.693041749502982,0.826836205454241,2778,0.337586584032082,0.372570194384449,8229
LEGACY,catboost_balanced,0.48,1725,1010,4967,527,0.630712979890311,0.765985790408526,0.691798676559054,0.831018905805588,2735,0.332361161745048,0.369287020109689,8229
LEGACY,catboost_balanced,0.49,1706,986,4991,546,0.633729569093611,0.757548845470693,0.690129449838188,0.835034298142881,2692,0.327135739458014,0.366270430906389,8229
LEGACY,catboost_balanced,0.5,1693,956,5021,559,0.639109097772744,0.751776198934281,0.690879412364823,0.840053538564497,2649,0.321910317170981,0.360890902227256,8229
LEGACY,catboost_balanced,0.51,1667,941,5036,585,0.639187116564417,0.740230905861456,0.686008230452675,0.842563158775305,2608,0.316927937781018,0.360812883435583,8229
LEGACY,catboost_balanced,0.52,1648,923,5054,604,0.64099572150914,0.731793960923623,0.683392079618495,0.845574703028275,2571,0.312431644185199,0.35900427849086,8229
LEGACY,catboost_balanced,0.53,1632,894,5083,620,0.646080760095012,0.724689165186501,0.683131017161992,0.850426635435837,2526,0.306963179001094,0.353919239904988,8229
LEGACY,catboost_balanced,0.54,1622,860,5117,630,0.653505237711523,0.720248667850799,0.685255597803126,0.856115107913669,2482,0.301616235265524,0.346494762288477,8229
LEGACY,catboost_balanced,0.55,1606,844,5133,646,0.655510204081633,0.713143872113677,0.683113568694173,0.858792036138531,2450,0.297727548912383,0.344489795918367,8229
LEGACY,catboost_balanced,0.56,1589,820,5157,663,0.659609796596098,0.705595026642984,0.68182793391976,0.862807428475824,2409,0.292745169522421,0.340390203403902,8229
LEGACY,catboost_balanced,0.57,1573,801,5176,679,0.662594776748105,0.698490230905861,0.680069174232598,0.865986280742848,2374,0.288491918823672,0.337405223251896,8229
LEGACY,catboost_balanced,0.58,1558,778,5199,694,0.666952054794521,0.691829484902309,0.679163034001744,0.869834365066087,2336,0.283874103779317,0.333047945205479,8229
LEGACY,catboost_balanced,0.59,1538,758,5219,714,0.6698606271777,0.682948490230906,0.676341248900616,0.873180525347164,2296,0.27901324583789,0.3301393728223,8229
LEGACY,catboost_balanced,0.6,1522,738,5239,730,0.673451327433628,0.675843694493783,0.674645390070922,0.876526685628242,2260,0.274638473690606,0.326548672566372,8229
LEGACY,catboost_balanced,0.61,1509,719,5258,743,0.677289048473968,0.670071047957371,0.673660714285714,0.879705537895265,2228,0.270749787337465,0.322710951526032,8229
LEGACY,catboost_balanced,0.62,1484,697,5280,768,0.680421824850986,0.658969804618117,0.669524024362734,0.88338631420445,2181,0.265038279256289,0.319578175149014,8229
LEGACY,catboost_balanced,0.63,1475,682,5295,777,0.683820120537784,0.654973357015986,0.669085960535269,0.885895934415258,2157,0.262121764491433,0.316179879462216,8229
LEGACY,catboost_balanced,0.64,1463,660,5317,789,0.689119170984456,0.649644760213144,0.6688,0.889576710724444,2123,0.25799003524122,0.310880829015544,8229
LEGACY,catboost_balanced,0.65,1439,630,5347,813,0.695505074915418,0.63898756660746,0.666049525572784,0.89459595114606,2069,0.251427877020294,0.304494925084582,8229
LEGACY,catboost_balanced,0.66,1422,613,5364,830,0.698771498771499,0.631438721136767,0.663400979706088,0.897440187384976,2035,0.247296147770081,0.301228501228501,8229
LEGACY,catboost_balanced,0.67,1405,598,5379,847,0.701447828257614,0.623889875666075,0.660399529964747,0.899949807595784,2003,0.24340746141694,0.298552171742386,8229
LEGACY,catboost_balanced,0.68,1383,586,5391,869,0.702386998476384,0.614120781527531,0.655294953802417,0.90195750376443,1969,0.239275732166727,0.297613001523616,8229
LEGACY,catboost_balanced,0.69,1363,571,5406,889,0.704756980351603,0.605239786856128,0.651218346870521,0.904467123975238,1934,0.235022481467979,0.295243019648397,8229
LEGACY,catboost_balanced,0.7,1339,548,5429,913,0.709591944886063,0.594582593250444,0.6470161874849,0.908315208298477,1887,0.229310973386803,0.290408055113937,8229
LEGACY,catboost_balanced,0.71,1312,528,5449,940,0.71304347826087,0.58259325044405,0.641251221896383,0.911661368579555,1840,0.223599465305626,0.28695652173913,8229
LEGACY,catboost_balanced,0.72,1294,506,5471,958,0.718888888888889,0.574600355239787,0.638696939782823,0.91534214488874,1800,0.2187386073642,0.281111111111111,8229
LEGACY,catboost_balanced,0.73,1271,485,5492,981,0.72380410022779,0.564387211367673,0.634231536926148,0.918855613183872,1756,0.21339166362863,0.27619589977221,8229
LEGACY,catboost_balanced,0.74,1240,473,5504,1012,0.723876240513719,0.550621669626998,0.62547288776797,0.920863309352518,1713,0.208166241341597,0.276123759486281,8229
LEGACY,catboost_balanced,0.75,1218,459,5518,1034,0.726296958855098,0.540852575488455,0.62000509035378,0.923205621549272,1677,0.203791469194313,0.273703041144902,8229
LEGACY,catboost_balanced,0.76,1193,442,5535,1059,0.729663608562691,0.529751332149201,0.613841008489838,0.926049857788188,1635,0.198687568355815,0.270336391437309,8229
LEGACY,catboost_balanced,0.77,1167,425,5552,1085,0.733040201005025,0.518206039076377,0.607180020811655,0.928894094027104,1592,0.193462146068781,0.266959798994975,8229
LEGACY,catboost_balanced,0.78,1145,410,5567,1107,0.736334405144695,0.508436944937833,0.601523509324928,0.931403714237912,1555,0.188965852472961,0.263665594855305,8229
LEGACY,catboost_balanced,0.79,1119,393,5584,1133,0.740079365079365,0.496891651865009,0.594580233793836,0.934247950476828,1512,0.183740430185928,0.259920634920635,8229
LEGACY,catboost_balanced,0.8,1090,379,5598,1162,0.742001361470388,0.484014209591474,0.585864015049718,0.936590262673582,1469,0.178515007898894,0.257998638529612,8229
LEGACY,catboost_balanced,0.81,1060,366,5611,1192,0.743338008415147,0.470692717584369,0.576400217509516,0.938765266856282,1426,0.173289585611861,0.256661991584853,8229
LEGACY,catboost_balanced,0.82,1015,351,5626,1237,0.743045387994143,0.450710479573712,0.561083471531233,0.941274887067091,1366,0.16599829869972,0.256954612005857,8229
LEGACY,catboost_balanced,0.83,976,337,5640,1276,0.743335872048743,0.433392539964476,0.547545582047686,0.943617199263845,1313,0.15955766192733,0.256664127951257,8229
LEGACY,catboost_balanced,0.84,942,321,5656,1310,0.745843230403801,0.418294849023091,0.535988620199147,0.946294127488707,1263,0.153481589500547,0.2541567695962,8229
LEGACY,catboost_balanced,0.85,902,307,5670,1350,0.746071133167907,0.400532859680284,0.521236636810171,0.948636439685461,1209,0.146919431279621,0.253928866832093,8229
LEGACY,catboost_balanced,0.86,873,296,5681,1379,0.746792130025663,0.38765541740675,0.51037708272435,0.950476827840053,1169,0.142058573338194,0.253207869974337,8229
LEGACY,catboost_balanced,0.87,842,276,5701,1410,0.753130590339893,0.373889875666075,0.499703264094956,0.953822988121131,1118,0.135860979462875,0.246869409660107,8229
LEGACY,catboost_balanced,0.88,803,256,5721,1449,0.758262511803588,0.356571936056838,0.485049833887043,0.957169148402208,1059,0.128691213999271,0.241737488196412,8229
LEGACY,catboost_balanced,0.89,768,238,5739,1484,0.763419483101392,0.341030195381883,0.471454880294659,0.960180692655178,1006,0.122250577226881,0.236580516898608,8229
LEGACY,catboost_balanced,0.9,716,219,5758,1536,0.765775401069519,0.317939609236234,0.449325384374019,0.963359544922202,935,0.113622554380848,0.234224598930481,8229
LEGACY,catboost_balanced,0.91,669,195,5782,1583,0.774305555555556,0.297069271758437,0.429396662387677,0.967374937259495,864,0.104994531534816,0.225694444444444,8229
LEGACY,catboost_balanced,0.92,622,182,5795,1630,0.77363184079602,0.276198934280639,0.407068062827225,0.969549941442195,804,0.0977032446226759,0.22636815920398,8229
LEGACY,catboost_balanced,0.93,570,168,5809,1682,0.772357723577236,0.253108348134991,0.381270903010033,0.971892253638949,738,0.0896828290193219,0.227642276422764,8229
LEGACY,catboost_balanced,0.94,501,137,5840,1751,0.785266457680251,0.22246891651865,0.346712802768166,0.977078802074619,638,0.0775306841657553,0.214733542319749,8229
LEGACY,catboost_balanced,0.95,412,120,5857,1840,0.774436090225564,0.182948490230906,0.295977011494253,0.979923038313535,532,0.0646494106209746,0.225563909774436,8229
LEGACY,catboost_balanced,0.96,331,99,5878,1921,0.769767441860465,0.146980461811723,0.24683072334079,0.983436506608667,430,0.0522542228703366,0.230232558139535,8229
LEGACY,catboost_balanced,0.97,229,74,5903,2023,0.755775577557756,0.101687388987567,0.179256360078278,0.987619206960013,303,0.036820998906307,0.244224422442244,8229
LEGACY,catboost_balanced,0.98,152,38,5939,2100,0.8,0.0674955595026643,0.124488124488124,0.993642295465953,190,0.0230890752217766,0.2,8229
LEGACY,catboost_balanced,0.99,57,11,5966,2195,0.838235294117647,0.0253108348134991,0.0491379310344828,0.998159611845407,68,0.00826345850042533,0.161764705882353,8229
LEGACY,catboost_balanced,1,0,0,5977,2252,,0,0,1,0,0,,8229
MODERN,prevalence,0.01,1570,6452,0,0,0.195711792570431,1,0.327356130108424,0,8022,1,0.804288207429569,8022
MODERN,prevalence,0.02,1570,6452,0,0,0.195711792570431,1,0.327356130108424,0,8022,1,0.804288207429569,8022
MODERN,prevalence,0.03,1570,6452,0,0,0.195711792570431,1,0.327356130108424,0,8022,1,0.804288207429569,8022
MODERN,prevalence,0.04,1570,6452,0,0,0.195711792570431,1,0.327356130108424,0,8022,1,0.804288207429569,8022
MODERN,prevalence,0.05,1570,6452,0,0,0.195711792570431,1,0.327356130108424,0,8022,1,0.804288207429569,8022
MODERN,prevalence,0.06,1570,6452,0,0,0.195711792570431,1,0.327356130108424,0,8022,1,0.804288207429569,8022
MODERN,prevalence,0.07,1570,6452,0,0,0.195711792570431,1,0.327356130108424,0,8022,1,0.804288207429569,8022
MODERN,prevalence,0.08,1570,6452,0,0,0.195711792570431,1,0.327356130108424,0,8022,1,0.804288207429569,8022
MODERN,prevalence,0.09,1570,6452,0,0,0.195711792570431,1,0.327356130108424,0,8022,1,0.804288207429569,8022
MODERN,prevalence,0.1,1570,6452,0,0,0.195711792570431,1,0.327356130108424,0,8022,1,0.804288207429569,8022
MODERN,prevalence,0.11,1570,6452,0,0,0.195711792570431,1,0.327356130108424,0,8022,1,0.804288207429569,8022
MODERN,prevalence,0.12,1570,6452,0,0,0.195711792570431,1,0.327356130108424,0,8022,1,0.804288207429569,8022
MODERN,prevalence,0.13,1570,6452,0,0,0.195711792570431,1,0.327356130108424,0,8022,1,0.804288207429569,8022
MODERN,prevalence,0.14,1570,6452,0,0,0.195711792570431,1,0.327356130108424,0,8022,1,0.804288207429569,8022
MODERN,prevalence,0.15,1570,6452,0,0,0.195711792570431,1,0.327356130108424,0,8022,1,0.804288207429569,8022
MODERN,prevalence,0.16,1570,6452,0,0,0.195711792570431,1,0.327356130108424,0,8022,1,0.804288207429569,8022
MODERN,prevalence,0.17,1570,6452,0,0,0.195711792570431,1,0.327356130108424,0,8022,1,0.804288207429569,8022
MODERN,prevalence,0.18,1570,6452,0,0,0.195711792570431,1,0.327356130108424,0,8022,1,0.804288207429569,8022
MODERN,prevalence,0.19,1570,6452,0,0,0.195711792570431,1,0.327356130108424,0,8022,1,0.804288207429569,8022
MODERN,prevalence,0.2,1570,6452,0,0,0.195711792570431,1,0.327356130108424,0,8022,1,0.804288207429569,8022
MODERN,prevalence,0.21,1570,6452,0,0,0.195711792570431,1,0.327356130108424,0,8022,1,0.804288207429569,8022
MODERN,prevalence,0.22,1570,6452,0,0,0.195711792570431,1,0.327356130108424,0,8022,1,0.804288207429569,8022
MODERN,prevalence,0.23,1570,6452,0,0,0.195711792570431,1,0.327356130108424,0,8022,1,0.804288207429569,8022
MODERN,prevalence,0.24,1570,6452,0,0,0.195711792570431,1,0.327356130108424,0,8022,1,0.804288207429569,8022
MODERN,prevalence,0.25,1570,6452,0,0,0.195711792570431,1,0.327356130108424,0,8022,1,0.804288207429569,8022
MODERN,prevalence,0.26,1570,6452,0,0,0.195711792570431,1,0.327356130108424,0,8022,1,0.804288207429569,8022
MODERN,prevalence,0.27,1570,6452,0,0,0.195711792570431,1,0.327356130108424,0,8022,1,0.804288207429569,8022
MODERN,prevalence,0.28,1570,6452,0,0,0.195711792570431,1,0.327356130108424,0,8022,1,0.804288207429569,8022
MODERN,prevalence,0.29,1570,6452,0,0,0.195711792570431,1,0.327356130108424,0,8022,1,0.804288207429569,8022
MODERN,prevalence,0.3,1570,6452,0,0,0.195711792570431,1,0.327356130108424,0,8022,1,0.804288207429569,8022
MODERN,prevalence,0.31,1570,6452,0,0,0.195711792570431,1,0.327356130108424,0,8022,1,0.804288207429569,8022
MODERN,prevalence,0.32,1570,6452,0,0,0.195711792570431,1,0.327356130108424,0,8022,1,0.804288207429569,8022
MODERN,prevalence,0.33,1068,5314,1138,502,0.167345659667816,0.680254777070064,0.268611670020121,0.176379417234966,6382,0.795562203939167,0.832654340332184,8022
MODERN,prevalence,0.34,1068,5314,1138,502,0.167345659667816,0.680254777070064,0.268611670020121,0.176379417234966,6382,0.795562203939167,0.832654340332184,8022
MODERN,prevalence,0.35,1068,5314,1138,502,0.167345659667816,0.680254777070064,0.268611670020121,0.176379417234966,6382,0.795562203939167,0.832654340332184,8022
MODERN,prevalence,0.36,1068,5314,1138,502,0.167345659667816,0.680254777070064,0.268611670020121,0.176379417234966,6382,0.795562203939167,0.832654340332184,8022
MODERN,prevalence,0.37,1068,5314,1138,502,0.167345659667816,0.680254777070064,0.268611670020121,0.176379417234966,6382,0.795562203939167,0.832654340332184,8022
MODERN,prevalence,0.38,1068,5314,1138,502,0.167345659667816,0.680254777070064,0.268611670020121,0.176379417234966,6382,0.795562203939167,0.832654340332184,8022
MODERN,prevalence,0.39,588,4102,2350,982,0.125373134328358,0.374522292993631,0.187859424920128,0.364228146311221,4690,0.584642233856894,0.874626865671642,8022
MODERN,prevalence,0.4,373,2521,3931,1197,0.128887353144437,0.237579617834395,0.167114695340502,0.609268443893366,2894,0.360757915731738,0.871112646855563,8022
MODERN,prevalence,0.41,0,0,6452,1570,,0,0,1,0,0,,8022
MODERN,prevalence,0.42,0,0,6452,1570,,0,0,1,0,0,,8022
MODERN,prevalence,0.43,0,0,6452,1570,,0,0,1,0,0,,8022
MODERN,prevalence,0.44,0,0,6452,1570,,0,0,1,0,0,,8022
MODERN,prevalence,0.45,0,0,6452,1570,,0,0,1,0,0,,8022
MODERN,prevalence,0.46,0,0,6452,1570,,0,0,1,0,0,,8022
MODERN,prevalence,0.47,0,0,6452,1570,,0,0,1,0,0,,8022
MODERN,prevalence,0.48,0,0,6452,1570,,0,0,1,0,0,,8022
MODERN,prevalence,0.49,0,0,6452,1570,,0,0,1,0,0,,8022
MODERN,prevalence,0.5,0,0,6452,1570,,0,0,1,0,0,,8022
MODERN,prevalence,0.51,0,0,6452,1570,,0,0,1,0,0,,8022
MODERN,prevalence,0.52,0,0,6452,1570,,0,0,1,0,0,,8022
MODERN,prevalence,0.53,0,0,6452,1570,,0,0,1,0,0,,8022
MODERN,prevalence,0.54,0,0,6452,1570,,0,0,1,0,0,,8022
MODERN,prevalence,0.55,0,0,6452,1570,,0,0,1,0,0,,8022
MODERN,prevalence,0.56,0,0,6452,1570,,0,0,1,0,0,,8022
MODERN,prevalence,0.57,0,0,6452,1570,,0,0,1,0,0,,8022
MODERN,prevalence,0.58,0,0,6452,1570,,0,0,1,0,0,,8022
MODERN,prevalence,0.59,0,0,6452,1570,,0,0,1,0,0,,8022
MODERN,prevalence,0.6,0,0,6452,1570,,0,0,1,0,0,,8022
MODERN,prevalence,0.61,0,0,6452,1570,,0,0,1,0,0,,8022
MODERN,prevalence,0.62,0,0,6452,1570,,0,0,1,0,0,,8022
MODERN,prevalence,0.63,0,0,6452,1570,,0,0,1,0,0,,8022
MODERN,prevalence,0.64,0,0,6452,1570,,0,0,1,0,0,,8022
MODERN,prevalence,0.65,0,0,6452,1570,,0,0,1,0,0,,8022
MODERN,prevalence,0.66,0,0,6452,1570,,0,0,1,0,0,,8022
MODERN,prevalence,0.67,0,0,6452,1570,,0,0,1,0,0,,8022
MODERN,prevalence,0.68,0,0,6452,1570,,0,0,1,0,0,,8022
MODERN,prevalence,0.69,0,0,6452,1570,,0,0,1,0,0,,8022
MODERN,prevalence,0.7,0,0,6452,1570,,0,0,1,0,0,,8022
MODERN,prevalence,0.71,0,0,6452,1570,,0,0,1,0,0,,8022
MODERN,prevalence,0.72,0,0,6452,1570,,0,0,1,0,0,,8022
MODERN,prevalence,0.73,0,0,6452,1570,,0,0,1,0,0,,8022
MODERN,prevalence,0.74,0,0,6452,1570,,0,0,1,0,0,,8022
MODERN,prevalence,0.75,0,0,6452,1570,,0,0,1,0,0,,8022
MODERN,prevalence,0.76,0,0,6452,1570,,0,0,1,0,0,,8022
MODERN,prevalence,0.77,0,0,6452,1570,,0,0,1,0,0,,8022
MODERN,prevalence,0.78,0,0,6452,1570,,0,0,1,0,0,,8022
MODERN,prevalence,0.79,0,0,6452,1570,,0,0,1,0,0,,8022
MODERN,prevalence,0.8,0,0,6452,1570,,0,0,1,0,0,,8022
MODERN,prevalence,0.81,0,0,6452,1570,,0,0,1,0,0,,8022
MODERN,prevalence,0.82,0,0,6452,1570,,0,0,1,0,0,,8022
MODERN,prevalence,0.83,0,0,6452,1570,,0,0,1,0,0,,8022
MODERN,prevalence,0.84,0,0,6452,1570,,0,0,1,0,0,,8022
MODERN,prevalence,0.85,0,0,6452,1570,,0,0,1,0,0,,8022
MODERN,prevalence,0.86,0,0,6452,1570,,0,0,1,0,0,,8022
MODERN,prevalence,0.87,0,0,6452,1570,,0,0,1,0,0,,8022
MODERN,prevalence,0.88,0,0,6452,1570,,0,0,1,0,0,,8022
MODERN,prevalence,0.89,0,0,6452,1570,,0,0,1,0,0,,8022
MODERN,prevalence,0.9,0,0,6452,1570,,0,0,1,0,0,,8022
MODERN,prevalence,0.91,0,0,6452,1570,,0,0,1,0,0,,8022
MODERN,prevalence,0.92,0,0,6452,1570,,0,0,1,0,0,,8022
MODERN,prevalence,0.93,0,0,6452,1570,,0,0,1,0,0,,8022
MODERN,prevalence,0.94,0,0,6452,1570,,0,0,1,0,0,,8022
MODERN,prevalence,0.95,0,0,6452,1570,,0,0,1,0,0,,8022
MODERN,prevalence,0.96,0,0,6452,1570,,0,0,1,0,0,,8022
MODERN,prevalence,0.97,0,0,6452,1570,,0,0,1,0,0,,8022
MODERN,prevalence,0.98,0,0,6452,1570,,0,0,1,0,0,,8022
MODERN,prevalence,0.99,0,0,6452,1570,,0,0,1,0,0,,8022
MODERN,prevalence,1,0,0,6452,1570,,0,0,1,0,0,,8022
MODERN,logistic_unweighted,0.01,1552,6281,171,18,0.198136090897485,0.988535031847134,0.330107412527917,0.0265034097954123,7833,0.976439790575916,0.801863909102515,8022
MODERN,logistic_unweighted,0.02,1490,6113,339,80,0.195975272918585,0.949044585987261,0.324866455903194,0.0525418474891507,7603,0.947768636250312,0.804024727081415,8022
MODERN,logistic_unweighted,0.03,1450,6008,444,120,0.194422097076964,0.923566878980892,0.321222862206469,0.0688158710477371,7458,0.929693343305909,0.805577902923036,8022
MODERN,logistic_unweighted,0.04,1429,5921,531,141,0.194421768707483,0.910191082802548,0.320403587443946,0.0823000619962802,7350,0.916230366492147,0.805578231292517,8022
MODERN,logistic_unweighted,0.05,1413,5834,618,157,0.194977231958052,0.9,0.320517182715209,0.0957842529448233,7247,0.903390675641984,0.805022768041948,8022
MODERN,logistic_unweighted,0.06,1397,5722,730,173,0.196235426323922,0.889808917197452,0.321555990332604,0.113143211407316,7119,0.887434554973822,0.803764573676078,8022
MODERN,logistic_unweighted,0.07,1357,5602,850,213,0.194999281505963,0.864331210191083,0.318208465236253,0.131742095474272,6959,0.867489404138619,0.805000718494037,8022
MODERN,logistic_unweighted,0.08,1314,5458,994,256,0.194034258712345,0.836942675159236,0.315032366339007,0.154060756354619,6772,0.844178509099975,0.805965741287655,8022
MODERN,logistic_unweighted,0.09,1282,5319,1133,288,0.194212998030601,0.81656050955414,0.313792681434341,0.175604463732176,6601,0.822862129144852,0.805787001969399,8022
MODERN,logistic_unweighted,0.1,1238,5133,1319,332,0.194318003453147,0.788535031847134,0.311799521470847,0.204432734035958,6371,0.794190974819247,0.805681996546853,8022
MODERN,logistic_unweighted,0.11,1194,4981,1471,376,0.19336032388664,0.760509554140127,0.308327953518399,0.227991320520769,6175,0.769758165046123,0.80663967611336,8022
MODERN,logistic_unweighted,0.12,1149,4816,1636,421,0.192623637887678,0.731847133757962,0.304976775049768,0.253564786112833,5965,0.743580154574919,0.807376362112322,8022
MODERN,logistic_unweighted,0.13,1120,4648,1804,450,0.194174757281553,0.713375796178344,0.305260288907059,0.279603223806572,5768,0.719022687609075,0.805825242718447,8022
MODERN,logistic_unweighted,0.14,1080,4456,1996,490,0.195086705202312,0.687898089171974,0.30396847734309,0.309361438313701,5536,0.69010221889803,0.804913294797688,8022
MODERN,logistic_unweighted,0.15,1030,4234,2218,540,0.195668693009119,0.656050955414013,0.301434006438396,0.34376937383757,5264,0.656195462478185,0.804331306990882,8022
MODERN,logistic_unweighted,0.16,982,3986,2466,588,0.197665056360709,0.625477707006369,0.300397675130009,0.382207067575945,4968,0.619296933433059,0.802334943639291,8022
MODERN,logistic_unweighted,0.17,939,3758,2694,631,0.199914839259102,0.598089171974522,0.299664911440881,0.417544947303162,4697,0.585514834205934,0.800085160740898,8022
MODERN,logistic_unweighted,0.18,892,3566,2886,678,0.200089726334679,0.568152866242038,0.295952222959522,0.447303161810291,4458,0.555721765145849,0.799910273665321,8022
MODERN,logistic_unweighted,0.19,854,3383,3069,716,0.201557705924003,0.543949044585987,0.294127776821078,0.475666460012399,4237,0.528172525554724,0.798442294075997,8022
MODERN,logistic_unweighted,0.2,820,3251,3201,750,0.201424711373127,0.522292993630573,0.290728594220883,0.496125232486051,4071,0.507479431563201,0.798575288626873,8022
MODERN,logistic_unweighted,0.21,804,3139,3313,766,0.203905655592189,0.512101910828025,0.291674224560131,0.513484190948543,3943,0.491523310895039,0.796094344407811,8022
MODERN,logistic_unweighted,0.22,784,3036,3416,786,0.205235602094241,0.499363057324841,0.290909090909091,0.529448233106014,3820,0.476190476190476,0.794764397905759,8022
MODERN,logistic_unweighted,0.23,767,2930,3522,803,0.207465512577766,0.488535031847134,0.291247389405734,0.545877247365158,3697,0.460857641485914,0.792534487422234,8022
MODERN,logistic_unweighted,0.24,740,2866,3586,830,0.205213533000555,0.471337579617834,0.285935085007728,0.555796652200868,3606,0.449513836948392,0.794786466999445,8022
MODERN,logistic_unweighted,0.25,718,2793,3659,852,0.20450014240957,0.457324840764331,0.282621531194647,0.5671109733416,3511,0.43767140363999,0.79549985759043,8022
MODERN,logistic_unweighted,0.26,699,2730,3722,871,0.203849518810149,0.445222929936306,0.279655931186237,0.576875387476751,3429,0.427449513836948,0.796150481189851,8022
MODERN,logistic_unweighted,0.27,685,2669,3783,885,0.204233750745379,0.436305732484076,0.278229082047116,0.586329820210787,3354,0.418100224382947,0.795766249254621,8022
MODERN,logistic_unweighted,0.28,665,2601,3851,905,0.203612982241274,0.423566878980892,0.275020678246485,0.596869187848729,3266,0.407130391423585,0.796387017758726,8022
MODERN,logistic_unweighted,0.29,643,2510,3942,927,0.203932762448462,0.409554140127389,0.272284564895194,0.610973341599504,3153,0.393044128646223,0.796067237551538,8022
MODERN,logistic_unweighted,0.3,621,2410,4042,949,0.204882876938304,0.395541401273885,0.269941317104977,0.626472411655301,3031,0.37783595113438,0.795117123061696,8022
MODERN,logistic_unweighted,0.31,596,2303,4149,974,0.205588133839255,0.379617834394904,0.266726336988141,0.643056416615003,2899,0.361381201695338,0.794411866160745,8022
MODERN,logistic_unweighted,0.32,570,2161,4291,1000,0.208714756499451,0.363057324840764,0.265054638456173,0.665065096094234,2731,0.340438793318374,0.791285243500549,8022
MODERN,logistic_unweighted,0.33,541,2016,4436,1029,0.211576065701995,0.344585987261146,0.26217591470802,0.687538747675139,2557,0.318748441785091,0.788423934298006,8022
MODERN,logistic_unweighted,0.34,520,1883,4569,1050,0.216396171452351,0.331210191082803,0.2617669267556,0.708152510849349,2403,0.299551234106208,0.783603828547649,8022
MODERN,logistic_unweighted,0.35,501,1766,4686,1069,0.220996912218791,0.319108280254777,0.261141516810008,0.726286422814631,2267,0.282597855896285,0.779003087781209,8022
MODERN,logistic_unweighted,0.36,482,1691,4761,1088,0.221813161527842,0.307006369426752,0.257547421854128,0.737910725356479,2173,0.270880079780603,0.778186838472158,8022
MODERN,logistic_unweighted,0.37,462,1622,4830,1108,0.22168905950096,0.294267515923567,0.252873563218391,0.748605083694978,2084,0.259785589628522,0.77831094049904,8022
MODERN,logistic_unweighted,0.38,448,1578,4874,1122,0.221125370187562,0.285350318471338,0.24916573971079,0.755424674519529,2026,0.25255547245076,0.778874629812438,8022
MODERN,logistic_unweighted,0.39,436,1534,4918,1134,0.221319796954315,0.277707006369427,0.246327683615819,0.762244265344079,1970,0.245574669658439,0.778680203045685,8022
MODERN,logistic_unweighted,0.4,426,1510,4942,1144,0.22004132231405,0.271337579617834,0.243011979463776,0.765964042157471,1936,0.241336325105959,0.77995867768595,8022
MODERN,logistic_unweighted,0.41,407,1483,4969,1163,0.215343915343915,0.259235668789809,0.235260115606936,0.770148791072536,1890,0.235602094240838,0.784656084656085,8022
MODERN,logistic_unweighted,0.42,393,1452,5000,1177,0.213008130081301,0.25031847133758,0.230161054172767,0.774953502789833,1845,0.229992520568437,0.786991869918699,8022
MODERN,logistic_unweighted,0.43,383,1411,5041,1187,0.213489409141583,0.243949044585987,0.227705112960761,0.781308121512709,1794,0.223635003739716,0.786510590858417,8022
MODERN,logistic_unweighted,0.44,369,1355,5097,1201,0.214037122969838,0.235031847133758,0.224043715846995,0.789987600743955,1724,0.214909000249314,0.785962877030162,8022
MODERN,logistic_unweighted,0.45,354,1294,5158,1216,0.214805825242718,0.225477707006369,0.220012430080796,0.799442033477991,1648,0.205435053602593,0.785194174757282,8022
MODERN,logistic_unweighted,0.46,345,1220,5232,1225,0.220447284345048,0.219745222929936,0.220095693779904,0.810911345319281,1565,0.195088506606831,0.779552715654952,8022
MODERN,logistic_unweighted,0.47,327,1124,5328,1243,0.225361819434872,0.20828025477707,0.21648460774578,0.825790452572846,1451,0.180877586636749,0.774638180565127,8022
MODERN,logistic_unweighted,0.48,309,1029,5423,1261,0.230941704035874,0.196815286624204,0.21251719394773,0.840514569125852,1338,0.166791323859387,0.769058295964126,8022
MODERN,logistic_unweighted,0.49,292,942,5510,1278,0.236628849270664,0.185987261146497,0.208273894436519,0.853998760074396,1234,0.153826975816505,0.763371150729335,8022
MODERN,logistic_unweighted,0.5,281,866,5586,1289,0.244986922406277,0.178980891719745,0.206845785793154,0.865778053316801,1147,0.142981800049863,0.755013077593723,8022
MODERN,logistic_unweighted,0.51,263,789,5663,1307,0.25,0.167515923566879,0.200610221205187,0.877712337259764,1052,0.131139366741461,0.75,8022
MODERN,logistic_unweighted,0.52,250,740,5712,1320,0.252525252525253,0.159235668789809,0.1953125,0.885306881587105,990,0.12341062079282,0.747474747474748,8022
MODERN,logistic_unweighted,0.53,240,695,5757,1330,0.25668449197861,0.152866242038217,0.191616766467066,0.892281463112213,935,0.116554475193219,0.74331550802139,8022
MODERN,logistic_unweighted,0.54,229,657,5795,1341,0.258465011286682,0.145859872611465,0.186482084690554,0.898171109733416,886,0.110446272749938,0.741534988713318,8022
MODERN,logistic_unweighted,0.55,219,624,5828,1351,0.259786476868327,0.139490445859873,0.1815167840862,0.903285802851829,843,0.105086013462977,0.740213523131673,8022
MODERN,logistic_unweighted,0.56,208,593,5859,1362,0.259675405742821,0.132484076433121,0.175453395191902,0.908090514569126,801,0.099850411368736,0.740324594257179,8022
MODERN,logistic_unweighted,0.57,196,572,5880,1374,0.255208333333333,0.12484076433121,0.167664670658683,0.911345319280843,768,0.0957367240089753,0.744791666666667,8022
MODERN,logistic_unweighted,0.58,185,551,5901,1385,0.251358695652174,0.117834394904459,0.160450997398092,0.91460012399256,736,0.0917476938419347,0.748641304347826,8022
MODERN,logistic_unweighted,0.59,172,531,5921,1398,0.244665718349929,0.109554140127389,0.151341838979322,0.91769993800372,703,0.087634006482174,0.755334281650071,8022
MODERN,logistic_unweighted,0.6,160,497,5955,1410,0.243531202435312,0.101910828025478,0.143691064211944,0.922969621822691,657,0.0818997756170531,0.756468797564688,8022
MODERN,logistic_unweighted,0.61,154,468,5984,1416,0.247588424437299,0.0980891719745223,0.140510948905109,0.927464352138872,622,0.0775367738718524,0.752411575562701,8022
MODERN,logistic_unweighted,0.62,150,430,6022,1420,0.258620689655172,0.0955414012738854,0.13953488372093,0.933353998760074,580,0.0723011717776116,0.741379310344828,8022
MODERN,logistic_unweighted,0.63,142,380,6072,1428,0.272030651340996,0.0904458598726115,0.135755258126195,0.941103533787973,522,0.0650710545998504,0.727969348659004,8022
MODERN,logistic_unweighted,0.64,133,327,6125,1437,0.289130434782609,0.0847133757961783,0.131034482758621,0.949318040917545,460,0.0573423086512092,0.710869565217391,8022
MODERN,logistic_unweighted,0.65,122,261,6191,1448,0.318537859007833,0.0777070063694267,0.124935995903738,0.959547427154371,383,0.0477437048117676,0.681462140992167,8022
MODERN,logistic_unweighted,0.66,111,209,6243,1459,0.346875,0.0707006369426752,0.117460317460317,0.967606943583385,320,0.0398903016704064,0.653125,8022
MODERN,logistic_unweighted,0.67,103,171,6281,1467,0.375912408759124,0.0656050955414013,0.111713665943601,0.973496590204588,274,0.0341560708052855,0.624087591240876,8022
MODERN,logistic_unweighted,0.68,100,142,6310,1470,0.413223140495868,0.0636942675159236,0.11037527593819,0.977991320520769,242,0.0301670406382448,0.586776859504132,8022
MODERN,logistic_unweighted,0.69,90,130,6322,1480,0.409090909090909,0.0573248407643312,0.100558659217877,0.979851208927464,220,0.0274245823984044,0.590909090909091,8022
MODERN,logistic_unweighted,0.7,78,126,6326,1492,0.382352941176471,0.0496815286624204,0.0879368658399098,0.980471171729696,204,0.0254300673148841,0.617647058823529,8022
MODERN,logistic_unweighted,0.71,72,111,6341,1498,0.39344262295082,0.045859872611465,0.0821448944666286,0.982796032238066,183,0.0228122662677636,0.60655737704918,8022
MODERN,logistic_unweighted,0.72,69,100,6352,1501,0.408284023668639,0.0439490445859873,0.0793559516963772,0.984500929944203,169,0.0210670655696834,0.591715976331361,8022
MODERN,logistic_unweighted,0.73,67,91,6361,1503,0.424050632911392,0.0426751592356688,0.0775462962962963,0.985895846249225,158,0.0196958364497632,0.575949367088608,8022
MODERN,logistic_unweighted,0.74,65,82,6370,1505,0.442176870748299,0.0414012738853503,0.075713453698311,0.987290762554247,147,0.0183246073298429,0.557823129251701,8022
MODERN,logistic_unweighted,0.75,59,78,6374,1511,0.430656934306569,0.0375796178343949,0.0691271236086702,0.987910725356479,137,0.0170780354026427,0.569343065693431,8022
MODERN,logistic_unweighted,0.76,55,71,6381,1515,0.436507936507937,0.035031847133758,0.0648584905660377,0.988995660260384,126,0.0157068062827225,0.563492063492063,8022
MODERN,logistic_unweighted,0.77,46,61,6391,1524,0.429906542056075,0.0292993630573248,0.0548598688133572,0.990545567265964,107,0.0133383196210421,0.570093457943925,8022
MODERN,logistic_unweighted,0.78,39,58,6394,1531,0.402061855670103,0.0248407643312102,0.0467906418716257,0.991010539367638,97,0.0120917476938419,0.597938144329897,8022
MODERN,logistic_unweighted,0.79,36,56,6396,1534,0.391304347826087,0.0229299363057325,0.0433212996389892,0.991320520768754,92,0.0114684617302418,0.608695652173913,8022
MODERN,logistic_unweighted,0.8,31,52,6400,1539,0.373493975903614,0.0197452229299363,0.0375075620084694,0.991940483570986,83,0.0103465469957617,0.626506024096386,8022
MODERN,logistic_unweighted,0.81,28,46,6406,1542,0.378378378378378,0.0178343949044586,0.0340632603406326,0.992870427774334,74,0.00922463226128148,0.621621621621622,8022
MODERN,logistic_unweighted,0.82,22,39,6413,1548,0.360655737704918,0.0140127388535032,0.0269773145309626,0.993955362678239,61,0.00760408875592122,0.639344262295082,8022
MODERN,logistic_unweighted,0.83,18,35,6417,1552,0.339622641509434,0.0114649681528662,0.022181146025878,0.994575325480471,53,0.00660683121416106,0.660377358490566,8022
MODERN,logistic_unweighted,0.84,16,35,6417,1554,0.313725490196078,0.0101910828025478,0.0197409006785935,0.994575325480471,51,0.00635751682872102,0.686274509803922,8022
MODERN,logistic_unweighted,0.85,14,30,6422,1556,0.318181818181818,0.0089171974522293,0.0173482032218092,0.995350278983261,44,0.00548491647968088,0.681818181818182,8022
MODERN,logistic_unweighted,0.86,12,27,6425,1558,0.307692307692308,0.00764331210191083,0.0149160969546302,0.995815251084935,39,0.00486163051608078,0.692307692307692,8022
MODERN,logistic_unweighted,0.87,8,24,6428,1562,0.25,0.00509554140127389,0.00998751560549313,0.996280223186609,32,0.00398903016704064,0.75,8022
MODERN,logistic_unweighted,0.88,7,17,6435,1563,0.291666666666667,0.00445859872611465,0.00878293601003764,0.997365158090515,24,0.00299177262528048,0.708333333333333,8022
MODERN,logistic_unweighted,0.89,6,14,6438,1564,0.3,0.00382165605095541,0.00754716981132075,0.997830130192188,20,0.0024931438544004,0.7,8022
MODERN,logistic_unweighted,0.9,2,13,6439,1568,0.133333333333333,0.00127388535031847,0.00252365930599369,0.997985120892746,15,0.0018698578908003,0.866666666666667,8022
MODERN,logistic_unweighted,0.91,2,13,6439,1568,0.133333333333333,0.00127388535031847,0.00252365930599369,0.997985120892746,15,0.0018698578908003,0.866666666666667,8022
MODERN,logistic_unweighted,0.92,2,12,6440,1568,0.142857142857143,0.00127388535031847,0.00252525252525253,0.998140111593304,14,0.00174520069808028,0.857142857142857,8022
MODERN,logistic_unweighted,0.93,2,6,6446,1568,0.25,0.00127388535031847,0.00253485424588086,0.999070055796652,8,0.00099725754176016,0.75,8022
MODERN,logistic_unweighted,0.94,2,4,6448,1568,0.333333333333333,0.00127388535031847,0.00253807106598985,0.999380037197768,6,0.00074794315632012,0.666666666666667,8022
MODERN,logistic_unweighted,0.95,2,3,6449,1568,0.4,0.00127388535031847,0.00253968253968254,0.999535027898326,5,0.0006232859636001,0.6,8022
MODERN,logistic_unweighted,0.96,2,3,6449,1568,0.4,0.00127388535031847,0.00253968253968254,0.999535027898326,5,0.0006232859636001,0.6,8022
MODERN,logistic_unweighted,0.97,2,3,6449,1568,0.4,0.00127388535031847,0.00253968253968254,0.999535027898326,5,0.0006232859636001,0.6,8022
MODERN,logistic_unweighted,0.98,2,3,6449,1568,0.4,0.00127388535031847,0.00253968253968254,0.999535027898326,5,0.0006232859636001,0.6,8022
MODERN,logistic_unweighted,0.99,2,2,6450,1568,0.5,0.00127388535031847,0.00254129606099111,0.999690018598884,4,0.00049862877088008,0.5,8022
MODERN,logistic_unweighted,1,0,0,6452,1570,,0,0,1,0,0,,8022
MODERN,logistic_balanced,0.01,1568,6426,26,2,0.19614711033275,0.998726114649682,0.327896277708072,0.00402975821450713,7994,0.996509598603839,0.80385288966725,8022
MODERN,logistic_balanced,0.02,1559,6256,196,11,0.199488163787588,0.992993630573248,0.332232285562067,0.0303781773093614,7815,0.974195961106956,0.800511836212412,8022
MODERN,logistic_balanced,0.03,1536,6125,327,34,0.200496018796502,0.978343949044586,0.332791680207995,0.0506819590824551,7661,0.954998753428073,0.799503981203498,8022
MODERN,logistic_balanced,0.04,1497,6031,421,73,0.198857598299681,0.953503184713376,0.329083315014289,0.0652510849349039,7528,0.93841934679631,0.801142401700319,8022
MODERN,logistic_balanced,0.05,1469,5958,494,101,0.197791840581661,0.935668789808917,0.326553295542959,0.0765654060756355,7427,0.925828970331588,0.802208159418338,8022
MODERN,logistic_balanced,0.06,1447,5879,573,123,0.197515697515698,0.921656050955414,0.325314748201439,0.0888096714197148,7326,0.913238593866866,0.802484302484302,8022
MODERN,logistic_balanced,0.07,1428,5810,642,142,0.197292069632495,0.909554140127389,0.32425068119891,0.0995040297582145,7238,0.902268760907504,0.802707930367505,8022
MODERN,logistic_balanced,0.08,1413,5740,712,157,0.197539493918636,0.9,0.323971110856357,0.110353378797272,7153,0.891672899526303,0.802460506081364,8022
MODERN,logistic_balanced,0.09,1400,5682,770,170,0.197684269980232,0.89171974522293,0.323624595469256,0.119342839429634,7082,0.882822238843181,0.802315730019768,8022
MODERN,logistic_balanced,0.1,1378,5602,850,192,0.197421203438395,0.877707006369427,0.32233918128655,0.131742095474272,6980,0.870107205185739,0.802578796561605,8022
MODERN,logistic_balanced,0.11,1359,5504,948,211,0.198018359318082,0.865605095541401,0.32230522945571,0.146931184128952,6863,0.855522313637497,0.801981640681918,8022
MODERN,logistic_balanced,0.12,1334,5411,1041,236,0.197776130467013,0.84968152866242,0.32086590499098,0.161345319280843,6745,0.840812764896535,0.802223869532987,8022
MODERN,logistic_balanced,0.13,1306,5297,1155,264,0.197788883840678,0.831847133757962,0.319588890248379,0.179014259144451,6603,0.823111443530292,0.802211116159322,8022
MODERN,logistic_balanced,0.14,1267,5191,1261,303,0.196190771136575,0.807006369426752,0.31564524165421,0.195443273403596,6458,0.805036150585889,0.803809228863425,8022
MODERN,logistic_balanced,0.15,1247,5089,1363,323,0.196811868686869,0.794267515923567,0.31545661522894,0.211252324860508,6336,0.789827973074046,0.803188131313131,8022
MODERN,logistic_balanced,0.16,1232,4970,1482,338,0.198645598194131,0.784713375796178,0.317035512094699,0.229696218226906,6202,0.773123909249564,0.801354401805869,8022
MODERN,logistic_balanced,0.17,1210,4824,1628,360,0.200530328140537,0.770700636942675,0.318253550762756,0.252324860508369,6034,0.7521815008726,0.799469671859463,8022
MODERN,logistic_balanced,0.18,1185,4680,1772,385,0.202046035805627,0.754777070063694,0.31876260928043,0.274643521388717,5865,0.731114435302917,0.797953964194373,8022
MODERN,logistic_balanced,0.19,1153,4526,1926,417,0.203028702236309,0.734394904458599,0.318112843150779,0.298512089274644,5679,0.707928197456993,0.796971297763691,8022
MODERN,logistic_balanced,0.2,1117,4379,2073,453,0.203238719068413,0.711464968152866,0.316161902066233,0.321295722256665,5496,0.68511593118923,0.796761280931587,8022
MODERN,logistic_balanced,0.21,1082,4199,2253,488,0.204885438363946,0.689171974522293,0.315866296890965,0.349194048357099,5281,0.658314634754425,0.795114561636054,8022
MODERN,logistic_balanced,0.22,1042,4036,2416,528,0.205198897203623,0.663694267515924,0.313477737665463,0.374457532548047,5078,0.633009224632261,0.794801102796377,8022
MODERN,logistic_balanced,0.23,1009,3874,2578,561,0.206635265205816,0.642675159235669,0.31272276460561,0.399566026038438,4883,0.608701072051857,0.793364734794184,8022
MODERN,logistic_balanced,0.24,967,3723,2729,603,0.206183368869936,0.615923566878981,0.308945686900958,0.422969621822691,4690,0.584642233856894,0.793816631130064,8022
MODERN,logistic_balanced,0.25,939,3572,2880,631,0.208157836399911,0.598089171974522,0.308830784410459,0.446373217606944,4511,0.56232859636001,0.791842163600089,8022
MODERN,logistic_balanced,0.26,916,3433,3019,654,0.210623131754426,0.58343949044586,0.309511741848285,0.467916924984501,4349,0.542134131139367,0.789376868245574,8022
MODERN,logistic_balanced,0.27,896,3312,3140,674,0.212927756653992,0.570700636942675,0.310141917618553,0.486670799752015,4208,0.524557466965844,0.787072243346008,8022
MODERN,logistic_balanced,0.28,871,3210,3242,699,0.21342808135261,0.554777070063694,0.308264024066537,0.502479851208927,4081,0.508726003490401,0.78657191864739,8022
MODERN,logistic_balanced,0.29,839,3108,3344,731,0.212566506207246,0.534394904458599,0.304150806597789,0.51828890266584,3947,0.492021939665919,0.787433493792754,8022
MODERN,logistic_balanced,0.3,820,3019,3433,750,0.213597290961188,0.522292993630573,0.303198373081901,0.532083075015499,3839,0.478558962852157,0.786402709038812,8022
MODERN,logistic_balanced,0.31,797,2945,3507,773,0.212987707108498,0.507643312101911,0.300075301204819,0.543552386856789,3742,0.466467215158315,0.787012292891502,8022
MODERN,logistic_balanced,0.32,768,2879,3573,802,0.210584041678092,0.489171974522293,0.294422081656124,0.553781773093614,3647,0.454624781849913,0.789415958321908,8022
MODERN,logistic_balanced,0.33,744,2822,3630,826,0.208637128435222,0.473885350318471,0.289719626168224,0.562616243025418,3566,0.444527549239591,0.791362871564778,8022
MODERN,logistic_balanced,0.34,723,2764,3688,847,0.207341554344709,0.460509554140127,0.285940280798893,0.571605703657781,3487,0.43467963101471,0.792658445655291,8022
MODERN,logistic_balanced,0.35,708,2688,3764,862,0.208480565371025,0.450955414012739,0.285138944824809,0.583384996900186,3396,0.423335826477188,0.791519434628975,8022
MODERN,logistic_balanced,0.36,694,2613,3839,876,0.209857877230118,0.44203821656051,0.28460118925569,0.595009299442034,3307,0.412241336325106,0.790142122769882,8022
MODERN,logistic_balanced,0.37,674,2534,3918,896,0.210099750623441,0.429299363057325,0.28212641272499,0.607253564786113,3208,0.399900274245824,0.789900249376559,8022
MODERN,logistic_balanced,0.38,659,2449,4003,911,0.212033462033462,0.419745222929936,0.281744335185977,0.62042777433354,3108,0.387434554973822,0.787966537966538,8022
MODERN,logistic_balanced,0.39,641,2347,4105,929,0.214524765729585,0.40828025477707,0.281263712154454,0.636236825790453,2988,0.37247569184742,0.785475234270415,8022
MODERN,logistic_balanced,0.4,622,2228,4224,948,0.218245614035088,0.396178343949045,0.281447963800905,0.654680719156851,2850,0.355272999252057,0.781754385964912,8022
MODERN,logistic_balanced,0.41,595,2094,4358,975,0.221271848270733,0.378980891719745,0.279408311810284,0.675449473031618,2689,0.335203191224134,0.778728151729267,8022
MODERN,logistic_balanced,0.42,567,1968,4484,1003,0.223668639053254,0.361146496815287,0.276248477466504,0.694978301301922,2535,0.316005983545251,0.776331360946746,8022
MODERN,logistic_balanced,0.43,541,1844,4608,1029,0.226834381551363,0.344585987261146,0.273577749683944,0.71419714817111,2385,0.297307404637248,0.773165618448637,8022
MODERN,logistic_balanced,0.44,510,1747,4705,1060,0.225963668586619,0.32484076433121,0.266527305983799,0.729231246125232,2257,0.281351283969085,0.774036331413381,8022
MODERN,logistic_balanced,0.45,491,1663,4789,1079,0.22794800371402,0.312738853503185,0.263694951664876,0.742250464972102,2154,0.268511593118923,0.77205199628598,8022
MODERN,logistic_balanced,0.46,477,1620,4832,1093,0.227467811158798,0.303821656050955,0.260158167439324,0.748915065096094,2097,0.261406133133882,0.772532188841202,8022
MODERN,logistic_balanced,0.47,463,1566,4886,1107,0.22819122720552,0.294904458598726,0.257293692692415,0.757284562926224,2029,0.25292944402892,0.77180877279448,8022
MODERN,logistic_balanced,0.48,452,1528,4924,1118,0.228282828282828,0.287898089171975,0.254647887323944,0.763174209547427,1980,0.246821241585639,0.771717171717172,8022
MODERN,logistic_balanced,0.49,442,1498,4954,1128,0.227835051546392,0.281528662420382,0.251851851851852,0.767823930564166,1940,0.241834953876839,0.772164948453608,8022
MODERN,logistic_balanced,0.5,430,1461,4991,1140,0.227392913802221,0.273885350318471,0.248483097370702,0.773558586484811,1891,0.235726751433558,0.772607086197779,8022
MODERN,logistic_balanced,0.51,416,1424,5028,1154,0.226086956521739,0.264968152866242,0.243988269794721,0.779293242405456,1840,0.229369234604837,0.773913043478261,8022
MODERN,logistic_balanced,0.52,403,1391,5061,1167,0.22463768115942,0.256687898089172,0.239595719381688,0.784407935523869,1794,0.223635003739716,0.77536231884058,8022
MODERN,logistic_balanced,0.53,388,1354,5098,1182,0.222732491389208,0.247133757961783,0.234299516908213,0.790142591444513,1742,0.217152829718275,0.777267508610792,8022
MODERN,logistic_balanced,0.54,368,1293,5159,1202,0.22155328115593,0.234394904458599,0.227793252862891,0.799597024178549,1661,0.207055597107953,0.77844671884407,8022
MODERN,logistic_balanced,0.55,353,1231,5221,1217,0.222853535353535,0.22484076433121,0.223842739378567,0.809206447613143,1584,0.197456993268512,0.777146464646465,8022
MODERN,logistic_balanced,0.56,343,1167,5285,1227,0.227152317880795,0.218471337579618,0.222727272727273,0.819125852448853,1510,0.18823236100723,0.772847682119205,8022
MODERN,logistic_balanced,0.57,322,1074,5378,1248,0.230659025787966,0.205095541401274,0.217127444369521,0.833539987600744,1396,0.174021441037148,0.769340974212034,8022
MODERN,logistic_balanced,0.58,306,977,5475,1264,0.238503507404521,0.194904458598726,0.214511041009464,0.848574085554867,1283,0.159935178259786,0.761496492595479,8022
MODERN,logistic_balanced,0.59,285,899,5553,1285,0.240709459459459,0.181528662420382,0.206971677559913,0.860663360198388,1184,0.147594116180504,0.759290540540541,8022
MODERN,logistic_balanced,0.6,274,818,5634,1296,0.250915750915751,0.174522292993631,0.205860255447032,0.873217606943583,1092,0.136125654450262,0.749084249084249,8022
MODERN,logistic_balanced,0.61,259,726,5726,1311,0.262944162436548,0.164968152866242,0.202739726027397,0.887476751394916,985,0.12278733482922,0.737055837563452,8022
MODERN,logistic_balanced,0.62,246,675,5777,1324,0.267100977198697,0.156687898089172,0.197511039743075,0.895381277123373,921,0.114809274495138,0.732899022801303,8022
MODERN,logistic_balanced,0.63,236,640,5812,1334,0.269406392694064,0.15031847133758,0.192968111201962,0.900805951642901,876,0.109199700822737,0.730593607305936,8022
MODERN,logistic_balanced,0.64,224,602,5850,1346,0.271186440677966,0.142675159235669,0.186978297161937,0.906695598264104,826,0.102966841186736,0.728813559322034,8022
MODERN,logistic_balanced,0.65,215,577,5875,1355,0.271464646464646,0.136942675159236,0.182049110922947,0.910570365778053,792,0.0987284966342558,0.728535353535353,8022
MODERN,logistic_balanced,0.66,203,550,5902,1367,0.269588313413015,0.129299363057325,0.174773999139044,0.914755114693118,753,0.093866866118175,0.730411686586985,8022
MODERN,logistic_balanced,0.67,192,531,5921,1378,0.265560165975104,0.122292993630573,0.167466201482774,0.91769993800372,723,0.0901271503365744,0.734439834024896,8022
MODERN,logistic_balanced,0.68,179,504,5948,1391,0.26207906295754,0.114012738853503,0.15889924545051,0.921884686918785,683,0.0851408626277736,0.73792093704246,8022
MODERN,logistic_balanced,0.69,169,478,5974,1401,0.261205564142195,0.107643312101911,0.152458276950834,0.925914445133292,647,0.0806532036898529,0.738794435857805,8022
MODERN,logistic_balanced,0.7,160,451,6001,1410,0.261865793780687,0.101910828025478,0.146721687299404,0.930099194048357,611,0.0761655447519322,0.738134206219313,8022
MODERN,logistic_balanced,0.71,152,406,6046,1418,0.272401433691756,0.0968152866242038,0.142857142857143,0.937073775573466,558,0.0695587135377711,0.727598566308244,8022
MODERN,logistic_balanced,0.72,141,354,6098,1429,0.284848484848485,0.0898089171974522,0.136561743341404,0.94513329200248,495,0.0617053103964099,0.715151515151515,8022
MODERN,logistic_balanced,0.73,131,286,6166,1439,0.314148681055156,0.0834394904458599,0.131857070961248,0.955672659640422,417,0.0519820493642483,0.685851318944844,8022
MODERN,logistic_balanced,0.74,116,221,6231,1454,0.344213649851632,0.0738853503184713,0.121657052962769,0.965747055176689,337,0.0420094739466467,0.655786350148368,8022
MODERN,logistic_balanced,0.75,110,165,6287,1460,0.4,0.0700636942675159,0.119241192411924,0.974426534407935,275,0.0342807279980055,0.6,8022
MODERN,logistic_balanced,0.76,96,139,6313,1474,0.408510638297872,0.0611464968152866,0.106371191135734,0.978456292622443,235,0.0292944402892047,0.591489361702128,8022
MODERN,logistic_balanced,0.77,92,118,6334,1478,0.438095238095238,0.0585987261146497,0.103370786516854,0.98171109733416,210,0.0261780104712042,0.561904761904762,8022
MODERN,logistic_balanced,0.78,83,108,6344,1487,0.43455497382199,0.0528662420382166,0.0942646223736513,0.98326100433974,191,0.0238095238095238,0.565445026178011,8022
MODERN,logistic_balanced,0.79,71,97,6355,1499,0.422619047619048,0.0452229299363057,0.0817031070195627,0.984965902045877,168,0.0209424083769634,0.577380952380952,8022
MODERN,logistic_balanced,0.8,66,83,6369,1504,0.442953020134228,0.0420382165605096,0.0767888307155323,0.987135771853689,149,0.018573921715283,0.557046979865772,8022
MODERN,logistic_balanced,0.81,61,79,6373,1509,0.435714285714286,0.0388535031847134,0.0713450292397661,0.987755734655921,140,0.0174520069808028,0.564285714285714,8022
MODERN,logistic_balanced,0.82,56,70,6382,1514,0.444444444444444,0.0356687898089172,0.0660377358490566,0.989150650960942,126,0.0157068062827225,0.555555555555556,8022
MODERN,logistic_balanced,0.83,46,65,6387,1524,0.414414414414414,0.0292993630573248,0.0547293277810827,0.989925604463732,111,0.0138369483919222,0.585585585585586,8022
MODERN,logistic_balanced,0.84,44,58,6394,1526,0.431372549019608,0.0280254777070064,0.0526315789473684,0.991010539367638,102,0.012715033657442,0.568627450980392,8022
MODERN,logistic_balanced,0.85,36,48,6404,1534,0.428571428571429,0.0229299363057325,0.0435308343409915,0.992560446373218,84,0.0104712041884817,0.571428571428571,8022
MODERN,logistic_balanced,0.86,32,44,6408,1538,0.421052631578947,0.0203821656050955,0.0388821385176185,0.993180409175449,76,0.00947394664672152,0.578947368421053,8022
MODERN,logistic_balanced,0.87,22,38,6414,1548,0.366666666666667,0.0140127388535032,0.0269938650306748,0.994110353378797,60,0.0074794315632012,0.633333333333333,8022
MODERN,logistic_balanced,0.88,21,32,6420,1549,0.39622641509434,0.0133757961783439,0.0258780036968577,0.995040297582145,53,0.00660683121416106,0.60377358490566,8022
MODERN,logistic_balanced,0.89,16,28,6424,1554,0.363636363636364,0.0101910828025478,0.0198265179677819,0.995660260384377,44,0.00548491647968088,0.636363636363636,8022
MODERN,logistic_balanced,0.9,13,24,6428,1557,0.351351351351351,0.00828025477707006,0.0161792159303049,0.996280223186609,37,0.00461231613064074,0.648648648648649,8022
MODERN,logistic_balanced,0.91,10,21,6431,1560,0.32258064516129,0.00636942675159236,0.0124921923797626,0.996745195288283,31,0.00386437297432062,0.67741935483871,8022
MODERN,logistic_balanced,0.92,3,18,6434,1567,0.142857142857143,0.00191082802547771,0.00377121307353866,0.997210167389957,21,0.00261780104712042,0.857142857142857,8022
MODERN,logistic_balanced,0.93,2,14,6438,1568,0.125,0.00127388535031847,0.00252206809583859,0.997830130192188,16,0.00199451508352032,0.875,8022
MODERN,logistic_balanced,0.94,2,13,6439,1568,0.133333333333333,0.00127388535031847,0.00252365930599369,0.997985120892746,15,0.0018698578908003,0.866666666666667,8022
MODERN,logistic_balanced,0.95,2,10,6442,1568,0.166666666666667,0.00127388535031847,0.00252844500632111,0.99845009299442,12,0.00149588631264024,0.833333333333333,8022
MODERN,logistic_balanced,0.96,2,6,6446,1568,0.25,0.00127388535031847,0.00253485424588086,0.999070055796652,8,0.00099725754176016,0.75,8022
MODERN,logistic_balanced,0.97,2,3,6449,1568,0.4,0.00127388535031847,0.00253968253968254,0.999535027898326,5,0.0006232859636001,0.6,8022
MODERN,logistic_balanced,0.98,2,3,6449,1568,0.4,0.00127388535031847,0.00253968253968254,0.999535027898326,5,0.0006232859636001,0.6,8022
MODERN,logistic_balanced,0.99,2,2,6450,1568,0.5,0.00127388535031847,0.00254129606099111,0.999690018598884,4,0.00049862877088008,0.5,8022
MODERN,logistic_balanced,1,0,0,6452,1570,,0,0,1,0,0,,8022
MODERN,catboost_unweighted,0.01,1569,6304,148,1,0.199288708243363,0.999363057324841,0.332309647357831,0.022938623682579,7873,0.981426078284717,0.800711291756637,8022
MODERN,catboost_unweighted,0.02,1556,5900,552,14,0.208690987124464,0.991082802547771,0.344781741635276,0.0855548667079975,7456,0.929444028920469,0.791309012875536,8022
MODERN,catboost_unweighted,0.03,1538,5595,857,32,0.215617552222066,0.979617834394904,0.353441342065954,0.132827030378177,7133,0.889179755671902,0.784382447777934,8022
MODERN,catboost_unweighted,0.04,1513,5342,1110,57,0.22071480671043,0.963694267515924,0.359169139465875,0.172039677619343,6855,0.854525056095737,0.77928519328957,8022
MODERN,catboost_unweighted,0.05,1475,5131,1321,95,0.223281864971238,0.939490445859873,0.360812133072407,0.204742715437074,6606,0.823485415108452,0.776718135028762,8022
MODERN,catboost_unweighted,0.06,1447,4962,1490,123,0.22577625214542,0.921656050955414,0.36270209299411,0.23093614383137,6409,0.798927948142608,0.774223747854579,8022
MODERN,catboost_unweighted,0.07,1418,4828,1624,152,0.227025296189561,0.903184713375796,0.362845445240532,0.251704897706138,6246,0.778608825729245,0.772974703810439,8022
MODERN,catboost_unweighted,0.08,1397,4689,1763,173,0.229543213933618,0.889808917197452,0.364942528735632,0.273248605083695,6086,0.758663674894041,0.770456786066382,8022
MODERN,catboost_unweighted,0.09,1378,4565,1887,192,0.231869426215716,0.877707006369427,0.366830826567283,0.292467451952883,5943,0.740837696335079,0.768130573784284,8022
MODERN,catboost_unweighted,0.1,1353,4458,1994,217,0.232834279814146,0.861783439490446,0.366616989567809,0.309051456912585,5811,0.724382946896036,0.767165720185854,8022
MODERN,catboost_unweighted,0.11,1320,4324,2128,250,0.233876683203402,0.840764331210191,0.365955087330191,0.329820210787353,5644,0.703565195711793,0.766123316796598,8022
MODERN,catboost_unweighted,0.12,1287,4208,2244,283,0.234212920837125,0.819745222929936,0.364331210191083,0.347799132052077,5495,0.68499127399651,0.765787079162875,8022
MODERN,catboost_unweighted,0.13,1276,4102,2350,294,0.23726292301971,0.812738853503185,0.367299942429476,0.364228146311221,5378,0.670406382448267,0.76273707698029,8022
MODERN,catboost_unweighted,0.14,1257,3996,2456,313,0.23929183323815,0.800636942675159,0.368459621867214,0.380657160570366,5253,0.654824233358265,0.76070816676185,8022
MODERN,catboost_unweighted,0.15,1237,3907,2545,333,0.24047433903577,0.787898089171975,0.368483765266607,0.394451332920025,5144,0.641236599351783,0.75952566096423,8022
MODERN,catboost_unweighted,0.16,1218,3819,2633,352,0.241810601548541,0.775796178343949,0.368699863780839,0.408090514569126,5037,0.62789827973074,0.758189398451459,8022
MODERN,catboost_unweighted,0.17,1187,3729,2723,383,0.241456468673718,0.756050955414013,0.366019118100524,0.422039677619343,4916,0.612814759411618,0.758543531326281,8022
MODERN,catboost_unweighted,0.18,1170,3624,2828,400,0.244055068836045,0.745222929936306,0.367693274670019,0.438313701177929,4794,0.597606581899776,0.755944931163955,8022
MODERN,catboost_unweighted,0.19,1145,3532,2920,425,0.244815052384007,0.729299363057325,0.3665759564591,0.452572845629262,4677,0.583021690351533,0.755184947615993,8022
MODERN,catboost_unweighted,0.2,1122,3434,3018,448,0.246268656716418,0.714649681528662,0.366307541625857,0.467761934283943,4556,0.567938170032411,0.753731343283582,8022
MODERN,catboost_unweighted,0.21,1096,3350,3102,474,0.246513720197931,0.698089171974522,0.36436170212766,0.480781153130812,4446,0.554225878833209,0.753486279802069,8022
MODERN,catboost_unweighted,0.22,1076,3267,3185,494,0.247755008058945,0.685350318471338,0.363943852528327,0.493645381277123,4343,0.541386187983047,0.752244991941055,8022
MODERN,catboost_unweighted,0.23,1055,3187,3265,515,0.248703441772749,0.671974522292994,0.363041982105988,0.506044637321761,4242,0.528795811518325,0.751296558227251,8022
MODERN,catboost_unweighted,0.24,1036,3102,3350,534,0.250362493958434,0.659872611464968,0.362999299229152,0.519218846869188,4138,0.515831463475443,0.749637506041566,8022
MODERN,catboost_unweighted,0.25,1014,3027,3425,556,0.250927988121752,0.645859872611465,0.361432899661379,0.530843149411035,4041,0.503739715781601,0.749072011878248,8022
MODERN,catboost_unweighted,0.26,998,2951,3501,572,0.252722208153963,0.635668789808917,0.361659720963943,0.542622442653441,3949,0.492271254051359,0.747277791846037,8022
MODERN,catboost_unweighted,0.27,980,2868,3584,590,0.254677754677755,0.624203821656051,0.361757105943152,0.555486670799752,3848,0.479680877586637,0.745322245322245,8022
MODERN,catboost_unweighted,0.28,964,2789,3663,606,0.256861177724487,0.614012738853503,0.362201765921473,0.567730936143831,3753,0.467838444278235,0.743138822275513,8022
MODERN,catboost_unweighted,0.29,944,2713,3739,626,0.258135083401695,0.601273885350318,0.361201453988904,0.579510229386237,3657,0.455871353777113,0.741864916598305,8022
MODERN,catboost_unweighted,0.3,924,2653,3799,646,0.258317025440313,0.588535031847134,0.359044103361181,0.588809671419715,3577,0.445898778359511,0.741682974559687,8022
MODERN,catboost_unweighted,0.31,905,2574,3878,665,0.260132221902846,0.576433121019108,0.358486829075064,0.601053936763794,3479,0.433682373472949,0.739867778097154,8022
MODERN,catboost_unweighted,0.32,885,2495,3957,685,0.261834319526627,0.563694267515924,0.357575757575758,0.613298202107874,3380,0.421341311393667,0.738165680473373,8022
MODERN,catboost_unweighted,0.33,873,2413,4039,697,0.265672550213025,0.556050955414013,0.359555189456343,0.626007439553627,3286,0.409623535277986,0.734327449786975,8022
MODERN,catboost_unweighted,0.34,859,2350,4102,711,0.267684636958554,0.547133757961783,0.359489432935761,0.635771853688779,3209,0.400024931438544,0.732315363041446,8022
MODERN,catboost_unweighted,0.35,838,2293,4159,732,0.267646119450655,0.533757961783439,0.356519889385237,0.644606323620583,3131,0.390301670406382,0.732353880549345,8022
MODERN,catboost_unweighted,0.36,823,2223,4229,747,0.270190413657255,0.524203821656051,0.356585788561525,0.65545567265964,3046,0.379705809025181,0.729809586342745,8022
MODERN,catboost_unweighted,0.37,813,2164,4288,757,0.273093718508566,0.517834394904459,0.357598416538377,0.66460012399256,2977,0.371104462727499,0.726906281491434,8022
MODERN,catboost_unweighted,0.38,798,2090,4362,772,0.276315789473684,0.50828025477707,0.358008075370121,0.67606943583385,2888,0.360009972575418,0.723684210526316,8022
MODERN,catboost_unweighted,0.39,788,2032,4420,782,0.279432624113475,0.501910828025478,0.358997722095672,0.685058896466212,2820,0.351533283470456,0.720567375886525,8022
MODERN,catboost_unweighted,0.4,768,1975,4477,802,0.279985417426176,0.489171974522293,0.35613262230466,0.693893366398016,2743,0.341934679631015,0.720014582573824,8022
MODERN,catboost_unweighted,0.41,758,1927,4525,812,0.282309124767225,0.482802547770701,0.356286721504113,0.701332920024799,2685,0.334704562453254,0.717690875232775,8022
MODERN,catboost_unweighted,0.42,744,1881,4571,826,0.283428571428571,0.473885350318471,0.354707985697259,0.708462492250465,2625,0.327225130890052,0.716571428571429,8022
MODERN,catboost_unweighted,0.43,734,1830,4622,836,0.286271450858034,0.467515923566879,0.355104015481374,0.716367017978921,2564,0.319621042134131,0.713728549141966,8022
MODERN,catboost_unweighted,0.44,721,1781,4671,849,0.288169464428457,0.459235668789809,0.354125736738703,0.723961562306262,2502,0.31189229618549,0.711830535571543,8022
MODERN,catboost_unweighted,0.45,705,1745,4707,865,0.287755102040816,0.449044585987261,0.350746268656716,0.729541227526348,2450,0.305410122164049,0.712244897959184,8022
MODERN,catboost_unweighted,0.46,698,1706,4746,872,0.290349417637271,0.444585987261147,0.351283341721188,0.735585864848109,2404,0.299675891298928,0.709650582362729,8022
MODERN,catboost_unweighted,0.47,690,1667,4785,880,0.292745014849385,0.439490445859873,0.351413292589763,0.74163050216987,2357,0.293817003241087,0.707254985150615,8022
MODERN,catboost_unweighted,0.48,680,1629,4823,890,0.294499783456042,0.43312101910828,0.350605826243877,0.747520148791073,2309,0.287833457990526,0.705500216543958,8022
MODERN,catboost_unweighted,0.49,669,1594,4858,901,0.295625276182059,0.426114649681529,0.349073832507174,0.752944823310601,2263,0.282099227125405,0.704374723817941,8022
MODERN,catboost_unweighted,0.5,661,1562,4890,909,0.297345928924876,0.421019108280255,0.348536778275771,0.757904525728456,2223,0.277112939416604,0.702654071075124,8022
MODERN,catboost_unweighted,0.51,650,1525,4927,920,0.298850574712644,0.414012738853503,0.347129506008011,0.763639181649101,2175,0.271129394166043,0.701149425287356,8022
MODERN,catboost_unweighted,0.52,638,1491,4961,932,0.299671207139502,0.406369426751592,0.344958096782914,0.768908865468072,2129,0.265395163300922,0.700328792860498,8022
MODERN,catboost_unweighted,0.53,623,1443,5009,947,0.301548886737657,0.396815286624204,0.342684268426843,0.776348419094854,2066,0.257541760159561,0.698451113262343,8022
MODERN,catboost_unweighted,0.54,609,1401,5051,961,0.302985074626866,0.387898089171975,0.340223463687151,0.782858028518289,2010,0.25056095736724,0.697014925373134,8022
MODERN,catboost_unweighted,0.55,602,1364,5088,968,0.306205493387589,0.38343949044586,0.340497737556561,0.788592684438934,1966,0.245076040887559,0.693794506612411,8022
MODERN,catboost_unweighted,0.56,592,1329,5123,978,0.308172826652785,0.377070063694268,0.339157834431395,0.794017358958462,1921,0.239466467215158,0.691827173347215,8022
MODERN,catboost_unweighted,0.57,580,1282,5170,990,0.311493018259936,0.369426751592357,0.337995337995338,0.801301921884687,1862,0.232111692844677,0.688506981740064,8022
MODERN,catboost_unweighted,0.58,571,1247,5205,999,0.314081408140814,0.363694267515924,0.337072018890201,0.806726596404216,1818,0.226626776364996,0.685918591859186,8022
MODERN,catboost_unweighted,0.59,561,1194,5258,1009,0.31965811965812,0.357324840764331,0.337443609022556,0.814941103533788,1755,0.218773373223635,0.68034188034188,8022
MODERN,catboost_unweighted,0.6,553,1152,5300,1017,0.324340175953079,0.352229299363057,0.337709923664122,0.821450712957223,1705,0.212540513587634,0.675659824046921,8022
MODERN,catboost_unweighted,0.61,548,1116,5336,1022,0.329326923076923,0.349044585987261,0.338899196042053,0.827030378177309,1664,0.207429568686113,0.670673076923077,8022
MODERN,catboost_unweighted,0.62,535,1077,5375,1035,0.331885856079404,0.340764331210191,0.336266499057197,0.83307501549907,1612,0.200947394664672,0.668114143920596,8022
MODERN,catboost_unweighted,0.63,522,1044,5408,1048,0.333333333333333,0.332484076433121,0.332908163265306,0.838189708617483,1566,0.195213163799551,0.666666666666667,8022
MODERN,catboost_unweighted,0.64,509,1013,5439,1061,0.33442838370565,0.324203821656051,0.329236739974127,0.84299442033478,1522,0.18972824731987,0.66557161629435,8022
MODERN,catboost_unweighted,0.65,499,975,5477,1071,0.33853459972863,0.317834394904459,0.327858081471748,0.848884066955983,1474,0.183744702069309,0.66146540027137,8022
MODERN,catboost_unweighted,0.66,487,942,5510,1083,0.340797760671798,0.310191082802548,0.324774924974992,0.853998760074396,1429,0.178135128396909,0.659202239328202,8022
MODERN,catboost_unweighted,0.67,476,915,5537,1094,0.342199856218548,0.303184713375796,0.321513002364066,0.858183508989461,1391,0.173398155073548,0.657800143781452,8022
MODERN,catboost_unweighted,0.68,465,880,5572,1105,0.345724907063197,0.296178343949045,0.319039451114923,0.863608183508989,1345,0.167663924208427,0.654275092936803,8022
MODERN,catboost_unweighted,0.69,449,851,5601,1121,0.345384615384615,0.285987261146497,0.312891986062718,0.86810291382517,1300,0.162054350536026,0.654615384615385,8022
MODERN,catboost_unweighted,0.7,440,815,5637,1130,0.350597609561753,0.280254777070064,0.311504424778761,0.873682579045257,1255,0.156444776863625,0.649402390438247,8022
MODERN,catboost_unweighted,0.71,425,777,5675,1145,0.353577371048253,0.270700636942675,0.306637806637807,0.87957222566646,1202,0.149837945649464,0.646422628951747,8022
MODERN,catboost_unweighted,0.72,411,746,5706,1159,0.355229040622299,0.261783439490446,0.301430143014301,0.884376937383757,1157,0.144228371977063,0.644770959377701,8022
MODERN,catboost_unweighted,0.73,398,723,5729,1172,0.355040142729706,0.253503184713376,0.295800817539948,0.88794172349659,1121,0.139740713039142,0.644959857270294,8022
MODERN,catboost_unweighted,0.74,381,690,5762,1189,0.355742296918768,0.242675159235669,0.288527073078379,0.893056416615003,1071,0.133507853403141,0.644257703081233,8022
MODERN,catboost_unweighted,0.75,360,646,5806,1210,0.357852882703777,0.229299363057325,0.279503105590062,0.899876007439554,1006,0.12540513587634,0.642147117296223,8022
MODERN,catboost_unweighted,0.76,342,613,5839,1228,0.358115183246073,0.217834394904459,0.270891089108911,0.904990700557966,955,0.119047619047619,0.641884816753927,8022
MODERN,catboost_unweighted,0.77,323,580,5872,1247,0.357696566998893,0.205732484076433,0.261221188839466,0.910105393676379,903,0.112565445026178,0.642303433001107,8022
MODERN,catboost_unweighted,0.78,305,550,5902,1265,0.35672514619883,0.194267515923567,0.251546391752577,0.914755114693118,855,0.106581899775617,0.64327485380117,8022
MODERN,catboost_unweighted,0.79,291,516,5936,1279,0.360594795539033,0.185350318471338,0.244846445098864,0.920024798512089,807,0.100598354525056,0.639405204460966,8022
MODERN,catboost_unweighted,0.8,275,474,5978,1295,0.367156208277704,0.17515923566879,0.237171194480379,0.926534407935524,749,0.0933682373472949,0.632843791722296,8022
MODERN,catboost_unweighted,0.81,255,443,6009,1315,0.365329512893983,0.162420382165605,0.224867724867725,0.931339119652821,698,0.0870107205185739,0.634670487106017,8022
MODERN,catboost_unweighted,0.82,240,416,6036,1330,0.365853658536585,0.152866242038217,0.215633423180593,0.935523868567886,656,0.0817751184243331,0.634146341463415,8022
MODERN,catboost_unweighted,0.83,231,386,6066,1339,0.374392220421394,0.147133757961783,0.211248285322359,0.940173589584625,617,0.0769134879082523,0.625607779578606,8022
MODERN,catboost_unweighted,0.84,218,356,6096,1352,0.379790940766551,0.138853503184713,0.203358208955224,0.944823310601364,574,0.0715532286212914,0.620209059233449,8022
MODERN,catboost_unweighted,0.85,210,334,6118,1360,0.386029411764706,0.133757961783439,0.198675496688742,0.948233106013639,544,0.0678135128396909,0.613970588235294,8022
MODERN,catboost_unweighted,0.86,202,306,6146,1368,0.397637795275591,0.128662420382166,0.1944177093359,0.952572845629262,508,0.0633258539017701,0.602362204724409,8022
MODERN,catboost_unweighted,0.87,186,271,6181,1384,0.407002188183807,0.118471337579618,0.18352244696596,0.957997520148791,457,0.0569683370730491,0.592997811816193,8022
MODERN,catboost_unweighted,0.88,170,240,6212,1400,0.414634146341463,0.10828025477707,0.171717171717172,0.962802231866088,410,0.0511094490152082,0.585365853658537,8022
MODERN,catboost_unweighted,0.89,148,217,6235,1422,0.405479452054795,0.0942675159235669,0.15297157622739,0.966367017978921,365,0.0454998753428073,0.594520547945205,8022
MODERN,catboost_unweighted,0.9,135,187,6265,1435,0.419254658385093,0.0859872611464968,0.142706131078224,0.97101673899566,322,0.0401396160558464,0.580745341614907,8022
MODERN,catboost_unweighted,0.91,120,160,6292,1450,0.428571428571429,0.0764331210191083,0.12972972972973,0.975201487910725,280,0.0349040139616056,0.571428571428571,8022
MODERN,catboost_unweighted,0.92,107,126,6326,1463,0.459227467811159,0.0681528662420382,0.118691070438159,0.980471171729696,233,0.0290451259037646,0.540772532188841,8022
MODERN,catboost_unweighted,0.93,91,101,6351,1479,0.473958333333333,0.0579617834394904,0.103291713961407,0.984345939243645,192,0.0239341810022438,0.526041666666667,8022
MODERN,catboost_unweighted,0.94,68,78,6374,1502,0.465753424657534,0.043312101910828,0.0792540792540792,0.987910725356479,146,0.0181999501371229,0.534246575342466,8022
MODERN,catboost_unweighted,0.95,50,59,6393,1520,0.458715596330275,0.0318471337579618,0.0595592614651578,0.99085554866708,109,0.0135876340064822,0.541284403669725,8022
MODERN,catboost_unweighted,0.96,40,43,6409,1530,0.481927710843373,0.0254777070063694,0.0483968542044767,0.993335399876007,83,0.0103465469957617,0.518072289156627,8022
MODERN,catboost_unweighted,0.97,19,24,6428,1551,0.441860465116279,0.0121019108280255,0.0235585864848109,0.996280223186609,43,0.00536025928696086,0.558139534883721,8022
MODERN,catboost_unweighted,0.98,7,14,6438,1563,0.333333333333333,0.00445859872611465,0.0087994971715902,0.997830130192188,21,0.00261780104712042,0.666666666666667,8022
MODERN,catboost_unweighted,0.99,0,3,6449,1570,0,0,,0.999535027898326,3,0.00037397157816006,1,8022
MODERN,catboost_unweighted,1,0,0,6452,1570,,0,0,1,0,0,,8022
MODERN,catboost_balanced,0.01,1570,6376,76,0,0.197583689906871,1,0.329970575872215,0.0117792932424055,7946,0.990526053353278,0.802416310093129,8022
MODERN,catboost_balanced,0.02,1563,6091,361,7,0.204206950614058,0.995541401273885,0.338898525585429,0.0559516429014259,7654,0.954126153079033,0.795793049385942,8022
MODERN,catboost_balanced,0.03,1555,5843,609,15,0.210191943768586,0.990445859872611,0.34678858162355,0.0943893366398016,7398,0.922213911742708,0.789808056231414,8022
MODERN,catboost_balanced,0.04,1548,5629,823,22,0.215689006548697,0.985987261146497,0.353949925688808,0.127557346559206,7177,0.894664672151583,0.784310993451303,8022
MODERN,catboost_balanced,0.05,1539,5473,979,31,0.219480889903023,0.980254777070064,0.358657655558145,0.151735895846249,7012,0.87409623535278,0.780519110096977,8022
MODERN,catboost_balanced,0.06,1517,5345,1107,53,0.221072573593704,0.966242038216561,0.359819734345351,0.171574705517669,6862,0.855397656444777,0.778927426406296,8022
MODERN,catboost_balanced,0.07,1504,5214,1238,66,0.223876153617148,0.95796178343949,0.362934362934363,0.191878487290763,6718,0.837447020693094,0.776123846382852,8022
MODERN,catboost_balanced,0.08,1483,5117,1335,87,0.22469696969697,0.944585987261147,0.363035495716034,0.206912585244885,6600,0.822737471952132,0.77530303030303,8022
MODERN,catboost_balanced,0.09,1459,5009,1443,111,0.225572047000618,0.929299363057325,0.363025628265738,0.223651580905146,6468,0.806282722513089,0.774427952999382,8022
MODERN,catboost_balanced,0.1,1434,4897,1555,136,0.226504501658506,0.913375796178344,0.362992026325782,0.241010539367638,6331,0.789204687110446,0.773495498341494,8022
MODERN,catboost_balanced,0.11,1419,4795,1657,151,0.228355326681687,0.903821656050955,0.364594039054471,0.256819590824551,6214,0.774619795562204,0.771644673318313,8022
MODERN,catboost_balanced,0.12,1394,4689,1763,176,0.22916324182147,0.887898089171975,0.364301581079315,0.273248605083695,6083,0.758289703315881,0.77083675817853,8022
MODERN,catboost_balanced,0.13,1380,4591,1861,190,0.231117065818121,0.878980891719745,0.365999204349556,0.288437693738376,5971,0.744328097731239,0.768882934181879,8022
MODERN,catboost_balanced,0.14,1361,4506,1946,209,0.231975455940003,0.86687898089172,0.36600779884362,0.301611903285803,5867,0.731363749688357,0.768024544059997,8022
MODERN,catboost_balanced,0.15,1341,4421,2031,229,0.232731690385283,0.854140127388535,0.365793780687398,0.31478611283323,5762,0.718274744452755,0.767268309614717,8022
MODERN,catboost_balanced,0.16,1324,4335,2117,246,0.2339635978088,0.843312101910828,0.366302393138747,0.328115313081215,5659,0.705435053602593,0.7660364021912,8022
MODERN,catboost_balanced,0.17,1309,4243,2209,261,0.235770893371758,0.83375796178344,0.367593372648133,0.342374457532548,5552,0.692096733981551,0.764229106628242,8022
MODERN,catboost_balanced,0.18,1290,4154,2298,280,0.236958119030125,0.821656050955414,0.367835757057314,0.356168629882207,5444,0.678633757167789,0.763041880969875,8022
MODERN,catboost_balanced,0.19,1272,4072,2380,298,0.238023952095808,0.810191082802548,0.367949088805323,0.36887786732796,5344,0.666168037895787,0.761976047904192,8022
MODERN,catboost_balanced,0.2,1249,3986,2466,321,0.238586437440306,0.795541401273885,0.367083027185893,0.382207067575945,5235,0.652580403889304,0.761413562559694,8022
MODERN,catboost_balanced,0.21,1235,3882,2570,335,0.241352354895447,0.786624203821656,0.369373411096157,0.398326100433974,5117,0.637870855148342,0.758647645104553,8022
MODERN,catboost_balanced,0.22,1226,3797,2655,344,0.244077244674497,0.780891719745223,0.371909601092067,0.411500309981401,5023,0.62615307903266,0.755922755325503,8022
MODERN,catboost_balanced,0.23,1209,3707,2745,361,0.24593165174939,0.770063694267516,0.372802960222017,0.425449473031618,4916,0.612814759411618,0.75406834825061,8022
MODERN,catboost_balanced,0.24,1200,3628,2824,370,0.248550124275062,0.764331210191083,0.375117224132541,0.437693738375697,4828,0.601844926452256,0.751449875724938,8022
MODERN,catboost_balanced,0.25,1181,3555,2897,389,0.249366554054054,0.752229299363057,0.374563907389788,0.449008059516429,4736,0.590376464722014,0.750633445945946,8022
MODERN,catboost_balanced,0.26,1162,3474,2978,408,0.250647109577222,0.740127388535032,0.374476313245247,0.461562306261624,4636,0.577910745450012,0.749352890422778,8022
MODERN,catboost_balanced,0.27,1145,3395,3057,425,0.252202643171806,0.729299363057325,0.374795417348609,0.473806571605704,4540,0.565943654948891,0.747797356828194,8022
MODERN,catboost_balanced,0.28,1119,3326,3126,451,0.251743532058493,0.712738853503185,0.372069825436409,0.484500929944203,4445,0.554101221640489,0.748256467941507,8022
MODERN,catboost_balanced,0.29,1106,3255,3197,464,0.253611556982344,0.704458598726115,0.372955656718934,0.495505269683819,4361,0.543630017452007,0.746388443017656,8022
MODERN,catboost_balanced,0.3,1082,3184,3268,488,0.253633380215659,0.689171974522293,0.370801919122687,0.506509609423435,4266,0.531787584143605,0.746366619784341,8022
MODERN,catboost_balanced,0.31,1065,3110,3342,505,0.255089820359281,0.678343949044586,0.370757180156658,0.517978921264724,4175,0.520443779606083,0.744910179640719,8022
MODERN,catboost_balanced,0.32,1052,3034,3418,518,0.257464512971121,0.670063694267516,0.371994342291372,0.52975821450713,4086,0.509349289454001,0.742535487028879,8022
MODERN,catboost_balanced,0.33,1037,2955,3497,533,0.259769539078156,0.660509554140127,0.372887450557353,0.542002479851209,3992,0.49763151333832,0.740230460921844,8022
MODERN,catboost_balanced,0.34,1021,2885,3567,549,0.261392729134665,0.65031847133758,0.372899926953981,0.552851828890267,3906,0.486910994764398,0.738607270865335,8022
MODERN,catboost_balanced,0.35,998,2812,3640,572,0.261942257217848,0.635668789808917,0.371003717472119,0.564166150030998,3810,0.474943904263276,0.738057742782152,8022
MODERN,catboost_balanced,0.36,978,2736,3716,592,0.263327948303716,0.622929936305732,0.370174110522332,0.575945443273404,3714,0.462976813762154,0.736672051696284,8022
MODERN,catboost_balanced,0.37,952,2654,3798,618,0.264004437049362,0.606369426751592,0.367851622874807,0.588654680719157,3606,0.449513836948392,0.735995562950638,8022
MODERN,catboost_balanced,0.38,934,2589,3863,636,0.265114958841896,0.594904458598726,0.366777930492833,0.598729076255425,3523,0.43916728995263,0.734885041158104,8022
MODERN,catboost_balanced,0.39,917,2530,3922,653,0.266028430519292,0.584076433121019,0.365557105840144,0.607873527588345,3447,0.429693343305909,0.733971569480708,8022
MODERN,catboost_balanced,0.4,899,2470,3982,671,0.266844761056693,0.572611464968153,0.364041303907674,0.617172969621823,3369,0.419970082273747,0.733155238943307,8022
MODERN,catboost_balanced,0.41,876,2394,4058,694,0.267889908256881,0.55796178343949,0.36198347107438,0.628952262864228,3270,0.407629020194465,0.732110091743119,8022
MODERN,catboost_balanced,0.42,868,2320,4132,702,0.272271016311167,0.552866242038217,0.364859184531316,0.640421574705518,3188,0.397407130391424,0.727728983688833,8022
MODERN,catboost_balanced,0.43,854,2263,4189,716,0.273981392364453,0.543949044585987,0.364412203968423,0.649256044637322,3117,0.388556469708302,0.726018607635547,8022
MODERN,catboost_balanced,0.44,842,2205,4247,728,0.276337381030522,0.536305732484076,0.364739008013862,0.658245505269684,3047,0.379830466217901,0.723662618969478,8022
MODERN,catboost_balanced,0.45,824,2157,4295,746,0.276417309627642,0.52484076433121,0.362118215776752,0.665685058896466,2981,0.371603091498379,0.723582690372358,8022
MODERN,catboost_balanced,0.46,807,2105,4347,763,0.277129120879121,0.514012738853503,0.360107095046854,0.67374457532548,2912,0.363001745200698,0.722870879120879,8022
MODERN,catboost_balanced,0.47,791,2042,4410,779,0.279209318743382,0.503821656050955,0.359300476947536,0.683508989460632,2833,0.353153826975816,0.720790681256618,8022
MODERN,catboost_balanced,0.48,774,1991,4461,796,0.279927667269439,0.492993630573248,0.357093425605536,0.691413515189089,2765,0.344677137870855,0.720072332730561,8022
MODERN,catboost_balanced,0.49,762,1941,4511,808,0.281908990011099,0.485350318471338,0.356658085654107,0.699163050216987,2703,0.336948391922214,0.718091009988901,8022
MODERN,catboost_balanced,0.5,751,1885,4567,819,0.284901365705615,0.478343949044586,0.357108892058963,0.707842529448233,2636,0.328596360009973,0.715098634294385,8022
MODERN,catboost_balanced,0.51,739,1841,4611,831,0.286434108527132,0.470700636942675,0.356144578313253,0.714662120272784,2580,0.321615557217651,0.713565891472868,8022
MODERN,catboost_balanced,0.52,730,1787,4665,840,0.290027810885975,0.464968152866242,0.357230242231466,0.723031618102914,2517,0.31376215407629,0.709972189114025,8022
MODERN,catboost_balanced,0.53,712,1738,4714,858,0.290612244897959,0.453503184713376,0.354228855721393,0.730626162430254,2450,0.305410122164049,0.709387755102041,8022
MODERN,catboost_balanced,0.54,695,1685,4767,875,0.292016806722689,0.442675159235669,0.351898734177215,0.738840669559826,2380,0.296684118673647,0.707983193277311,8022
MODERN,catboost_balanced,0.55,683,1632,4820,887,0.295032397408207,0.435031847133758,0.351608751608752,0.747055176689399,2315,0.288581401146846,0.704967602591793,8022
MODERN,catboost_balanced,0.56,678,1592,4860,892,0.298678414096916,0.431847133757962,0.353125,0.753254804711717,2270,0.282971827474445,0.701321585903084,8022
MODERN,catboost_balanced,0.57,667,1541,4911,903,0.302083333333333,0.42484076433121,0.353096876654314,0.761159330440174,2208,0.275243081525804,0.697916666666667,8022
MODERN,catboost_balanced,0.58,655,1496,4956,915,0.304509530450953,0.417197452229299,0.352055898951895,0.768133911965282,2151,0.268137621540763,0.695490469549047,8022
MODERN,catboost_balanced,0.59,642,1459,4993,928,0.305568776772965,0.408917197452229,0.349768455461727,0.773868567885927,2101,0.261904761904762,0.694431223227035,8022
MODERN,catboost_balanced,0.6,626,1414,5038,944,0.306862745098039,0.398726114649682,0.346814404432133,0.780843149411035,2040,0.254300673148841,0.693137254901961,8022
MODERN,catboost_balanced,0.61,619,1361,5091,951,0.312626262626263,0.394267515923567,0.348732394366197,0.789057656540608,1980,0.246821241585639,0.687373737373737,8022
MODERN,catboost_balanced,0.62,605,1318,5134,965,0.31461258450338,0.385350318471338,0.346407099914114,0.7957222566646,1923,0.239715781600598,0.68538741549662,8022
MODERN,catboost_balanced,0.63,595,1281,5171,975,0.317164179104478,0.378980891719745,0.34532791642484,0.801456912585245,1876,0.233856893542757,0.682835820895522,8022
MODERN,catboost_balanced,0.64,586,1235,5217,984,0.321801208127403,0.373248407643312,0.345620760837511,0.808586484810911,1821,0.227000747943156,0.678198791872597,8022
MODERN,catboost_balanced,0.65,578,1196,5256,992,0.325817361894025,0.368152866242038,0.345693779904306,0.814631122132672,1774,0.221141859885315,0.674182638105975,8022
MODERN,catboost_balanced,0.66,562,1156,5296,1008,0.327124563445867,0.35796178343949,0.341849148418491,0.820830750154991,1718,0.214161057092994,0.672875436554133,8022
MODERN,catboost_balanced,0.67,550,1125,5327,1020,0.328358208955224,0.35031847133758,0.338983050847458,0.825635461872288,1675,0.208800797806033,0.671641791044776,8022
MODERN,catboost_balanced,0.68,539,1098,5354,1031,0.329260843005498,0.343312101910828,0.33613969441846,0.829820210787353,1637,0.204063824482673,0.670739156994502,8022
MODERN,catboost_balanced,0.69,524,1045,5407,1046,0.333970681963034,0.333757961783439,0.333864287989806,0.838034717916925,1569,0.195587135377711,0.666029318036966,8022
MODERN,catboost_balanced,0.7,510,1014,5438,1060,0.334645669291339,0.32484076433121,0.32967032967033,0.842839429634222,1524,0.18997756170531,0.665354330708661,8022
MODERN,catboost_balanced,0.71,497,981,5471,1073,0.336265223274696,0.31656050955414,0.326115485564304,0.847954122752635,1478,0.184243330840189,0.663734776725304,8022
MODERN,catboost_balanced,0.72,475,934,5518,1095,0.337118523775727,0.302547770700637,0.318898959382343,0.855238685678859,1409,0.175641984542508,0.662881476224273,8022
MODERN,catboost_balanced,0.73,459,887,5565,1111,0.341010401188707,0.292356687898089,0.314814814814815,0.862523248605084,1346,0.167788581401147,0.658989598811293,8022
MODERN,catboost_balanced,0.74,448,846,5606,1122,0.346213292117465,0.285350318471338,0.312849162011173,0.86887786732796,1294,0.161306407379706,0.653786707882535,8022
MODERN,catboost_balanced,0.75,424,813,5639,1146,0.342764753435732,0.270063694267516,0.302101888136801,0.873992560446373,1237,0.154200947394665,0.657235246564268,8022
MODERN,catboost_balanced,0.76,410,770,5682,1160,0.347457627118644,0.261146496815287,0.298181818181818,0.880657160570366,1180,0.147095487409624,0.652542372881356,8022
MODERN,catboost_balanced,0.77,399,732,5720,1171,0.352785145888594,0.254140127388535,0.295446131062569,0.886546807191569,1131,0.140987284966343,0.647214854111406,8022
MODERN,catboost_balanced,0.78,380,691,5761,1190,0.354808590102708,0.24203821656051,0.287769784172662,0.892901425914445,1071,0.133507853403141,0.645191409897292,8022
MODERN,catboost_balanced,0.79,362,651,5801,1208,0.357354392892399,0.230573248407643,0.280294231513744,0.899101053936764,1013,0.12627773622538,0.642645607107601,8022
MODERN,catboost_balanced,0.8,346,604,5848,1224,0.364210526315789,0.220382165605096,0.274603174603175,0.906385616862988,950,0.118424333084019,0.635789473684211,8022
MODERN,catboost_balanced,0.81,331,568,5884,1239,0.368186874304783,0.210828025477707,0.268124746861077,0.911965282083075,899,0.112066816255298,0.631813125695217,8022
MODERN,catboost_balanced,0.82,322,530,5922,1248,0.377934272300469,0.205095541401274,0.265895953757225,0.917854928704278,852,0.106207928197457,0.622065727699531,8022
MODERN,catboost_balanced,0.83,302,492,5960,1268,0.380352644836272,0.192356687898089,0.255499153976311,0.92374457532548,794,0.0989778110196958,0.619647355163728,8022
MODERN,catboost_balanced,0.84,293,454,5998,1277,0.392235609103079,0.186624203821656,0.252913249892102,0.929634221946683,747,0.0931189229618549,0.607764390896921,8022
MODERN,catboost_balanced,0.85,272,413,6039,1298,0.397080291970803,0.173248407643312,0.241241685144124,0.93598884066956,685,0.0853901770132137,0.602919708029197,8022
MODERN,catboost_balanced,0.86,263,367,6085,1307,0.417460317460317,0.167515923566879,0.239090909090909,0.943118412895226,630,0.0785340314136126,0.582539682539683,8022
MODERN,catboost_balanced,0.87,237,325,6127,1333,0.421708185053381,0.150955414012739,0.222326454033771,0.949628022318661,562,0.0700573423086512,0.578291814946619,8022
MODERN,catboost_balanced,0.88,212,283,6169,1358,0.428282828282828,0.135031847133758,0.205326876513317,0.956137631742095,495,0.0617053103964099,0.571717171717172,8022
MODERN,catboost_balanced,0.89,191,247,6205,1379,0.436073059360731,0.121656050955414,0.190239043824701,0.961717296962182,438,0.0545998504113687,0.563926940639269,8022
MODERN,catboost_balanced,0.9,170,209,6243,1400,0.448548812664908,0.10828025477707,0.17444843509492,0.967606943583385,379,0.0472450760408876,0.551451187335092,8022
MODERN,catboost_balanced,0.91,149,176,6276,1421,0.458461538461538,0.0949044585987261,0.157255936675462,0.972721636701798,325,0.0405135876340065,0.541538461538462,8022
MODERN,catboost_balanced,0.92,130,144,6308,1440,0.474452554744526,0.0828025477707006,0.140997830802603,0.977681339119653,274,0.0341560708052855,0.525547445255474,8022
MODERN,catboost_balanced,0.93,114,120,6332,1456,0.487179487179487,0.0726114649681529,0.126385809312639,0.981401115933044,234,0.0291697830964847,0.512820512820513,8022
MODERN,catboost_balanced,0.94,87,88,6364,1483,0.497142857142857,0.0554140127388535,0.0997134670487106,0.986360818350899,175,0.0218150087260035,0.502857142857143,8022
MODERN,catboost_balanced,0.95,67,66,6386,1503,0.503759398496241,0.0426751592356688,0.0786846741045214,0.989770613763174,133,0.0165794066317627,0.496240601503759,8022
MODERN,catboost_balanced,0.96,46,48,6404,1524,0.48936170212766,0.0292993630573248,0.0552884615384615,0.992560446373218,94,0.0117177761156819,0.51063829787234,8022
MODERN,catboost_balanced,0.97,30,31,6421,1540,0.491803278688525,0.0191082802547771,0.0367872470876763,0.995195288282703,61,0.00760408875592122,0.508196721311475,8022
MODERN,catboost_balanced,0.98,13,21,6431,1557,0.382352941176471,0.00828025477707006,0.0162094763092269,0.996745195288283,34,0.00423834455248068,0.617647058823529,8022
MODERN,catboost_balanced,0.99,4,6,6446,1566,0.4,0.00254777070063694,0.00506329113924051,0.999070055796652,10,0.0012465719272002,0.6,8022
MODERN,catboost_balanced,1,0,0,6452,1570,,0,0,1,0,0,,8022
