regime,candidate_model,threshold,precision,recall,f1,specificity,predicted_positives,predicted_positive_rate,total_rows
LEGACY,prevalence,0.01,0.0176795580110497,1,0.0347448425624321,0,19005,1,19005
LEGACY,prevalence,0.02,0.0176795580110497,1,0.0347448425624321,0,19005,1,19005
LEGACY,prevalence,0.03,0.0208794685226194,0.196428571428571,0.0377466399771232,0.8342171514275,3161,0.166324651407524,19005
LEGACY,prevalence,0.04,,0,0,1,0,0,19005
LEGACY,prevalence,0.05,,0,0,1,0,0,19005
LEGACY,prevalence,0.06,,0,0,1,0,0,19005
LEGACY,prevalence,0.07,,0,0,1,0,0,19005
LEGACY,prevalence,0.08,,0,0,1,0,0,19005
LEGACY,prevalence,0.09,,0,0,1,0,0,19005
LEGACY,prevalence,0.1,,0,0,1,0,0,19005
LEGACY,prevalence,0.11,,0,0,1,0,0,19005
LEGACY,prevalence,0.12,,0,0,1,0,0,19005
LEGACY,prevalence,0.13,,0,0,1,0,0,19005
LEGACY,prevalence,0.14,,0,0,1,0,0,19005
LEGACY,prevalence,0.15,,0,0,1,0,0,19005
LEGACY,prevalence,0.16,,0,0,1,0,0,19005
LEGACY,prevalence,0.17,,0,0,1,0,0,19005
LEGACY,prevalence,0.18,,0,0,1,0,0,19005
LEGACY,prevalence,0.19,,0,0,1,0,0,19005
LEGACY,prevalence,0.2,,0,0,1,0,0,19005
LEGACY,prevalence,0.21,,0,0,1,0,0,19005
LEGACY,prevalence,0.22,,0,0,1,0,0,19005
LEGACY,prevalence,0.23,,0,0,1,0,0,19005
LEGACY,prevalence,0.24,,0,0,1,0,0,19005
LEGACY,prevalence,0.25,,0,0,1,0,0,19005
LEGACY,prevalence,0.26,,0,0,1,0,0,19005
LEGACY,prevalence,0.27,,0,0,1,0,0,19005
LEGACY,prevalence,0.28,,0,0,1,0,0,19005
LEGACY,prevalence,0.29,,0,0,1,0,0,19005
LEGACY,prevalence,0.3,,0,0,1,0,0,19005
LEGACY,prevalence,0.31,,0,0,1,0,0,19005
LEGACY,prevalence,0.32,,0,0,1,0,0,19005
LEGACY,prevalence,0.33,,0,0,1,0,0,19005
LEGACY,prevalence,0.34,,0,0,1,0,0,19005
LEGACY,prevalence,0.35,,0,0,1,0,0,19005
LEGACY,prevalence,0.36,,0,0,1,0,0,19005
LEGACY,prevalence,0.37,,0,0,1,0,0,19005
LEGACY,prevalence,0.38,,0,0,1,0,0,19005
LEGACY,prevalence,0.39,,0,0,1,0,0,19005
LEGACY,prevalence,0.4,,0,0,1,0,0,19005
LEGACY,prevalence,0.41,,0,0,1,0,0,19005
LEGACY,prevalence,0.42,,0,0,1,0,0,19005
LEGACY,prevalence,0.43,,0,0,1,0,0,19005
LEGACY,prevalence,0.44,,0,0,1,0,0,19005
LEGACY,prevalence,0.45,,0,0,1,0,0,19005
LEGACY,prevalence,0.46,,0,0,1,0,0,19005
LEGACY,prevalence,0.47,,0,0,1,0,0,19005
LEGACY,prevalence,0.48,,0,0,1,0,0,19005
LEGACY,prevalence,0.49,,0,0,1,0,0,19005
LEGACY,prevalence,0.5,,0,0,1,0,0,19005
LEGACY,prevalence,0.51,,0,0,1,0,0,19005
LEGACY,prevalence,0.52,,0,0,1,0,0,19005
LEGACY,prevalence,0.53,,0,0,1,0,0,19005
LEGACY,prevalence,0.54,,0,0,1,0,0,19005
LEGACY,prevalence,0.55,,0,0,1,0,0,19005
LEGACY,prevalence,0.56,,0,0,1,0,0,19005
LEGACY,prevalence,0.57,,0,0,1,0,0,19005
LEGACY,prevalence,0.58,,0,0,1,0,0,19005
LEGACY,prevalence,0.59,,0,0,1,0,0,19005
LEGACY,prevalence,0.6,,0,0,1,0,0,19005
LEGACY,prevalence,0.61,,0,0,1,0,0,19005
LEGACY,prevalence,0.62,,0,0,1,0,0,19005
LEGACY,prevalence,0.63,,0,0,1,0,0,19005
LEGACY,prevalence,0.64,,0,0,1,0,0,19005
LEGACY,prevalence,0.65,,0,0,1,0,0,19005
LEGACY,prevalence,0.66,,0,0,1,0,0,19005
LEGACY,prevalence,0.67,,0,0,1,0,0,19005
LEGACY,prevalence,0.68,,0,0,1,0,0,19005
LEGACY,prevalence,0.69,,0,0,1,0,0,19005
LEGACY,prevalence,0.7,,0,0,1,0,0,19005
LEGACY,prevalence,0.71,,0,0,1,0,0,19005
LEGACY,prevalence,0.72,,0,0,1,0,0,19005
LEGACY,prevalence,0.73,,0,0,1,0,0,19005
LEGACY,prevalence,0.74,,0,0,1,0,0,19005
LEGACY,prevalence,0.75,,0,0,1,0,0,19005
LEGACY,prevalence,0.76,,0,0,1,0,0,19005
LEGACY,prevalence,0.77,,0,0,1,0,0,19005
LEGACY,prevalence,0.78,,0,0,1,0,0,19005
LEGACY,prevalence,0.79,,0,0,1,0,0,19005
LEGACY,prevalence,0.8,,0,0,1,0,0,19005
LEGACY,prevalence,0.81,,0,0,1,0,0,19005
LEGACY,prevalence,0.82,,0,0,1,0,0,19005
LEGACY,prevalence,0.83,,0,0,1,0,0,19005
LEGACY,prevalence,0.84,,0,0,1,0,0,19005
LEGACY,prevalence,0.85,,0,0,1,0,0,19005
LEGACY,prevalence,0.86,,0,0,1,0,0,19005
LEGACY,prevalence,0.87,,0,0,1,0,0,19005
LEGACY,prevalence,0.88,,0,0,1,0,0,19005
LEGACY,prevalence,0.89,,0,0,1,0,0,19005
LEGACY,prevalence,0.9,,0,0,1,0,0,19005
LEGACY,prevalence,0.91,,0,0,1,0,0,19005
LEGACY,prevalence,0.92,,0,0,1,0,0,19005
LEGACY,prevalence,0.93,,0,0,1,0,0,19005
LEGACY,prevalence,0.94,,0,0,1,0,0,19005
LEGACY,prevalence,0.95,,0,0,1,0,0,19005
LEGACY,prevalence,0.96,,0,0,1,0,0,19005
LEGACY,prevalence,0.97,,0,0,1,0,0,19005
LEGACY,prevalence,0.98,,0,0,1,0,0,19005
LEGACY,prevalence,0.99,,0,0,1,0,0,19005
LEGACY,prevalence,1,,0,0,1,0,0,19005
LEGACY,lagged_cost_rule,0.01,0.0529411764705882,0.0267857142857143,0.0355731225296443,0.991376077990251,170,0.00894501446987635,19005
LEGACY,lagged_cost_rule,0.02,0.0529411764705882,0.0267857142857143,0.0355731225296443,0.991376077990251,170,0.00894501446987635,19005
LEGACY,lagged_cost_rule,0.03,0.0529411764705882,0.0267857142857143,0.0355731225296443,0.991376077990251,170,0.00894501446987635,19005
LEGACY,lagged_cost_rule,0.04,0.0529411764705882,0.0267857142857143,0.0355731225296443,0.991376077990251,170,0.00894501446987635,19005
LEGACY,lagged_cost_rule,0.05,0.0529411764705882,0.0267857142857143,0.0355731225296443,0.991376077990251,170,0.00894501446987635,19005
LEGACY,lagged_cost_rule,0.06,0.0529411764705882,0.0267857142857143,0.0355731225296443,0.991376077990251,170,0.00894501446987635,19005
LEGACY,lagged_cost_rule,0.07,0.0529411764705882,0.0267857142857143,0.0355731225296443,0.991376077990251,170,0.00894501446987635,19005
LEGACY,lagged_cost_rule,0.08,0.0529411764705882,0.0267857142857143,0.0355731225296443,0.991376077990251,170,0.00894501446987635,19005
LEGACY,lagged_cost_rule,0.09,0.0529411764705882,0.0267857142857143,0.0355731225296443,0.991376077990251,170,0.00894501446987635,19005
LEGACY,lagged_cost_rule,0.1,0.0529411764705882,0.0267857142857143,0.0355731225296443,0.991376077990251,170,0.00894501446987635,19005
LEGACY,lagged_cost_rule,0.11,0.0529411764705882,0.0267857142857143,0.0355731225296443,0.991376077990251,170,0.00894501446987635,19005
LEGACY,lagged_cost_rule,0.12,0.0529411764705882,0.0267857142857143,0.0355731225296443,0.991376077990251,170,0.00894501446987635,19005
LEGACY,lagged_cost_rule,0.13,0.0529411764705882,0.0267857142857143,0.0355731225296443,0.991376077990251,170,0.00894501446987635,19005
LEGACY,lagged_cost_rule,0.14,0.0529411764705882,0.0267857142857143,0.0355731225296443,0.991376077990251,170,0.00894501446987635,19005
LEGACY,lagged_cost_rule,0.15,0.0529411764705882,0.0267857142857143,0.0355731225296443,0.991376077990251,170,0.00894501446987635,19005
LEGACY,lagged_cost_rule,0.16,0.0529411764705882,0.0267857142857143,0.0355731225296443,0.991376077990251,170,0.00894501446987635,19005
LEGACY,lagged_cost_rule,0.17,0.0529411764705882,0.0267857142857143,0.0355731225296443,0.991376077990251,170,0.00894501446987635,19005
LEGACY,lagged_cost_rule,0.18,0.0529411764705882,0.0267857142857143,0.0355731225296443,0.991376077990251,170,0.00894501446987635,19005
LEGACY,lagged_cost_rule,0.19,0.0529411764705882,0.0267857142857143,0.0355731225296443,0.991376077990251,170,0.00894501446987635,19005
LEGACY,lagged_cost_rule,0.2,0.0529411764705882,0.0267857142857143,0.0355731225296443,0.991376077990251,170,0.00894501446987635,19005
LEGACY,lagged_cost_rule,0.21,0.0529411764705882,0.0267857142857143,0.0355731225296443,0.991376077990251,170,0.00894501446987635,19005
LEGACY,lagged_cost_rule,0.22,0.0529411764705882,0.0267857142857143,0.0355731225296443,0.991376077990251,170,0.00894501446987635,19005
LEGACY,lagged_cost_rule,0.23,0.0529411764705882,0.0267857142857143,0.0355731225296443,0.991376077990251,170,0.00894501446987635,19005
LEGACY,lagged_cost_rule,0.24,0.0529411764705882,0.0267857142857143,0.0355731225296443,0.991376077990251,170,0.00894501446987635,19005
LEGACY,lagged_cost_rule,0.25,0.0529411764705882,0.0267857142857143,0.0355731225296443,0.991376077990251,170,0.00894501446987635,19005
LEGACY,lagged_cost_rule,0.26,0.0529411764705882,0.0267857142857143,0.0355731225296443,0.991376077990251,170,0.00894501446987635,19005
LEGACY,lagged_cost_rule,0.27,0.0529411764705882,0.0267857142857143,0.0355731225296443,0.991376077990251,170,0.00894501446987635,19005
LEGACY,lagged_cost_rule,0.28,0.0529411764705882,0.0267857142857143,0.0355731225296443,0.991376077990251,170,0.00894501446987635,19005
LEGACY,lagged_cost_rule,0.29,0.0529411764705882,0.0267857142857143,0.0355731225296443,0.991376077990251,170,0.00894501446987635,19005
LEGACY,lagged_cost_rule,0.3,0.0529411764705882,0.0267857142857143,0.0355731225296443,0.991376077990251,170,0.00894501446987635,19005
LEGACY,lagged_cost_rule,0.31,0.0529411764705882,0.0267857142857143,0.0355731225296443,0.991376077990251,170,0.00894501446987635,19005
LEGACY,lagged_cost_rule,0.32,0.0529411764705882,0.0267857142857143,0.0355731225296443,0.991376077990251,170,0.00894501446987635,19005
LEGACY,lagged_cost_rule,0.33,0.0529411764705882,0.0267857142857143,0.0355731225296443,0.991376077990251,170,0.00894501446987635,19005
LEGACY,lagged_cost_rule,0.34,0.0529411764705882,0.0267857142857143,0.0355731225296443,0.991376077990251,170,0.00894501446987635,19005
LEGACY,lagged_cost_rule,0.35,0.0529411764705882,0.0267857142857143,0.0355731225296443,0.991376077990251,170,0.00894501446987635,19005
LEGACY,lagged_cost_rule,0.36,0.0529411764705882,0.0267857142857143,0.0355731225296443,0.991376077990251,170,0.00894501446987635,19005
LEGACY,lagged_cost_rule,0.37,0.0529411764705882,0.0267857142857143,0.0355731225296443,0.991376077990251,170,0.00894501446987635,19005
LEGACY,lagged_cost_rule,0.38,0.0529411764705882,0.0267857142857143,0.0355731225296443,0.991376077990251,170,0.00894501446987635,19005
LEGACY,lagged_cost_rule,0.39,0.0529411764705882,0.0267857142857143,0.0355731225296443,0.991376077990251,170,0.00894501446987635,19005
LEGACY,lagged_cost_rule,0.4,0.0529411764705882,0.0267857142857143,0.0355731225296443,0.991376077990251,170,0.00894501446987635,19005
LEGACY,lagged_cost_rule,0.41,0.0529411764705882,0.0267857142857143,0.0355731225296443,0.991376077990251,170,0.00894501446987635,19005
LEGACY,lagged_cost_rule,0.42,0.0529411764705882,0.0267857142857143,0.0355731225296443,0.991376077990251,170,0.00894501446987635,19005
LEGACY,lagged_cost_rule,0.43,0.0529411764705882,0.0267857142857143,0.0355731225296443,0.991376077990251,170,0.00894501446987635,19005
LEGACY,lagged_cost_rule,0.44,0.0529411764705882,0.0267857142857143,0.0355731225296443,0.991376077990251,170,0.00894501446987635,19005
LEGACY,lagged_cost_rule,0.45,0.0529411764705882,0.0267857142857143,0.0355731225296443,0.991376077990251,170,0.00894501446987635,19005
LEGACY,lagged_cost_rule,0.46,0.0529411764705882,0.0267857142857143,0.0355731225296443,0.991376077990251,170,0.00894501446987635,19005
LEGACY,lagged_cost_rule,0.47,0.0529411764705882,0.0267857142857143,0.0355731225296443,0.991376077990251,170,0.00894501446987635,19005
LEGACY,lagged_cost_rule,0.48,0.0529411764705882,0.0267857142857143,0.0355731225296443,0.991376077990251,170,0.00894501446987635,19005
LEGACY,lagged_cost_rule,0.49,0.0529411764705882,0.0267857142857143,0.0355731225296443,0.991376077990251,170,0.00894501446987635,19005
LEGACY,lagged_cost_rule,0.5,0.0529411764705882,0.0267857142857143,0.0355731225296443,0.991376077990251,170,0.00894501446987635,19005
LEGACY,lagged_cost_rule,0.51,0.0529411764705882,0.0267857142857143,0.0355731225296443,0.991376077990251,170,0.00894501446987635,19005
LEGACY,lagged_cost_rule,0.52,0.0529411764705882,0.0267857142857143,0.0355731225296443,0.991376077990251,170,0.00894501446987635,19005
LEGACY,lagged_cost_rule,0.53,0.0529411764705882,0.0267857142857143,0.0355731225296443,0.991376077990251,170,0.00894501446987635,19005
LEGACY,lagged_cost_rule,0.54,0.0529411764705882,0.0267857142857143,0.0355731225296443,0.991376077990251,170,0.00894501446987635,19005
LEGACY,lagged_cost_rule,0.55,0.0529411764705882,0.0267857142857143,0.0355731225296443,0.991376077990251,170,0.00894501446987635,19005
LEGACY,lagged_cost_rule,0.56,0.0529411764705882,0.0267857142857143,0.0355731225296443,0.991376077990251,170,0.00894501446987635,19005
LEGACY,lagged_cost_rule,0.57,0.0529411764705882,0.0267857142857143,0.0355731225296443,0.991376077990251,170,0.00894501446987635,19005
LEGACY,lagged_cost_rule,0.58,0.0529411764705882,0.0267857142857143,0.0355731225296443,0.991376077990251,170,0.00894501446987635,19005
LEGACY,lagged_cost_rule,0.59,0.0529411764705882,0.0267857142857143,0.0355731225296443,0.991376077990251,170,0.00894501446987635,19005
LEGACY,lagged_cost_rule,0.6,0.0529411764705882,0.0267857142857143,0.0355731225296443,0.991376077990251,170,0.00894501446987635,19005
LEGACY,lagged_cost_rule,0.61,0.0529411764705882,0.0267857142857143,0.0355731225296443,0.991376077990251,170,0.00894501446987635,19005
LEGACY,lagged_cost_rule,0.62,0.0529411764705882,0.0267857142857143,0.0355731225296443,0.991376077990251,170,0.00894501446987635,19005
LEGACY,lagged_cost_rule,0.63,0.0529411764705882,0.0267857142857143,0.0355731225296443,0.991376077990251,170,0.00894501446987635,19005
LEGACY,lagged_cost_rule,0.64,0.0529411764705882,0.0267857142857143,0.0355731225296443,0.991376077990251,170,0.00894501446987635,19005
LEGACY,lagged_cost_rule,0.65,0.0529411764705882,0.0267857142857143,0.0355731225296443,0.991376077990251,170,0.00894501446987635,19005
LEGACY,lagged_cost_rule,0.66,0.0529411764705882,0.0267857142857143,0.0355731225296443,0.991376077990251,170,0.00894501446987635,19005
LEGACY,lagged_cost_rule,0.67,0.0529411764705882,0.0267857142857143,0.0355731225296443,0.991376077990251,170,0.00894501446987635,19005
LEGACY,lagged_cost_rule,0.68,0.0529411764705882,0.0267857142857143,0.0355731225296443,0.991376077990251,170,0.00894501446987635,19005
LEGACY,lagged_cost_rule,0.69,0.0529411764705882,0.0267857142857143,0.0355731225296443,0.991376077990251,170,0.00894501446987635,19005
LEGACY,lagged_cost_rule,0.7,0.0529411764705882,0.0267857142857143,0.0355731225296443,0.991376077990251,170,0.00894501446987635,19005
LEGACY,lagged_cost_rule,0.71,0.0529411764705882,0.0267857142857143,0.0355731225296443,0.991376077990251,170,0.00894501446987635,19005
LEGACY,lagged_cost_rule,0.72,0.0529411764705882,0.0267857142857143,0.0355731225296443,0.991376077990251,170,0.00894501446987635,19005
LEGACY,lagged_cost_rule,0.73,0.0529411764705882,0.0267857142857143,0.0355731225296443,0.991376077990251,170,0.00894501446987635,19005
LEGACY,lagged_cost_rule,0.74,0.0529411764705882,0.0267857142857143,0.0355731225296443,0.991376077990251,170,0.00894501446987635,19005
LEGACY,lagged_cost_rule,0.75,0.0529411764705882,0.0267857142857143,0.0355731225296443,0.991376077990251,170,0.00894501446987635,19005
LEGACY,lagged_cost_rule,0.76,0.0529411764705882,0.0267857142857143,0.0355731225296443,0.991376077990251,170,0.00894501446987635,19005
LEGACY,lagged_cost_rule,0.77,0.0529411764705882,0.0267857142857143,0.0355731225296443,0.991376077990251,170,0.00894501446987635,19005
LEGACY,lagged_cost_rule,0.78,0.0529411764705882,0.0267857142857143,0.0355731225296443,0.991376077990251,170,0.00894501446987635,19005
LEGACY,lagged_cost_rule,0.79,0.0529411764705882,0.0267857142857143,0.0355731225296443,0.991376077990251,170,0.00894501446987635,19005
LEGACY,lagged_cost_rule,0.8,0.0529411764705882,0.0267857142857143,0.0355731225296443,0.991376077990251,170,0.00894501446987635,19005
LEGACY,lagged_cost_rule,0.81,0.0529411764705882,0.0267857142857143,0.0355731225296443,0.991376077990251,170,0.00894501446987635,19005
LEGACY,lagged_cost_rule,0.82,0.0529411764705882,0.0267857142857143,0.0355731225296443,0.991376077990251,170,0.00894501446987635,19005
LEGACY,lagged_cost_rule,0.83,0.0529411764705882,0.0267857142857143,0.0355731225296443,0.991376077990251,170,0.00894501446987635,19005
LEGACY,lagged_cost_rule,0.84,0.0529411764705882,0.0267857142857143,0.0355731225296443,0.991376077990251,170,0.00894501446987635,19005
LEGACY,lagged_cost_rule,0.85,0.0529411764705882,0.0267857142857143,0.0355731225296443,0.991376077990251,170,0.00894501446987635,19005
LEGACY,lagged_cost_rule,0.86,0.0529411764705882,0.0267857142857143,0.0355731225296443,0.991376077990251,170,0.00894501446987635,19005
LEGACY,lagged_cost_rule,0.87,0.0529411764705882,0.0267857142857143,0.0355731225296443,0.991376077990251,170,0.00894501446987635,19005
LEGACY,lagged_cost_rule,0.88,0.0529411764705882,0.0267857142857143,0.0355731225296443,0.991376077990251,170,0.00894501446987635,19005
LEGACY,lagged_cost_rule,0.89,0.0529411764705882,0.0267857142857143,0.0355731225296443,0.991376077990251,170,0.00894501446987635,19005
LEGACY,lagged_cost_rule,0.9,0.0529411764705882,0.0267857142857143,0.0355731225296443,0.991376077990251,170,0.00894501446987635,19005
LEGACY,lagged_cost_rule,0.91,0.0529411764705882,0.0267857142857143,0.0355731225296443,0.991376077990251,170,0.00894501446987635,19005
LEGACY,lagged_cost_rule,0.92,0.0529411764705882,0.0267857142857143,0.0355731225296443,0.991376077990251,170,0.00894501446987635,19005
LEGACY,lagged_cost_rule,0.93,0.0529411764705882,0.0267857142857143,0.0355731225296443,0.991376077990251,170,0.00894501446987635,19005
LEGACY,lagged_cost_rule,0.94,0.0529411764705882,0.0267857142857143,0.0355731225296443,0.991376077990251,170,0.00894501446987635,19005
LEGACY,lagged_cost_rule,0.95,0.0529411764705882,0.0267857142857143,0.0355731225296443,0.991376077990251,170,0.00894501446987635,19005
LEGACY,lagged_cost_rule,0.96,0.0529411764705882,0.0267857142857143,0.0355731225296443,0.991376077990251,170,0.00894501446987635,19005
LEGACY,lagged_cost_rule,0.97,0.0529411764705882,0.0267857142857143,0.0355731225296443,0.991376077990251,170,0.00894501446987635,19005
LEGACY,lagged_cost_rule,0.98,0.0529411764705882,0.0267857142857143,0.0355731225296443,0.991376077990251,170,0.00894501446987635,19005
LEGACY,lagged_cost_rule,0.99,0.0529411764705882,0.0267857142857143,0.0355731225296443,0.991376077990251,170,0.00894501446987635,19005
LEGACY,lagged_cost_rule,1,0.0529411764705882,0.0267857142857143,0.0355731225296443,0.991376077990251,170,0.00894501446987635,19005
LEGACY,logistic_unweighted,0.01,0.0184529081783289,0.744047619047619,0.0360126764621147,0.287696180834539,13548,0.712865035516969,19005
LEGACY,logistic_unweighted,0.02,0.0207530052166024,0.544642857142857,0.039982521302163,0.537468530719374,8818,0.463983162325704,19005
LEGACY,logistic_unweighted,0.03,0.0221895664952241,0.449404761904762,0.0422909956588713,0.64358026675237,6805,0.358063667455933,19005
LEGACY,logistic_unweighted,0.04,0.0231279620853081,0.363095238095238,0.043486009623953,0.723980930955059,5275,0.277558537227045,19005
LEGACY,logistic_unweighted,0.05,0.0231568998109641,0.291666666666667,0.042907180385289,0.778563393861482,4232,0.222678242567745,19005
LEGACY,logistic_unweighted,0.06,0.0231493943472409,0.255952380952381,0.0424586521846458,0.805613584016284,3715,0.195474875032886,19005
LEGACY,logistic_unweighted,0.07,0.0219194312796209,0.220238095238095,0.0398706896551724,0.82312925170068,3376,0.177637463825309,19005
LEGACY,logistic_unweighted,0.08,0.0221308883970914,0.208333333333333,0.0400114318376679,0.83432428089346,3163,0.166429886871876,19005
LEGACY,logistic_unweighted,0.09,0.0223501523874026,0.196428571428571,0.040133779264214,0.8453586158873,2953,0.15538016311497,19005
LEGACY,logistic_unweighted,0.1,0.0212765957446809,0.178571428571429,0.0380228136882129,0.852161336975735,2820,0.148382004735596,19005
LEGACY,logistic_unweighted,0.11,0.0209020902090209,0.169642857142857,0.0372184133202742,0.856982162943918,2727,0.143488555643252,19005
LEGACY,logistic_unweighted,0.12,0.021105141980046,0.163690476190476,0.0373895309313392,0.863356366168515,2606,0.137121810049987,19005
LEGACY,logistic_unweighted,0.13,0.0208,0.154761904761905,0.0366713681241185,0.868873533665435,2500,0.131544330439358,19005
LEGACY,logistic_unweighted,0.14,0.0199335548172757,0.142857142857143,0.0349854227405248,0.873587230167658,2408,0.12670349907919,19005
LEGACY,logistic_unweighted,0.15,0.0184391080617496,0.12797619047619,0.0322338830584708,0.877390326209224,2332,0.122704551433833,19005
LEGACY,logistic_unweighted,0.16,0.0188927943760984,0.12797619047619,0.0329249617151608,0.880389951256093,2276,0.119757958431992,19005
LEGACY,logistic_unweighted,0.17,0.017961383026493,0.119047619047619,0.0312134217713617,0.882853928973164,2227,0.11717968955538,19005
LEGACY,logistic_unweighted,0.18,0.0182066454255803,0.119047619047619,0.0315831030398737,0.884460870962558,2197,0.115601157590108,19005
LEGACY,logistic_unweighted,0.19,0.017097966728281,0.110119047619048,0.0296,0.886067812951952,2164,0.113864772428308,19005
LEGACY,logistic_unweighted,0.2,0.0168539325842697,0.107142857142857,0.029126213592233,0.887514060742407,2136,0.112391475927388,19005
LEGACY,logistic_unweighted,0.21,0.017175572519084,0.107142857142857,0.0296052631578947,0.889656650061599,2096,0.110286766640358,19005
LEGACY,logistic_unweighted,0.22,0.0174081237911025,0.107142857142857,0.0299500831946755,0.891156462585034,2068,0.108813470139437,19005
LEGACY,logistic_unweighted,0.23,0.0177777777777778,0.107142857142857,0.0304955527318933,0.893459746103166,2025,0.10655090765588,19005
LEGACY,logistic_unweighted,0.24,0.0181818181818182,0.107142857142857,0.0310880829015544,0.895870159087257,1980,0.104183109707972,19005
LEGACY,logistic_unweighted,0.25,0.0180972078593588,0.104166666666667,0.0308370044052863,0.898280572071348,1934,0.101762694027887,19005
LEGACY,logistic_unweighted,0.26,0.0186965811965812,0.104166666666667,0.0317028985507246,0.901601585516096,1872,0.0985003946329913,19005
LEGACY,logistic_unweighted,0.27,0.0181818181818182,0.0982142857142857,0.0306834030683403,0.904547645829986,1815,0.095501183898974,19005
LEGACY,logistic_unweighted,0.28,0.0170068027210884,0.0892857142857143,0.0285714285714286,0.907118753013016,1764,0.0928176795580111,19005
LEGACY,logistic_unweighted,0.29,0.0168311085316309,0.0863095238095238,0.028169014084507,0.909261342332208,1723,0.0906603525388056,19005
LEGACY,logistic_unweighted,0.3,0.0155688622754491,0.0773809523809524,0.0259222333000997,0.911939578981199,1670,0.0878716127334912,19005
LEGACY,logistic_unweighted,0.31,0.015990159901599,0.0773809523809524,0.0265035677879715,0.91429642723231,1626,0.0855564325177585,19005
LEGACY,logistic_unweighted,0.32,0.016602809706258,0.0773809523809524,0.0273396424815983,0.917510311211099,1566,0.0823993685872139,19005
LEGACY,logistic_unweighted,0.33,0.0175084175084175,0.0773809523809524,0.028555738605162,0.921849054582463,1485,0.0781373322809787,19005
LEGACY,logistic_unweighted,0.34,0.018413597733711,0.0773809523809524,0.0297482837528604,0.925759280089989,1412,0.0742962378321494,19005
LEGACY,logistic_unweighted,0.35,0.018491124260355,0.0744047619047619,0.0296208530805687,0.928919599335797,1352,0.0711391739016048,19005
LEGACY,logistic_unweighted,0.36,0.0187353629976581,0.0714285714285714,0.0296846011131725,0.932669130644384,1281,0.0674033149171271,19005
LEGACY,logistic_unweighted,0.37,0.0166666666666667,0.0595238095238095,0.0260416666666667,0.936793615083829,1200,0.0631412786108919,19005
LEGACY,logistic_unweighted,0.38,0.0170250896057348,0.056547619047619,0.0261707988980716,0.941239487921153,1116,0.0587213891081294,19005
LEGACY,logistic_unweighted,0.39,0.0153846153846154,0.0476190476190476,0.0232558139534884,0.945149713428679,1040,0.054722441462773,19005
LEGACY,logistic_unweighted,0.4,0.0144329896907217,0.0416666666666667,0.0214395099540582,0.948792115271305,970,0.0510392002104709,19005
LEGACY,logistic_unweighted,0.41,0.0141921397379913,0.0386904761904762,0.0207667731629393,0.951631046119235,916,0.0481978426729808,19005
LEGACY,logistic_unweighted,0.42,0.0151869158878505,0.0386904761904762,0.0218120805369128,0.954844930098024,856,0.0450407787424362,19005
LEGACY,logistic_unweighted,0.43,0.0163522012578616,0.0386904761904762,0.0229885057471264,0.958112378809792,795,0.0418310970797159,19005
LEGACY,logistic_unweighted,0.44,0.0164609053497942,0.0357142857142857,0.0225352112676056,0.961594086453479,729,0.0383583267561168,19005
LEGACY,logistic_unweighted,0.45,0.016566265060241,0.0327380952380952,0.022,0.965022229364187,664,0.0349381741646935,19005
LEGACY,logistic_unweighted,0.46,0.015025041736227,0.0267857142857143,0.0192513368983957,0.968396807541914,599,0.0315180215732702,19005
LEGACY,logistic_unweighted,0.47,0.0146252285191956,0.0238095238095238,0.0181200453001132,0.971128608923885,547,0.0287818995001315,19005
LEGACY,logistic_unweighted,0.48,0.0138888888888889,0.0208333333333333,0.0166666666666667,0.973378327709036,504,0.0265193370165746,19005
LEGACY,logistic_unweighted,0.49,0.0150537634408602,0.0208333333333333,0.017478152309613,0.975467352295249,465,0.0244672454617206,19005
LEGACY,logistic_unweighted,0.5,0.0165094339622642,0.0208333333333333,0.0184210526315789,0.977663506347421,424,0.0223099184425151,19005
LEGACY,logistic_unweighted,0.51,0.0173267326732673,0.0208333333333333,0.0189189189189189,0.978734801007017,404,0.0212575637990003,19005
LEGACY,logistic_unweighted,0.52,0.0189189189189189,0.0208333333333333,0.0198300283286119,0.98055600192833,370,0.019468560905025,19005
LEGACY,logistic_unweighted,0.53,0.0204678362573099,0.0208333333333333,0.0206489675516224,0.982055814451765,342,0.0179952644041042,19005
LEGACY,logistic_unweighted,0.54,0.0194805194805195,0.0178571428571429,0.0186335403726708,0.983823450640099,308,0.0162062615101289,19005
LEGACY,logistic_unweighted,0.55,0.0183150183150183,0.0148809523809524,0.0164203612479475,0.985644651561412,273,0.0143646408839779,19005
LEGACY,logistic_unweighted,0.56,0.012448132780083,0.00892857142857143,0.0103986135181976,0.987251593550806,241,0.0126808734543541,19005
LEGACY,logistic_unweighted,0.57,0.0137614678899083,0.00892857142857143,0.0108303249097473,0.988483582409342,218,0.011470665614312,19005
LEGACY,logistic_unweighted,0.58,0.0161290322580645,0.00892857142857143,0.0114942528735632,0.990197653864695,186,0.00978689818468824,19005
LEGACY,logistic_unweighted,0.59,0.0188679245283019,0.00892857142857143,0.0121212121212121,0.99164390165515,159,0.00836621941594317,19005
LEGACY,logistic_unweighted,0.6,0.0214285714285714,0.00892857142857143,0.0126050420168067,0.992661631581767,140,0.00736648250460405,19005
LEGACY,logistic_unweighted,0.61,0.025,0.00892857142857143,0.0131578947368421,0.993732926241363,120,0.00631412786108919,19005
LEGACY,logistic_unweighted,0.62,0.02,0.00595238095238095,0.00917431192660551,0.994750656167979,100,0.00526177321757432,19005
LEGACY,logistic_unweighted,0.63,0.021978021978022,0.00595238095238095,0.00936768149882904,0.995232738764797,91,0.00478821362799263,19005
LEGACY,logistic_unweighted,0.64,0.0240963855421687,0.00595238095238095,0.00954653937947494,0.995661256628636,83,0.00436727177058669,19005
LEGACY,logistic_unweighted,0.65,0.028169014084507,0.00595238095238095,0.00982800982800983,0.996304033424393,71,0.00373585898447777,19005
LEGACY,logistic_unweighted,0.66,0.0303030303030303,0.00595238095238095,0.00995024875621891,0.996571857089292,66,0.00347277032359905,19005
LEGACY,logistic_unweighted,0.67,0.0333333333333333,0.00595238095238095,0.0101010101010101,0.996893245487171,60,0.00315706393054459,19005
LEGACY,logistic_unweighted,0.68,0.0377358490566038,0.00595238095238095,0.0102827763496144,0.99726819861803,53,0.00278873980531439,19005
LEGACY,logistic_unweighted,0.69,0.0416666666666667,0.00595238095238095,0.0104166666666667,0.997536022282929,48,0.00252565114443567,19005
LEGACY,logistic_unweighted,0.7,0.0454545454545455,0.00595238095238095,0.0105263157894737,0.997750281214848,44,0.0023151802157327,19005
LEGACY,logistic_unweighted,0.71,0.0256410256410256,0.00297619047619048,0.00533333333333333,0.997964540146767,39,0.00205209155485399,19005
LEGACY,logistic_unweighted,0.72,0.0277777777777778,0.00297619047619048,0.00537634408602151,0.998125234345707,36,0.00189423835832676,19005
LEGACY,logistic_unweighted,0.73,0.03125,0.00297619047619048,0.00543478260869565,0.998339493277626,32,0.00168376742962378,19005
LEGACY,logistic_unweighted,0.74,0.037037037037037,0.00297619047619048,0.00550964187327824,0.998607316942525,27,0.00142067876874507,19005
LEGACY,logistic_unweighted,0.75,0.0416666666666667,0.00297619047619048,0.00555555555555556,0.998768011141464,24,0.00126282557221784,19005
LEGACY,logistic_unweighted,0.76,0.0476190476190476,0.00297619047619048,0.00560224089635854,0.998928705340404,21,0.00110497237569061,19005
LEGACY,logistic_unweighted,0.77,0.0555555555555556,0.00297619047619048,0.00564971751412429,0.999089399539343,18,0.000947119179163378,19005
LEGACY,logistic_unweighted,0.78,0.0666666666666667,0.00297619047619048,0.0056980056980057,0.999250093738283,15,0.000789265982636148,19005
LEGACY,logistic_unweighted,0.79,0.0909090909090909,0.00297619047619048,0.00576368876080692,0.999464352670202,11,0.000578795053933176,19005
LEGACY,logistic_unweighted,0.8,0.1,0.00297619047619048,0.00578034682080925,0.999517917403182,10,0.000526177321757432,19005
LEGACY,logistic_unweighted,0.81,0.1,0.00297619047619048,0.00578034682080925,0.999517917403182,10,0.000526177321757432,19005
LEGACY,logistic_unweighted,0.82,0.1,0.00297619047619048,0.00578034682080925,0.999517917403182,10,0.000526177321757432,19005
LEGACY,logistic_unweighted,0.83,0.111111111111111,0.00297619047619048,0.00579710144927536,0.999571482136162,9,0.000473559589581689,19005
LEGACY,logistic_unweighted,0.84,0.142857142857143,0.00297619047619048,0.00583090379008746,0.999678611602121,7,0.000368324125230203,19005
LEGACY,logistic_unweighted,0.85,0,0,,0.999785741068081,4,0.000210470928702973,19005
LEGACY,logistic_unweighted,0.86,0,0,,0.999785741068081,4,0.000210470928702973,19005
LEGACY,logistic_unweighted,0.87,0,0,,0.999785741068081,4,0.000210470928702973,19005
LEGACY,logistic_unweighted,0.88,0,0,,0.999785741068081,4,0.000210470928702973,19005
LEGACY,logistic_unweighted,0.89,0,0,,0.999785741068081,4,0.000210470928702973,19005
LEGACY,logistic_unweighted,0.9,0,0,,0.999785741068081,4,0.000210470928702973,19005
LEGACY,logistic_unweighted,0.91,0,0,,0.999839305801061,3,0.00015785319652723,19005
LEGACY,logistic_unweighted,0.92,0,0,,0.99994643526702,1,5.26177321757432e-05,19005
LEGACY,logistic_unweighted,0.93,0,0,,0.99994643526702,1,5.26177321757432e-05,19005
LEGACY,logistic_unweighted,0.94,,0,0,1,0,0,19005
LEGACY,logistic_unweighted,0.95,,0,0,1,0,0,19005
LEGACY,logistic_unweighted,0.96,,0,0,1,0,0,19005
LEGACY,logistic_unweighted,0.97,,0,0,1,0,0,19005
LEGACY,logistic_unweighted,0.98,,0,0,1,0,0,19005
LEGACY,logistic_unweighted,0.99,,0,0,1,0,0,19005
LEGACY,logistic_unweighted,1,,0,0,1,0,0,19005
LEGACY,logistic_balanced,0.01,0.0178324284041307,0.99702380952381,0.0350381759230206,0.0116771117895977,18786,0.988476716653512,19005
LEGACY,logistic_balanced,0.02,0.0179643958660246,0.988095238095238,0.0352872402614657,0.0278536611494992,18481,0.972428308339911,19005
LEGACY,logistic_balanced,0.03,0.0179551943773336,0.973214285714286,0.0352598662928618,0.041994750656168,18212,0.958274138384636,19005
LEGACY,logistic_balanced,0.04,0.017905102954342,0.952380952380952,0.0351493848857645,0.0598318067384434,17872,0.940384109444883,19005
LEGACY,logistic_balanced,0.05,0.017723400606026,0.922619047619048,0.0347787064564986,0.0797043226739515,17491,0.920336753485925,19005
LEGACY,logistic_balanced,0.06,0.0178938105016134,0.907738095238095,0.0350957942580979,0.103326369918046,17045,0.896869244935543,19005
LEGACY,logistic_balanced,0.07,0.0182400193271728,0.898809523809524,0.0357544545077843,0.129305265413252,16557,0.871191791633781,19005
LEGACY,logistic_balanced,0.08,0.0185829707893101,0.889880952380952,0.0364056982832095,0.154159301515882,16090,0.846619310707708,19005
LEGACY,logistic_balanced,0.09,0.0187823420430588,0.875,0.0367752830070674,0.177299266163158,15653,0.823625361746909,19005
LEGACY,logistic_balanced,0.1,0.018661602933473,0.848214285714286,0.0365197334700154,0.197225346831646,15272,0.803578005787951,19005
LEGACY,logistic_balanced,0.11,0.0188958375361442,0.836309523809524,0.036956664693891,0.218490545824629,14871,0.782478295185478,19005
LEGACY,logistic_balanced,0.12,0.0188303209401416,0.81547619047619,0.0368106401558407,0.235256307247308,14551,0.76564062088924,19005
LEGACY,logistic_balanced,0.13,0.0183988764044944,0.779761904761905,0.0359495060373216,0.25127216240827,14240,0.749276506182584,19005
LEGACY,logistic_balanced,0.14,0.0181831197651944,0.755952380952381,0.035512058720727,0.265359687181959,13969,0.735017100762957,19005
LEGACY,logistic_balanced,0.15,0.018265172463979,0.74702380952381,0.0356584742150874,0.277358187369436,13742,0.723072875559063,19005
LEGACY,logistic_balanced,0.16,0.0182949411154729,0.735119047619048,0.0357013803570138,0.29005302908565,13501,0.710392002104709,19005
LEGACY,logistic_balanced,0.17,0.0183887256010249,0.726190476190476,0.0358691657478868,0.302319352938026,13269,0.698184688239937,19005
LEGACY,logistic_balanced,0.18,0.0186025059574141,0.720238095238095,0.0362682652678906,0.316139054046816,13009,0.684504077874244,19005
LEGACY,logistic_balanced,0.19,0.0188087774294671,0.714285714285714,0.0366524129505192,0.329369543092828,12760,0.671402262562484,19005
LEGACY,logistic_balanced,0.2,0.0188815105208417,0.702380952380952,0.0367744448772887,0.343135679468638,12499,0.657669034464615,19005
LEGACY,logistic_balanced,0.21,0.0191250102601986,0.693452380952381,0.0372234204009905,0.359901440891317,12183,0.64104183109708,19005
LEGACY,logistic_balanced,0.22,0.0193510224776069,0.681547619047619,0.0376335250616269,0.37838127376935,11834,0.622678242567745,19005
LEGACY,logistic_balanced,0.23,0.019465782122905,0.663690476190476,0.0378222523744912,0.398307354437838,11456,0.602788739805314,19005
LEGACY,logistic_balanced,0.24,0.0196573489630298,0.648809523809524,0.0381585856817784,0.417644223043548,11090,0.583530649828992,19005
LEGACY,logistic_balanced,0.25,0.0201103732111121,0.639880952380952,0.0389951936156706,0.438855857303551,10691,0.562536174690871,19005
LEGACY,logistic_balanced,0.26,0.0203923091862498,0.625,0.039495956366372,0.459638973699716,10298,0.541857405945804,19005
LEGACY,logistic_balanced,0.27,0.0201056051990252,0.589285714285714,0.0388845247446976,0.483100326744871,9848,0.518179426466719,19005
LEGACY,logistic_balanced,0.28,0.0209329508022527,0.586309523809524,0.0404226941623064,0.506454550324067,9411,0.49518547750592,19005
LEGACY,logistic_balanced,0.29,0.0213333333333333,0.571428571428571,0.0411311053984576,0.528201831913868,9000,0.473559589581689,19005
LEGACY,logistic_balanced,0.3,0.0219139759878774,0.55952380952381,0.0421761076836792,0.550538325566447,8579,0.451407524335701,19005
LEGACY,logistic_balanced,0.31,0.0222790357925493,0.544642857142857,0.0428070175438596,0.569821629439177,8214,0.432202052091555,19005
LEGACY,logistic_balanced,0.32,0.0227796263117481,0.529761904761905,0.043680981595092,0.590979698966201,7814,0.411154959221258,19005
LEGACY,logistic_balanced,0.33,0.0228956228956229,0.505952380952381,0.0438087875273805,0.611387862231507,7425,0.390686661404893,19005
LEGACY,logistic_balanced,0.34,0.0231409623253845,0.488095238095238,0.0441869863936414,0.629171353580802,7087,0.372901867929492,19005
LEGACY,logistic_balanced,0.35,0.0236826524570752,0.476190476190476,0.0451212633953751,0.646687021265199,6756,0.355485398579321,19005
LEGACY,logistic_balanced,0.36,0.0239614127897931,0.458333333333333,0.0455419192665977,0.663988430017676,6427,0.338174164693502,19005
LEGACY,logistic_balanced,0.37,0.0243664717348928,0.446428571428571,0.0462107208872458,0.678290213723285,6156,0.323914759273875,19005
LEGACY,logistic_balanced,0.38,0.0241921840636102,0.425595238095238,0.0457819753481671,0.691038620172478,5911,0.311023414890818,19005
LEGACY,logistic_balanced,0.39,0.0246565692145122,0.416666666666667,0.0465580312603924,0.703358508757834,5678,0.29876348329387,19005
LEGACY,logistic_balanced,0.4,0.0250777960827384,0.407738095238095,0.047249525780307,0.714714232149553,5463,0.287450670876085,19005
LEGACY,logistic_balanced,0.41,0.0251465305350728,0.395833333333333,0.0472888888888889,0.72382023675612,5289,0.278295185477506,19005
LEGACY,logistic_balanced,0.42,0.02545525748972,0.386904761904762,0.0477677751240125,0.733408323959505,5107,0.268718758221521,19005
LEGACY,logistic_balanced,0.43,0.0255474452554745,0.375,0.0478359908883827,0.742567893299052,4932,0.259510655090766,19005
LEGACY,logistic_balanced,0.44,0.0249685270667226,0.354166666666667,0.0466483731869855,0.751084685842841,4766,0.250776111549592,19005
LEGACY,logistic_balanced,0.45,0.0248272884283247,0.342261904761905,0.0462962962962963,0.758048101130216,4632,0.243725335438043,19005
LEGACY,logistic_balanced,0.46,0.02493321460374,0.333333333333333,0.0463960231980116,0.765386469548449,4492,0.236358852933439,19005
LEGACY,logistic_balanced,0.47,0.0245581822354831,0.318452380952381,0.0455998295333475,0.772349884835824,4357,0.229255459089713,19005
LEGACY,logistic_balanced,0.48,0.0247116968698517,0.3125,0.0458015267175572,0.778027746531683,4249,0.223572744014733,19005
LEGACY,logistic_balanced,0.49,0.0240442414041837,0.297619047619048,0.0444938820912125,0.782580748834967,4159,0.218837148118916,19005
LEGACY,logistic_balanced,0.5,0.0239387956564659,0.288690476190476,0.0442114858705561,0.788151481064867,4052,0.213207050776112,19005
LEGACY,logistic_balanced,0.51,0.0235502658900988,0.276785714285714,0.0434072345390898,0.793454389629868,3949,0.20778742436201,19005
LEGACY,logistic_balanced,0.52,0.0237164451394318,0.270833333333333,0.043613707165109,0.799346510257646,3837,0.201894238358327,19005
LEGACY,logistic_balanced,0.53,0.0234354194407457,0.261904761904762,0.0430212661940846,0.803578124163051,3755,0.197579584319916,19005
LEGACY,logistic_balanced,0.54,0.0238417772961257,0.261904761904762,0.0437049913086665,0.807006267073759,3691,0.194212049460668,19005
LEGACY,logistic_balanced,0.55,0.024153248195447,0.258928571428571,0.0441848654139157,0.811719963575982,3602,0.189529071297027,19005
LEGACY,logistic_balanced,0.56,0.0246249646193037,0.258928571428571,0.0449728612044456,0.815415930151588,3533,0.185898447776901,19005
LEGACY,logistic_balanced,0.57,0.0244956772334294,0.25297619047619,0.0446663163426169,0.818683378863356,3470,0.182583530649829,19005
LEGACY,logistic_balanced,0.58,0.0246406570841889,0.25,0.0448598130841122,0.821897262842145,3409,0.179373848987109,19005
LEGACY,logistic_balanced,0.59,0.0246437054631829,0.24702380952381,0.0448164146868251,0.824039852161337,3368,0.177216521967903,19005
LEGACY,logistic_balanced,0.6,0.0248259158340902,0.244047619047619,0.0450673261885133,0.827467995072045,3303,0.17379636937648,19005
LEGACY,logistic_balanced,0.61,0.0249614791987673,0.241071428571429,0.0452387601228707,0.830521184851894,3245,0.170744540910287,19005
LEGACY,logistic_balanced,0.62,0.0250548073911682,0.238095238095238,0.0453386228393313,0.833252986233864,3193,0.168008418837148,19005
LEGACY,logistic_balanced,0.63,0.0253485424588086,0.238095238095238,0.0458190148911798,0.835234881354116,3156,0.166061562746646,19005
LEGACY,logistic_balanced,0.64,0.0250965250965251,0.232142857142857,0.0452961672473868,0.837698859071188,3108,0.16353591160221,19005
LEGACY,logistic_balanced,0.65,0.0247799152266058,0.226190476190476,0.0446664707610932,0.8397878836574,3067,0.161378584583004,19005
LEGACY,logistic_balanced,0.66,0.0248262164846077,0.223214285714286,0.0446827524575514,0.842198296641491,3021,0.15895816890292,19005
LEGACY,logistic_balanced,0.67,0.0241935483870968,0.214285714285714,0.0434782608695652,0.844448015426643,2976,0.156590370955012,19005
LEGACY,logistic_balanced,0.68,0.0246998284734134,0.214285714285714,0.0442940633651184,0.847715464138411,2915,0.153380689292292,19005
LEGACY,logistic_balanced,0.69,0.0245012250612531,0.208333333333333,0.0438459129345443,0.85071508918528,2857,0.150328860826098,19005
LEGACY,logistic_balanced,0.7,0.0242597217267214,0.202380952380952,0.0433258999681427,0.85350045530023,2803,0.147487503288608,19005
LEGACY,logistic_balanced,0.71,0.0228095582910934,0.1875,0.0406714009038089,0.855428785687503,2762,0.145330176269403,19005
LEGACY,logistic_balanced,0.72,0.0220264317180617,0.178571428571429,0.0392156862745098,0.857303551341797,2724,0.143330702446725,19005
LEGACY,logistic_balanced,0.73,0.0209895052473763,0.166666666666667,0.0372836218375499,0.860088917456746,2668,0.140384109444883,19005
LEGACY,logistic_balanced,0.74,0.0213903743315508,0.166666666666667,0.037914691943128,0.862767154105737,2618,0.137753222836096,19005
LEGACY,logistic_balanced,0.75,0.0206950409996095,0.157738095238095,0.0365895754228512,0.865659649686646,2561,0.134754012102078,19005
LEGACY,logistic_balanced,0.76,0.0207088809239347,0.154761904761905,0.0365296803652968,0.868284321602657,2511,0.132123125493291,19005
LEGACY,logistic_balanced,0.77,0.020714865962632,0.151785714285714,0.0364546104360257,0.870855428785688,2462,0.12954485661668,19005
LEGACY,logistic_balanced,0.78,0.0211092715231788,0.151785714285714,0.0370639534883721,0.873319406502759,2416,0.127124440936596,19005
LEGACY,logistic_balanced,0.79,0.0215189873417722,0.151785714285714,0.0376940133037694,0.87578338421983,2370,0.124704025256511,19005
LEGACY,logistic_balanced,0.8,0.021021021021021,0.145833333333333,0.036745406824147,0.877765279340083,2331,0.122651933701657,19005
LEGACY,logistic_balanced,0.81,0.0210711150131694,0.142857142857143,0.03672532517215,0.880550645455032,2278,0.119863193896343,19005
LEGACY,logistic_balanced,0.82,0.0213539300318037,0.139880952380952,0.0370516357903035,0.884621565161498,2201,0.115811628518811,19005
LEGACY,logistic_balanced,0.83,0.0215154349859682,0.136904761904762,0.0371867421180275,0.887942578606246,2138,0.112496711391739,19005
LEGACY,logistic_balanced,0.84,0.0210268948655257,0.12797619047619,0.0361192776144477,0.892763404574428,2045,0.107603262299395,19005
LEGACY,logistic_balanced,0.85,0.0199590583418628,0.116071428571429,0.034061135371179,0.897423536343671,1954,0.102815048671402,19005
LEGACY,logistic_balanced,0.86,0.0195652173913043,0.107142857142857,0.0330882352941176,0.90336922170443,1840,0.0968166272033675,19005
LEGACY,logistic_balanced,0.87,0.0185722576900754,0.0952380952380952,0.0310830500242836,0.909422036531148,1723,0.0906603525388056,19005
LEGACY,logistic_balanced,0.88,0.0156641604010025,0.0744047619047619,0.025879917184265,0.915849804488725,1596,0.0839779005524862,19005
LEGACY,logistic_balanced,0.89,0.0164271047227926,0.0714285714285714,0.0267111853088481,0.923027478708019,1461,0.0768745067087609,19005
LEGACY,logistic_balanced,0.9,0.0167555217060168,0.0654761904761905,0.0266828380836871,0.93084792972307,1313,0.0690870823467509,19005
LEGACY,logistic_balanced,0.91,0.0166229221347332,0.056547619047619,0.0256930358350237,0.939793240130698,1143,0.0601420678768745,19005
LEGACY,logistic_balanced,0.92,0.0165289256198347,0.0476190476190476,0.0245398773006135,0.949006374203225,968,0.0509339647461194,19005
LEGACY,logistic_balanced,0.93,0.0166453265044814,0.0386904761904762,0.0232766338406446,0.958862285071509,781,0.0410944488292555,19005
LEGACY,logistic_balanced,0.94,0.0165837479270315,0.0297619047619048,0.0212992545260916,0.968236113342975,603,0.0317284925019732,19005
LEGACY,logistic_balanced,0.95,0.0212264150943396,0.0267857142857143,0.0236842105263158,0.97777063581338,424,0.0223099184425151,19005
LEGACY,logistic_balanced,0.96,0.037037037037037,0.0267857142857143,0.0310880829015544,0.987465852482725,243,0.0127861089187056,19005
LEGACY,logistic_balanced,0.97,0.032,0.0119047619047619,0.017353579175705,0.993518667309443,125,0.0065772165219679,19005
LEGACY,logistic_balanced,0.98,0.0357142857142857,0.00892857142857143,0.0142857142857143,0.995661256628636,84,0.00441988950276243,19005
LEGACY,logistic_balanced,0.99,0.0465116279069767,0.00595238095238095,0.0105540897097625,0.997803845947828,43,0.00226256248355696,19005
LEGACY,logistic_balanced,1,,0,0,1,0,0,19005
LEGACY,catboost_unweighted,0.01,0.0228271353552674,0.633928571428571,0.0440674459501397,0.511596764690128,9331,0.49097605893186,19005
LEGACY,catboost_unweighted,0.02,0.0252725470763132,0.303571428571429,0.0466605672461116,0.789276340457443,4036,0.2123651670613,19005
LEGACY,catboost_unweighted,0.03,0.032051282051282,0.223214285714286,0.0560538116591928,0.878675879800739,2340,0.123125493291239,19005
LEGACY,catboost_unweighted,0.04,0.0375891121192482,0.172619047619048,0.0617349654071315,0.920456371524988,1543,0.0811891607471718,19005
LEGACY,catboost_unweighted,0.05,0.040394973070018,0.133928571428571,0.0620689655172414,0.942739300444587,1114,0.058616153643778,19005
LEGACY,catboost_unweighted,0.06,0.0429732868757259,0.110119047619048,0.0618212197159566,0.95586266002464,861,0.0453038674033149,19005
LEGACY,catboost_unweighted,0.07,0.0479651162790698,0.0982142857142857,0.064453125,0.964915099898227,688,0.0362009997369113,19005
LEGACY,catboost_unweighted,0.08,0.0542907180385289,0.0922619047619048,0.0683572216097023,0.971075044190905,571,0.0300447250723494,19005
LEGACY,catboost_unweighted,0.09,0.0515463917525773,0.0744047619047619,0.0609013398294763,0.975360222829289,485,0.0255196001052355,19005
LEGACY,catboost_unweighted,0.1,0.0523809523809524,0.0654761904761905,0.0582010582010582,0.978681236274037,420,0.0220994475138122,19005
LEGACY,catboost_unweighted,0.11,0.0544959128065395,0.0595238095238095,0.0568990042674253,0.981413037656007,367,0.0193107077084978,19005
LEGACY,catboost_unweighted,0.12,0.0519877675840979,0.0505952380952381,0.0512820512820513,0.98339493277626,327,0.017205998421468,19005
LEGACY,catboost_unweighted,0.13,0.0555555555555556,0.0476190476190476,0.0512820512820513,0.985430392629493,288,0.015153906866614,19005
LEGACY,catboost_unweighted,0.14,0.0383141762452107,0.0297619047619048,0.033500837520938,0.986555252022069,261,0.013733228097869,19005
LEGACY,catboost_unweighted,0.15,0.0444444444444444,0.0297619047619048,0.035650623885918,0.988483582409342,225,0.0118389897395422,19005
LEGACY,catboost_unweighted,0.16,0.0452261306532663,0.0267857142857143,0.0336448598130841,0.989822700733837,199,0.0104709287029729,19005
LEGACY,catboost_unweighted,0.17,0.0411764705882353,0.0208333333333333,0.0276679841897233,0.991268948524292,170,0.00894501446987635,19005
LEGACY,catboost_unweighted,0.18,0.0448717948717949,0.0208333333333333,0.0284552845528455,0.992018854786009,156,0.00820836621941594,19005
LEGACY,catboost_unweighted,0.19,0.0486111111111111,0.0208333333333333,0.0291666666666667,0.992661631581767,144,0.00757695343330702,19005
LEGACY,catboost_unweighted,0.2,0.047244094488189,0.0178571428571429,0.0259179265658747,0.993518667309443,127,0.00668245198631939,19005
LEGACY,catboost_unweighted,0.21,0.0512820512820513,0.0178571428571429,0.0264900662251656,0.994054314639242,117,0.00615627466456196,19005
LEGACY,catboost_unweighted,0.22,0.0545454545454545,0.0178571428571429,0.0269058295964126,0.9944292677701,110,0.00578795053933175,19005
LEGACY,catboost_unweighted,0.23,0.055045871559633,0.0178571428571429,0.0269662921348315,0.99448283250308,109,0.00573533280715601,19005
LEGACY,catboost_unweighted,0.24,0.058252427184466,0.0178571428571429,0.0273348519362187,0.994804220900959,103,0.00541962641410155,19005
LEGACY,catboost_unweighted,0.25,0.0490196078431373,0.0148809523809524,0.0228310502283105,0.994804220900959,102,0.00536700868192581,19005
LEGACY,catboost_unweighted,0.26,0.0510204081632653,0.0148809523809524,0.0230414746543779,0.995018479832878,98,0.00515653775322284,19005
LEGACY,catboost_unweighted,0.27,0.0549450549450549,0.0148809523809524,0.0234192037470726,0.995393432963737,91,0.00478821362799263,19005
LEGACY,catboost_unweighted,0.28,0.0574712643678161,0.0148809523809524,0.0236406619385343,0.995607691895656,87,0.00457774269928966,19005
LEGACY,catboost_unweighted,0.29,0.0617283950617284,0.0148809523809524,0.0239808153477218,0.995929080293535,81,0.0042620363062352,19005
LEGACY,catboost_unweighted,0.3,0.0666666666666667,0.0148809523809524,0.024330900243309,0.996250468691414,75,0.00394632991318074,19005
LEGACY,catboost_unweighted,0.31,0.0684931506849315,0.0148809523809524,0.0244498777506112,0.996357598157373,73,0.00384109444882926,19005
LEGACY,catboost_unweighted,0.32,0.072463768115942,0.0148809523809524,0.0246913580246914,0.996571857089292,69,0.00363062352012628,19005
LEGACY,catboost_unweighted,0.33,0.0625,0.0119047619047619,0.02,0.996786116021212,64,0.00336753485924757,19005
LEGACY,catboost_unweighted,0.34,0.0545454545454545,0.00892857142857143,0.0153452685421995,0.99721463388505,55,0.00289397526966588,19005
LEGACY,catboost_unweighted,0.35,0.06,0.00892857142857143,0.0155440414507772,0.997482457549949,50,0.00263088660878716,19005
LEGACY,catboost_unweighted,0.36,0.0476190476190476,0.00595238095238095,0.0105820105820106,0.997857410680808,42,0.00220994475138122,19005
LEGACY,catboost_unweighted,0.37,0.0512820512820513,0.00595238095238095,0.0106666666666667,0.998018104879747,39,0.00205209155485399,19005
LEGACY,catboost_unweighted,0.38,0.0540540540540541,0.00595238095238095,0.0107238605898123,0.998125234345707,37,0.0019468560905025,19005
LEGACY,catboost_unweighted,0.39,0.0606060606060606,0.00595238095238095,0.010840108401084,0.998339493277626,33,0.00173638516179953,19005
LEGACY,catboost_unweighted,0.4,0.0625,0.00595238095238095,0.0108695652173913,0.998393058010606,32,0.00168376742962378,19005
LEGACY,catboost_unweighted,0.41,0.0689655172413793,0.00595238095238095,0.010958904109589,0.998553752209545,29,0.00152591423309655,19005
LEGACY,catboost_unweighted,0.42,0.037037037037037,0.00297619047619048,0.00550964187327824,0.998607316942525,27,0.00142067876874507,19005
LEGACY,catboost_unweighted,0.43,0.037037037037037,0.00297619047619048,0.00550964187327824,0.998607316942525,27,0.00142067876874507,19005
LEGACY,catboost_unweighted,0.44,0.0384615384615385,0.00297619047619048,0.00552486187845304,0.998660881675505,26,0.00136806103656932,19005
LEGACY,catboost_unweighted,0.45,0.0416666666666667,0.00297619047619048,0.00555555555555556,0.998768011141464,24,0.00126282557221784,19005
LEGACY,catboost_unweighted,0.46,0.0416666666666667,0.00297619047619048,0.00555555555555556,0.998768011141464,24,0.00126282557221784,19005
LEGACY,catboost_unweighted,0.47,0.0434782608695652,0.00297619047619048,0.00557103064066852,0.998821575874444,23,0.00121020784004209,19005
LEGACY,catboost_unweighted,0.48,0.0476190476190476,0.00297619047619048,0.00560224089635854,0.998928705340404,21,0.00110497237569061,19005
LEGACY,catboost_unweighted,0.49,0.05,0.00297619047619048,0.00561797752808989,0.998982270073384,20,0.00105235464351486,19005
LEGACY,catboost_unweighted,0.5,0.05,0.00297619047619048,0.00561797752808989,0.998982270073384,20,0.00105235464351486,19005
LEGACY,catboost_unweighted,0.51,0.05,0.00297619047619048,0.00561797752808989,0.998982270073384,20,0.00105235464351486,19005
LEGACY,catboost_unweighted,0.52,0.0526315789473684,0.00297619047619048,0.00563380281690141,0.999035834806363,19,0.000999736911339121,19005
LEGACY,catboost_unweighted,0.53,0.0526315789473684,0.00297619047619048,0.00563380281690141,0.999035834806363,19,0.000999736911339121,19005
LEGACY,catboost_unweighted,0.54,0.0526315789473684,0.00297619047619048,0.00563380281690141,0.999035834806363,19,0.000999736911339121,19005
LEGACY,catboost_unweighted,0.55,0.0526315789473684,0.00297619047619048,0.00563380281690141,0.999035834806363,19,0.000999736911339121,19005
LEGACY,catboost_unweighted,0.56,0.0555555555555556,0.00297619047619048,0.00564971751412429,0.999089399539343,18,0.000947119179163378,19005
LEGACY,catboost_unweighted,0.57,0.0588235294117647,0.00297619047619048,0.0056657223796034,0.999142964272323,17,0.000894501446987635,19005
LEGACY,catboost_unweighted,0.58,0.0588235294117647,0.00297619047619048,0.0056657223796034,0.999142964272323,17,0.000894501446987635,19005
LEGACY,catboost_unweighted,0.59,0.0625,0.00297619047619048,0.00568181818181818,0.999196529005303,16,0.000841883714811892,19005
LEGACY,catboost_unweighted,0.6,0.0666666666666667,0.00297619047619048,0.0056980056980057,0.999250093738283,15,0.000789265982636148,19005
LEGACY,catboost_unweighted,0.61,0.0769230769230769,0.00297619047619048,0.00573065902578797,0.999357223204242,13,0.000684030518284662,19005
LEGACY,catboost_unweighted,0.62,0,0,,0.999410787937222,11,0.000578795053933176,19005
LEGACY,catboost_unweighted,0.63,0,0,,0.999464352670202,10,0.000526177321757432,19005
LEGACY,catboost_unweighted,0.64,0,0,,0.999464352670202,10,0.000526177321757432,19005
LEGACY,catboost_unweighted,0.65,0,0,,0.999517917403182,9,0.000473559589581689,19005
LEGACY,catboost_unweighted,0.66,0,0,,0.999571482136162,8,0.000420941857405946,19005
LEGACY,catboost_unweighted,0.67,0,0,,0.999625046869141,7,0.000368324125230203,19005
LEGACY,catboost_unweighted,0.68,0,0,,0.999625046869141,7,0.000368324125230203,19005
LEGACY,catboost_unweighted,0.69,0,0,,0.999678611602121,6,0.000315706393054459,19005
LEGACY,catboost_unweighted,0.7,0,0,,0.999732176335101,5,0.000263088660878716,19005
LEGACY,catboost_unweighted,0.71,0,0,,0.999732176335101,5,0.000263088660878716,19005
LEGACY,catboost_unweighted,0.72,0,0,,0.999732176335101,5,0.000263088660878716,19005
LEGACY,catboost_unweighted,0.73,0,0,,0.999732176335101,5,0.000263088660878716,19005
LEGACY,catboost_unweighted,0.74,0,0,,0.999732176335101,5,0.000263088660878716,19005
LEGACY,catboost_unweighted,0.75,0,0,,0.999732176335101,5,0.000263088660878716,19005
LEGACY,catboost_unweighted,0.76,0,0,,0.999732176335101,5,0.000263088660878716,19005
LEGACY,catboost_unweighted,0.77,0,0,,0.999839305801061,3,0.00015785319652723,19005
LEGACY,catboost_unweighted,0.78,0,0,,0.999839305801061,3,0.00015785319652723,19005
LEGACY,catboost_unweighted,0.79,0,0,,0.999839305801061,3,0.00015785319652723,19005
LEGACY,catboost_unweighted,0.8,0,0,,0.99989287053404,2,0.000105235464351486,19005
LEGACY,catboost_unweighted,0.81,0,0,,0.99989287053404,2,0.000105235464351486,19005
LEGACY,catboost_unweighted,0.82,0,0,,0.99994643526702,1,5.26177321757432e-05,19005
LEGACY,catboost_unweighted,0.83,0,0,,0.99994643526702,1,5.26177321757432e-05,19005
LEGACY,catboost_unweighted,0.84,,0,0,1,0,0,19005
LEGACY,catboost_unweighted,0.85,,0,0,1,0,0,19005
LEGACY,catboost_unweighted,0.86,,0,0,1,0,0,19005
LEGACY,catboost_unweighted,0.87,,0,0,1,0,0,19005
LEGACY,catboost_unweighted,0.88,,0,0,1,0,0,19005
LEGACY,catboost_unweighted,0.89,,0,0,1,0,0,19005
LEGACY,catboost_unweighted,0.9,,0,0,1,0,0,19005
LEGACY,catboost_unweighted,0.91,,0,0,1,0,0,19005
LEGACY,catboost_unweighted,0.92,,0,0,1,0,0,19005
LEGACY,catboost_unweighted,0.93,,0,0,1,0,0,19005
LEGACY,catboost_unweighted,0.94,,0,0,1,0,0,19005
LEGACY,catboost_unweighted,0.95,,0,0,1,0,0,19005
LEGACY,catboost_unweighted,0.96,,0,0,1,0,0,19005
LEGACY,catboost_unweighted,0.97,,0,0,1,0,0,19005
LEGACY,catboost_unweighted,0.98,,0,0,1,0,0,19005
LEGACY,catboost_unweighted,0.99,,0,0,1,0,0,19005
LEGACY,catboost_unweighted,1,,0,0,1,0,0,19005
LEGACY,catboost_balanced,0.01,0.0177398160315375,0.883928571428571,0.0347815903501581,0.119127966147089,16742,0.880926072086293,19005
LEGACY,catboost_balanced,0.02,0.0180835585117439,0.776785714285714,0.0353443022547227,0.240880604210188,14433,0.759431728492502,19005
LEGACY,catboost_balanced,0.03,0.0187080268628078,0.696428571428571,0.0364372469635628,0.34254646740586,12508,0.658142594054196,19005
LEGACY,catboost_balanced,0.04,0.0197290662787526,0.645833333333333,0.0382884869872078,0.422465049011731,10999,0.578742436201,19005
LEGACY,catboost_balanced,0.05,0.0193192272309108,0.5625,0.0373554699080937,0.48609995179174,9783,0.514759273875296,19005
LEGACY,catboost_balanced,0.06,0.0202318708797454,0.529761904761905,0.0389752572804905,0.538272001714071,8798,0.462930807682189,19005
LEGACY,catboost_balanced,0.07,0.0211933896808376,0.5,0.0406631973859373,0.584391236809685,7927,0.417100762957117,19005
LEGACY,catboost_balanced,0.08,0.0222160122956546,0.473214285714286,0.0424396103029494,0.625153998607317,7157,0.376585109181794,19005
LEGACY,catboost_balanced,0.09,0.0225656877897991,0.43452380952381,0.0429033205994711,0.661256628635706,6470,0.340436727177059,19005
LEGACY,catboost_balanced,0.1,0.0230313293818798,0.404761904761905,0.0435827591732094,0.690985055439499,5905,0.310707708497764,19005
LEGACY,catboost_balanced,0.11,0.0237918215613383,0.380952380952381,0.0447865640307908,0.718678022390058,5380,0.283083399105499,19005
LEGACY,catboost_balanced,0.12,0.0236734693877551,0.345238095238095,0.0443086325439267,0.743746317424608,4900,0.257826887661142,19005
LEGACY,catboost_balanced,0.13,0.0234061524743647,0.3125,0.0435503940273745,0.765332904815469,4486,0.236043146540384,19005
LEGACY,catboost_balanced,0.14,0.0242905242905243,0.300595238095238,0.0449488206497552,0.782687878300927,4158,0.21878453038674,19005
LEGACY,catboost_balanced,0.15,0.0244029075804777,0.279761904761905,0.0448901623686724,0.798703733461889,3852,0.202683504340963,19005
LEGACY,catboost_balanced,0.16,0.0253129346314325,0.270833333333333,0.0462986517425591,0.812309175638759,3595,0.189160747171797,19005
LEGACY,catboost_balanced,0.17,0.0256410256410256,0.25297619047619,0.0465625855929882,0.826985912475226,3315,0.174427782162589,19005
LEGACY,catboost_balanced,0.18,0.0262731106065521,0.241071428571429,0.0473822755191576,0.839198671594622,3083,0.162220468297816,19005
LEGACY,catboost_balanced,0.19,0.0267546907574705,0.229166666666667,0.0479153702551338,0.849965182923563,2878,0.151433833201789,19005
LEGACY,catboost_balanced,0.2,0.0279850746268657,0.223214285714286,0.0497347480106101,0.860463870587605,2680,0.141015522230992,19005
LEGACY,catboost_balanced,0.21,0.0276,0.205357142857143,0.0486600846262341,0.869784134126091,2500,0.131544330439358,19005
LEGACY,catboost_balanced,0.22,0.0280135823429542,0.196428571428571,0.0490341753343239,0.877336761476244,2356,0.123967377006051,19005
LEGACY,catboost_balanced,0.23,0.0280162675101672,0.18452380952381,0.0486465280502158,0.884782259360437,2213,0.11644304130492,19005
LEGACY,catboost_balanced,0.24,0.0282026768642447,0.175595238095238,0.0485996705107084,0.891102897852054,2092,0.110076295711655,19005
LEGACY,catboost_balanced,0.25,0.0297379032258065,0.175595238095238,0.0508620689655173,0.896887889013873,1984,0.104393580636675,19005
LEGACY,catboost_balanced,0.26,0.0304,0.169642857142857,0.0515603799185889,0.902619315442713,1875,0.0986582478295185,19005
LEGACY,catboost_balanced,0.27,0.0306122448979592,0.160714285714286,0.0514285714285714,0.908404306604532,1764,0.0928176795580111,19005
LEGACY,catboost_balanced,0.28,0.0313630880579011,0.154761904761905,0.0521564694082247,0.913975038834431,1658,0.0872401999473823,19005
LEGACY,catboost_balanced,0.29,0.0330999363462763,0.154761904761905,0.0545359202936549,0.918635170603675,1571,0.0826624572480926,19005
LEGACY,catboost_balanced,0.3,0.0331081081081081,0.145833333333333,0.0539647577092511,0.923348867105897,1480,0.0778742436201,19005
LEGACY,catboost_balanced,0.31,0.0349251603706344,0.145833333333333,0.0563542265669925,0.927473351545342,1403,0.0738226782425677,19005
LEGACY,catboost_balanced,0.32,0.0364464692482916,0.142857142857143,0.0580762250453721,0.932026353848626,1317,0.0692975532754538,19005
LEGACY,catboost_balanced,0.33,0.0362903225806452,0.133928571428571,0.0571065989847716,0.935990144089132,1240,0.0652459878979216,19005
LEGACY,catboost_balanced,0.34,0.0366581415174766,0.12797619047619,0.0569913850231942,0.939471851732819,1173,0.0617205998421468,19005
LEGACY,catboost_balanced,0.35,0.037037037037037,0.12202380952381,0.0568260568260568,0.942899994643527,1107,0.0582478295185477,19005
LEGACY,catboost_balanced,0.36,0.0394230769230769,0.12202380952381,0.059593023255814,0.946488831753174,1040,0.054722441462773,19005
LEGACY,catboost_balanced,0.37,0.0407747196738022,0.119047619047619,0.0607441154138193,0.949595586266002,981,0.0516179952644041,19005
LEGACY,catboost_balanced,0.38,0.0414012738853503,0.116071428571429,0.0610328638497653,0.951631046119235,942,0.0495659037095501,19005
LEGACY,catboost_balanced,0.39,0.0416197975253093,0.110119047619048,0.0604081632653061,0.954362847501205,889,0.0467771639042357,19005
LEGACY,catboost_balanced,0.4,0.0422039859320047,0.107142857142857,0.0605550883095038,0.956237613155498,853,0.044882925545909,19005
LEGACY,catboost_balanced,0.41,0.0435865504358655,0.104166666666667,0.0614574187884109,0.958862285071509,803,0.0422520389371218,19005
LEGACY,catboost_balanced,0.42,0.0461741424802111,0.104166666666667,0.0639853747714808,0.9612726980556,758,0.0398842409892134,19005
LEGACY,catboost_balanced,0.43,0.0441988950276243,0.0952380952380952,0.060377358490566,0.962933204777974,724,0.0380952380952381,19005
LEGACY,catboost_balanced,0.44,0.0466472303206997,0.0952380952380952,0.0626223091976517,0.964968664631207,686,0.0360957642725599,19005
LEGACY,catboost_balanced,0.45,0.0446841294298921,0.0863095238095238,0.0588832487309645,0.96678986555252,649,0.0341489081820574,19005
LEGACY,catboost_balanced,0.46,0.046474358974359,0.0863095238095238,0.0604166666666667,0.968128983877015,624,0.0328334648776638,19005
LEGACY,catboost_balanced,0.47,0.0472175379426644,0.0833333333333333,0.0602798708288482,0.96973592586641,593,0.0312023151802157,19005
LEGACY,catboost_balanced,0.48,0.0485611510791367,0.0803571428571429,0.0605381165919283,0.971664256253683,556,0.0292554590897132,19005
LEGACY,catboost_balanced,0.49,0.05,0.0773809523809524,0.0607476635514019,0.973539021907976,520,0.0273612207313865,19005
LEGACY,catboost_balanced,0.5,0.0522088353413655,0.0773809523809524,0.0623501199040767,0.974717446033531,498,0.0262036306235201,19005
LEGACY,catboost_balanced,0.51,0.0504201680672269,0.0714285714285714,0.0591133004926108,0.975788740693128,476,0.0250460405156538,19005
LEGACY,catboost_balanced,0.52,0.0539325842696629,0.0714285714285714,0.0614596670934699,0.977449247415502,445,0.0234148908182057,19005
LEGACY,catboost_balanced,0.53,0.0560747663551402,0.0714285714285714,0.06282722513089,0.978359847876158,428,0.0225203893712181,19005
LEGACY,catboost_balanced,0.54,0.0572139303482587,0.068452380952381,0.0623306233062331,0.979698966200653,402,0.0211523283346488,19005
LEGACY,catboost_balanced,0.55,0.0546875,0.0625,0.0583333333333333,0.98055600192833,384,0.0202052091554854,19005
LEGACY,catboost_balanced,0.56,0.0578512396694215,0.0625,0.0600858369098712,0.981680861320906,363,0.0191002367797948,19005
LEGACY,catboost_balanced,0.57,0.0584795321637427,0.0595238095238095,0.0589970501474926,0.982752155980502,342,0.0179952644041042,19005
LEGACY,catboost_balanced,0.58,0.058641975308642,0.056547619047619,0.0575757575757576,0.983662756441159,324,0.0170481452249408,19005
LEGACY,catboost_balanced,0.59,0.0580645161290323,0.0535714285714286,0.0557275541795666,0.984359097969897,310,0.0163114969744804,19005
LEGACY,catboost_balanced,0.6,0.0610169491525424,0.0535714285714286,0.0570522979397781,0.985162568964594,295,0.0155222309918443,19005
LEGACY,catboost_balanced,0.61,0.0640569395017794,0.0535714285714286,0.0583468395461912,0.985912475226311,281,0.0147855827413838,19005
LEGACY,catboost_balanced,0.62,0.0676691729323308,0.0535714285714286,0.0598006644518272,0.986715946221008,266,0.0139963167587477,19005
LEGACY,catboost_balanced,0.63,0.0677290836653386,0.0505952380952381,0.0579216354344123,0.987465852482725,251,0.0132070507761115,19005
LEGACY,catboost_balanced,0.64,0.0641025641025641,0.0446428571428571,0.0526315789473684,0.988269323477422,234,0.0123125493291239,19005
LEGACY,catboost_balanced,0.65,0.0630630630630631,0.0416666666666667,0.0501792114695341,0.9888585355402,222,0.011681136543015,19005
LEGACY,catboost_balanced,0.66,0.0648148148148148,0.0416666666666667,0.0507246376811594,0.989179923938079,216,0.0113654301499605,19005
LEGACY,catboost_balanced,0.67,0.0686274509803922,0.0416666666666667,0.0518518518518519,0.989822700733837,204,0.0107340173638516,19005
LEGACY,catboost_balanced,0.68,0.0677083333333333,0.0386904761904762,0.0492424242424242,0.990411912796615,192,0.0101026045777427,19005
LEGACY,catboost_balanced,0.69,0.0702702702702703,0.0386904761904762,0.0499040307101727,0.990786865927473,185,0.0097342804525125,19005
LEGACY,catboost_balanced,0.7,0.0697674418604651,0.0357142857142857,0.047244094488189,0.991429642723231,172,0.00905024993422784,19005
LEGACY,catboost_balanced,0.71,0.0691823899371069,0.0327380952380952,0.0444444444444444,0.992072419518989,159,0.00836621941594317,19005
LEGACY,catboost_balanced,0.72,0.0666666666666667,0.0297619047619048,0.0411522633744856,0.992500937382827,150,0.00789265982636148,19005
LEGACY,catboost_balanced,0.73,0.0588235294117647,0.0238095238095238,0.0338983050847458,0.993143714178585,136,0.00715601157590108,19005
LEGACY,catboost_balanced,0.74,0.0569105691056911,0.0208333333333333,0.0305010893246187,0.993786490974342,123,0.00647198105761642,19005
LEGACY,catboost_balanced,0.75,0.0630630630630631,0.0208333333333333,0.0313199105145414,0.9944292677701,111,0.0058405682715075,19005
LEGACY,catboost_balanced,0.76,0.0594059405940594,0.0178571428571429,0.0274599542334096,0.994911350366918,101,0.00531439094975007,19005
LEGACY,catboost_balanced,0.77,0.0666666666666667,0.0178571428571429,0.028169014084507,0.995500562429696,90,0.00473559589581689,19005
LEGACY,catboost_balanced,0.78,0.0609756097560976,0.0148809523809524,0.0239234449760766,0.995875515560555,82,0.00431465403841094,19005
LEGACY,catboost_balanced,0.79,0.0657894736842105,0.0148809523809524,0.0242718446601942,0.996196903958434,76,0.00399894764535649,19005
LEGACY,catboost_balanced,0.8,0.072463768115942,0.0148809523809524,0.0246913580246914,0.996571857089292,69,0.00363062352012628,19005
LEGACY,catboost_balanced,0.81,0.0666666666666667,0.0119047619047619,0.0202020202020202,0.997000374953131,60,0.00315706393054459,19005
LEGACY,catboost_balanced,0.82,0.0566037735849057,0.00892857142857143,0.0154241645244216,0.99732176335101,53,0.00278873980531439,19005
LEGACY,catboost_balanced,0.83,0.0652173913043478,0.00892857142857143,0.0157068062827225,0.997696716481868,46,0.00242041568008419,19005
LEGACY,catboost_balanced,0.84,0.0769230769230769,0.00892857142857143,0.016,0.998071669612727,39,0.00205209155485399,19005
LEGACY,catboost_balanced,0.85,0.0625,0.00595238095238095,0.0108695652173913,0.998393058010606,32,0.00168376742962378,19005
LEGACY,catboost_balanced,0.86,0.0769230769230769,0.00595238095238095,0.0110497237569061,0.998714446408485,26,0.00136806103656932,19005
LEGACY,catboost_balanced,0.87,0.0869565217391304,0.00595238095238095,0.011142061281337,0.998875140607424,23,0.00121020784004209,19005
LEGACY,catboost_balanced,0.88,0.105263157894737,0.00595238095238095,0.0112676056338028,0.999089399539343,19,0.000999736911339121,19005
LEGACY,catboost_balanced,0.89,0.125,0.00595238095238095,0.0113636363636364,0.999250093738283,16,0.000841883714811892,19005
LEGACY,catboost_balanced,0.9,0.153846153846154,0.00595238095238095,0.0114613180515759,0.999410787937222,13,0.000684030518284662,19005
LEGACY,catboost_balanced,0.91,0,0,,0.999571482136162,8,0.000420941857405946,19005
LEGACY,catboost_balanced,0.92,0,0,,0.999785741068081,4,0.000210470928702973,19005
LEGACY,catboost_balanced,0.93,0,0,,0.999785741068081,4,0.000210470928702973,19005
LEGACY,catboost_balanced,0.94,0,0,,0.99994643526702,1,5.26177321757432e-05,19005
LEGACY,catboost_balanced,0.95,,0,0,1,0,0,19005
LEGACY,catboost_balanced,0.96,,0,0,1,0,0,19005
LEGACY,catboost_balanced,0.97,,0,0,1,0,0,19005
LEGACY,catboost_balanced,0.98,,0,0,1,0,0,19005
LEGACY,catboost_balanced,0.99,,0,0,1,0,0,19005
LEGACY,catboost_balanced,1,,0,0,1,0,0,19005
MODERN,prevalence,0.01,0.0173102529960053,1,0.0340314136125654,0,8261,1,8261
MODERN,prevalence,0.02,0.0173102529960053,1,0.0340314136125654,0,8261,1,8261
MODERN,prevalence,0.03,0.00783990096967196,0.265734265734266,0.0152304609218437,0.407612712490761,4847,0.586732841060404,8261
MODERN,prevalence,0.04,,0,0,1,0,0,8261
MODERN,prevalence,0.05,,0,0,1,0,0,8261
MODERN,prevalence,0.06,,0,0,1,0,0,8261
MODERN,prevalence,0.07,,0,0,1,0,0,8261
MODERN,prevalence,0.08,,0,0,1,0,0,8261
MODERN,prevalence,0.09,,0,0,1,0,0,8261
MODERN,prevalence,0.1,,0,0,1,0,0,8261
MODERN,prevalence,0.11,,0,0,1,0,0,8261
MODERN,prevalence,0.12,,0,0,1,0,0,8261
MODERN,prevalence,0.13,,0,0,1,0,0,8261
MODERN,prevalence,0.14,,0,0,1,0,0,8261
MODERN,prevalence,0.15,,0,0,1,0,0,8261
MODERN,prevalence,0.16,,0,0,1,0,0,8261
MODERN,prevalence,0.17,,0,0,1,0,0,8261
MODERN,prevalence,0.18,,0,0,1,0,0,8261
MODERN,prevalence,0.19,,0,0,1,0,0,8261
MODERN,prevalence,0.2,,0,0,1,0,0,8261
MODERN,prevalence,0.21,,0,0,1,0,0,8261
MODERN,prevalence,0.22,,0,0,1,0,0,8261
MODERN,prevalence,0.23,,0,0,1,0,0,8261
MODERN,prevalence,0.24,,0,0,1,0,0,8261
MODERN,prevalence,0.25,,0,0,1,0,0,8261
MODERN,prevalence,0.26,,0,0,1,0,0,8261
MODERN,prevalence,0.27,,0,0,1,0,0,8261
MODERN,prevalence,0.28,,0,0,1,0,0,8261
MODERN,prevalence,0.29,,0,0,1,0,0,8261
MODERN,prevalence,0.3,,0,0,1,0,0,8261
MODERN,prevalence,0.31,,0,0,1,0,0,8261
MODERN,prevalence,0.32,,0,0,1,0,0,8261
MODERN,prevalence,0.33,,0,0,1,0,0,8261
MODERN,prevalence,0.34,,0,0,1,0,0,8261
MODERN,prevalence,0.35,,0,0,1,0,0,8261
MODERN,prevalence,0.36,,0,0,1,0,0,8261
MODERN,prevalence,0.37,,0,0,1,0,0,8261
MODERN,prevalence,0.38,,0,0,1,0,0,8261
MODERN,prevalence,0.39,,0,0,1,0,0,8261
MODERN,prevalence,0.4,,0,0,1,0,0,8261
MODERN,prevalence,0.41,,0,0,1,0,0,8261
MODERN,prevalence,0.42,,0,0,1,0,0,8261
MODERN,prevalence,0.43,,0,0,1,0,0,8261
MODERN,prevalence,0.44,,0,0,1,0,0,8261
MODERN,prevalence,0.45,,0,0,1,0,0,8261
MODERN,prevalence,0.46,,0,0,1,0,0,8261
MODERN,prevalence,0.47,,0,0,1,0,0,8261
MODERN,prevalence,0.48,,0,0,1,0,0,8261
MODERN,prevalence,0.49,,0,0,1,0,0,8261
MODERN,prevalence,0.5,,0,0,1,0,0,8261
MODERN,prevalence,0.51,,0,0,1,0,0,8261
MODERN,prevalence,0.52,,0,0,1,0,0,8261
MODERN,prevalence,0.53,,0,0,1,0,0,8261
MODERN,prevalence,0.54,,0,0,1,0,0,8261
MODERN,prevalence,0.55,,0,0,1,0,0,8261
MODERN,prevalence,0.56,,0,0,1,0,0,8261
MODERN,prevalence,0.57,,0,0,1,0,0,8261
MODERN,prevalence,0.58,,0,0,1,0,0,8261
MODERN,prevalence,0.59,,0,0,1,0,0,8261
MODERN,prevalence,0.6,,0,0,1,0,0,8261
MODERN,prevalence,0.61,,0,0,1,0,0,8261
MODERN,prevalence,0.62,,0,0,1,0,0,8261
MODERN,prevalence,0.63,,0,0,1,0,0,8261
MODERN,prevalence,0.64,,0,0,1,0,0,8261
MODERN,prevalence,0.65,,0,0,1,0,0,8261
MODERN,prevalence,0.66,,0,0,1,0,0,8261
MODERN,prevalence,0.67,,0,0,1,0,0,8261
MODERN,prevalence,0.68,,0,0,1,0,0,8261
MODERN,prevalence,0.69,,0,0,1,0,0,8261
MODERN,prevalence,0.7,,0,0,1,0,0,8261
MODERN,prevalence,0.71,,0,0,1,0,0,8261
MODERN,prevalence,0.72,,0,0,1,0,0,8261
MODERN,prevalence,0.73,,0,0,1,0,0,8261
MODERN,prevalence,0.74,,0,0,1,0,0,8261
MODERN,prevalence,0.75,,0,0,1,0,0,8261
MODERN,prevalence,0.76,,0,0,1,0,0,8261
MODERN,prevalence,0.77,,0,0,1,0,0,8261
MODERN,prevalence,0.78,,0,0,1,0,0,8261
MODERN,prevalence,0.79,,0,0,1,0,0,8261
MODERN,prevalence,0.8,,0,0,1,0,0,8261
MODERN,prevalence,0.81,,0,0,1,0,0,8261
MODERN,prevalence,0.82,,0,0,1,0,0,8261
MODERN,prevalence,0.83,,0,0,1,0,0,8261
MODERN,prevalence,0.84,,0,0,1,0,0,8261
MODERN,prevalence,0.85,,0,0,1,0,0,8261
MODERN,prevalence,0.86,,0,0,1,0,0,8261
MODERN,prevalence,0.87,,0,0,1,0,0,8261
MODERN,prevalence,0.88,,0,0,1,0,0,8261
MODERN,prevalence,0.89,,0,0,1,0,0,8261
MODERN,prevalence,0.9,,0,0,1,0,0,8261
MODERN,prevalence,0.91,,0,0,1,0,0,8261
MODERN,prevalence,0.92,,0,0,1,0,0,8261
MODERN,prevalence,0.93,,0,0,1,0,0,8261
MODERN,prevalence,0.94,,0,0,1,0,0,8261
MODERN,prevalence,0.95,,0,0,1,0,0,8261
MODERN,prevalence,0.96,,0,0,1,0,0,8261
MODERN,prevalence,0.97,,0,0,1,0,0,8261
MODERN,prevalence,0.98,,0,0,1,0,0,8261
MODERN,prevalence,0.99,,0,0,1,0,0,8261
MODERN,prevalence,1,,0,0,1,0,0,8261
MODERN,lagged_cost_rule,0.01,0,0,,0.955777285045578,359,0.043457208570391,8261
MODERN,lagged_cost_rule,0.02,0,0,,0.955777285045578,359,0.043457208570391,8261
MODERN,lagged_cost_rule,0.03,0,0,,0.955777285045578,359,0.043457208570391,8261
MODERN,lagged_cost_rule,0.04,0,0,,0.955777285045578,359,0.043457208570391,8261
MODERN,lagged_cost_rule,0.05,0,0,,0.955777285045578,359,0.043457208570391,8261
MODERN,lagged_cost_rule,0.06,0,0,,0.955777285045578,359,0.043457208570391,8261
MODERN,lagged_cost_rule,0.07,0,0,,0.955777285045578,359,0.043457208570391,8261
MODERN,lagged_cost_rule,0.08,0,0,,0.955777285045578,359,0.043457208570391,8261
MODERN,lagged_cost_rule,0.09,0,0,,0.955777285045578,359,0.043457208570391,8261
MODERN,lagged_cost_rule,0.1,0,0,,0.955777285045578,359,0.043457208570391,8261
MODERN,lagged_cost_rule,0.11,0,0,,0.955777285045578,359,0.043457208570391,8261
MODERN,lagged_cost_rule,0.12,0,0,,0.955777285045578,359,0.043457208570391,8261
MODERN,lagged_cost_rule,0.13,0,0,,0.955777285045578,359,0.043457208570391,8261
MODERN,lagged_cost_rule,0.14,0,0,,0.955777285045578,359,0.043457208570391,8261
MODERN,lagged_cost_rule,0.15,0,0,,0.955777285045578,359,0.043457208570391,8261
MODERN,lagged_cost_rule,0.16,0,0,,0.955777285045578,359,0.043457208570391,8261
MODERN,lagged_cost_rule,0.17,0,0,,0.955777285045578,359,0.043457208570391,8261
MODERN,lagged_cost_rule,0.18,0,0,,0.955777285045578,359,0.043457208570391,8261
MODERN,lagged_cost_rule,0.19,0,0,,0.955777285045578,359,0.043457208570391,8261
MODERN,lagged_cost_rule,0.2,0,0,,0.955777285045578,359,0.043457208570391,8261
MODERN,lagged_cost_rule,0.21,0,0,,0.955777285045578,359,0.043457208570391,8261
MODERN,lagged_cost_rule,0.22,0,0,,0.955777285045578,359,0.043457208570391,8261
MODERN,lagged_cost_rule,0.23,0,0,,0.955777285045578,359,0.043457208570391,8261
MODERN,lagged_cost_rule,0.24,0,0,,0.955777285045578,359,0.043457208570391,8261
MODERN,lagged_cost_rule,0.25,0,0,,0.955777285045578,359,0.043457208570391,8261
MODERN,lagged_cost_rule,0.26,0,0,,0.955777285045578,359,0.043457208570391,8261
MODERN,lagged_cost_rule,0.27,0,0,,0.955777285045578,359,0.043457208570391,8261
MODERN,lagged_cost_rule,0.28,0,0,,0.955777285045578,359,0.043457208570391,8261
MODERN,lagged_cost_rule,0.29,0,0,,0.955777285045578,359,0.043457208570391,8261
MODERN,lagged_cost_rule,0.3,0,0,,0.955777285045578,359,0.043457208570391,8261
MODERN,lagged_cost_rule,0.31,0,0,,0.955777285045578,359,0.043457208570391,8261
MODERN,lagged_cost_rule,0.32,0,0,,0.955777285045578,359,0.043457208570391,8261
MODERN,lagged_cost_rule,0.33,0,0,,0.955777285045578,359,0.043457208570391,8261
MODERN,lagged_cost_rule,0.34,0,0,,0.955777285045578,359,0.043457208570391,8261
MODERN,lagged_cost_rule,0.35,0,0,,0.955777285045578,359,0.043457208570391,8261
MODERN,lagged_cost_rule,0.36,0,0,,0.955777285045578,359,0.043457208570391,8261
MODERN,lagged_cost_rule,0.37,0,0,,0.955777285045578,359,0.043457208570391,8261
MODERN,lagged_cost_rule,0.38,0,0,,0.955777285045578,359,0.043457208570391,8261
MODERN,lagged_cost_rule,0.39,0,0,,0.955777285045578,359,0.043457208570391,8261
MODERN,lagged_cost_rule,0.4,0,0,,0.955777285045578,359,0.043457208570391,8261
MODERN,lagged_cost_rule,0.41,0,0,,0.955777285045578,359,0.043457208570391,8261
MODERN,lagged_cost_rule,0.42,0,0,,0.955777285045578,359,0.043457208570391,8261
MODERN,lagged_cost_rule,0.43,0,0,,0.955777285045578,359,0.043457208570391,8261
MODERN,lagged_cost_rule,0.44,0,0,,0.955777285045578,359,0.043457208570391,8261
MODERN,lagged_cost_rule,0.45,0,0,,0.955777285045578,359,0.043457208570391,8261
MODERN,lagged_cost_rule,0.46,0,0,,0.955777285045578,359,0.043457208570391,8261
MODERN,lagged_cost_rule,0.47,0,0,,0.955777285045578,359,0.043457208570391,8261
MODERN,lagged_cost_rule,0.48,0,0,,0.955777285045578,359,0.043457208570391,8261
MODERN,lagged_cost_rule,0.49,0,0,,0.955777285045578,359,0.043457208570391,8261
MODERN,lagged_cost_rule,0.5,0,0,,0.955777285045578,359,0.043457208570391,8261
MODERN,lagged_cost_rule,0.51,0,0,,0.955777285045578,359,0.043457208570391,8261
MODERN,lagged_cost_rule,0.52,0,0,,0.955777285045578,359,0.043457208570391,8261
MODERN,lagged_cost_rule,0.53,0,0,,0.955777285045578,359,0.043457208570391,8261
MODERN,lagged_cost_rule,0.54,0,0,,0.955777285045578,359,0.043457208570391,8261
MODERN,lagged_cost_rule,0.55,0,0,,0.955777285045578,359,0.043457208570391,8261
MODERN,lagged_cost_rule,0.56,0,0,,0.955777285045578,359,0.043457208570391,8261
MODERN,lagged_cost_rule,0.57,0,0,,0.955777285045578,359,0.043457208570391,8261
MODERN,lagged_cost_rule,0.58,0,0,,0.955777285045578,359,0.043457208570391,8261
MODERN,lagged_cost_rule,0.59,0,0,,0.955777285045578,359,0.043457208570391,8261
MODERN,lagged_cost_rule,0.6,0,0,,0.955777285045578,359,0.043457208570391,8261
MODERN,lagged_cost_rule,0.61,0,0,,0.955777285045578,359,0.043457208570391,8261
MODERN,lagged_cost_rule,0.62,0,0,,0.955777285045578,359,0.043457208570391,8261
MODERN,lagged_cost_rule,0.63,0,0,,0.955777285045578,359,0.043457208570391,8261
MODERN,lagged_cost_rule,0.64,0,0,,0.955777285045578,359,0.043457208570391,8261
MODERN,lagged_cost_rule,0.65,0,0,,0.955777285045578,359,0.043457208570391,8261
MODERN,lagged_cost_rule,0.66,0,0,,0.955777285045578,359,0.043457208570391,8261
MODERN,lagged_cost_rule,0.67,0,0,,0.955777285045578,359,0.043457208570391,8261
MODERN,lagged_cost_rule,0.68,0,0,,0.955777285045578,359,0.043457208570391,8261
MODERN,lagged_cost_rule,0.69,0,0,,0.955777285045578,359,0.043457208570391,8261
MODERN,lagged_cost_rule,0.7,0,0,,0.955777285045578,359,0.043457208570391,8261
MODERN,lagged_cost_rule,0.71,0,0,,0.955777285045578,359,0.043457208570391,8261
MODERN,lagged_cost_rule,0.72,0,0,,0.955777285045578,359,0.043457208570391,8261
MODERN,lagged_cost_rule,0.73,0,0,,0.955777285045578,359,0.043457208570391,8261
MODERN,lagged_cost_rule,0.74,0,0,,0.955777285045578,359,0.043457208570391,8261
MODERN,lagged_cost_rule,0.75,0,0,,0.955777285045578,359,0.043457208570391,8261
MODERN,lagged_cost_rule,0.76,0,0,,0.955777285045578,359,0.043457208570391,8261
MODERN,lagged_cost_rule,0.77,0,0,,0.955777285045578,359,0.043457208570391,8261
MODERN,lagged_cost_rule,0.78,0,0,,0.955777285045578,359,0.043457208570391,8261
MODERN,lagged_cost_rule,0.79,0,0,,0.955777285045578,359,0.043457208570391,8261
MODERN,lagged_cost_rule,0.8,0,0,,0.955777285045578,359,0.043457208570391,8261
MODERN,lagged_cost_rule,0.81,0,0,,0.955777285045578,359,0.043457208570391,8261
MODERN,lagged_cost_rule,0.82,0,0,,0.955777285045578,359,0.043457208570391,8261
MODERN,lagged_cost_rule,0.83,0,0,,0.955777285045578,359,0.043457208570391,8261
MODERN,lagged_cost_rule,0.84,0,0,,0.955777285045578,359,0.043457208570391,8261
MODERN,lagged_cost_rule,0.85,0,0,,0.955777285045578,359,0.043457208570391,8261
MODERN,lagged_cost_rule,0.86,0,0,,0.955777285045578,359,0.043457208570391,8261
MODERN,lagged_cost_rule,0.87,0,0,,0.955777285045578,359,0.043457208570391,8261
MODERN,lagged_cost_rule,0.88,0,0,,0.955777285045578,359,0.043457208570391,8261
MODERN,lagged_cost_rule,0.89,0,0,,0.955777285045578,359,0.043457208570391,8261
MODERN,lagged_cost_rule,0.9,0,0,,0.955777285045578,359,0.043457208570391,8261
MODERN,lagged_cost_rule,0.91,0,0,,0.955777285045578,359,0.043457208570391,8261
MODERN,lagged_cost_rule,0.92,0,0,,0.955777285045578,359,0.043457208570391,8261
MODERN,lagged_cost_rule,0.93,0,0,,0.955777285045578,359,0.043457208570391,8261
MODERN,lagged_cost_rule,0.94,0,0,,0.955777285045578,359,0.043457208570391,8261
MODERN,lagged_cost_rule,0.95,0,0,,0.955777285045578,359,0.043457208570391,8261
MODERN,lagged_cost_rule,0.96,0,0,,0.955777285045578,359,0.043457208570391,8261
MODERN,lagged_cost_rule,0.97,0,0,,0.955777285045578,359,0.043457208570391,8261
MODERN,lagged_cost_rule,0.98,0,0,,0.955777285045578,359,0.043457208570391,8261
MODERN,lagged_cost_rule,0.99,0,0,,0.955777285045578,359,0.043457208570391,8261
MODERN,lagged_cost_rule,1,0,0,,0.955777285045578,359,0.043457208570391,8261
MODERN,logistic_unweighted,0.01,0.00580357142857143,0.181818181818182,0.0112481072896388,0.451342695245134,4480,0.542307226727999,8261
MODERN,logistic_unweighted,0.02,0.00577825929938606,0.111888111888112,0.010989010989011,0.660877063316088,2769,0.335189444377194,8261
MODERN,logistic_unweighted,0.03,0.00706713780918728,0.0839160839160839,0.0130363932645301,0.792313377679231,1698,0.205544122987532,8261
MODERN,logistic_unweighted,0.04,0.0113285272914521,0.0769230769230769,0.0197486535008977,0.881744271988174,971,0.117540249364484,8261
MODERN,logistic_unweighted,0.05,0.0164203612479475,0.0699300699300699,0.0265957446808511,0.926213353042621,609,0.0737198886333374,8261
MODERN,logistic_unweighted,0.06,0.0168067226890756,0.0559440559440559,0.0258481421647819,0.942350332594235,476,0.0576201428398499,8261
MODERN,logistic_unweighted,0.07,0.0141843971631206,0.041958041958042,0.0212014134275618,0.948632668144863,423,0.0512044546665053,8261
MODERN,logistic_unweighted,0.08,0.015,0.041958041958042,0.0220994475138122,0.951465878295147,400,0.0484202881007142,8261
MODERN,logistic_unweighted,0.09,0.0165289256198347,0.041958041958042,0.0237154150197628,0.956023651145602,363,0.0439414114513981,8261
MODERN,logistic_unweighted,0.1,0.0149700598802395,0.034965034965035,0.0209643605870021,0.959472776545947,334,0.0404309405640964,8261
MODERN,logistic_unweighted,0.11,0.0132450331125828,0.027972027972028,0.0179775280898876,0.963291451096329,302,0.0365573175160392,8261
MODERN,logistic_unweighted,0.12,0.0144404332129964,0.027972027972028,0.019047619047619,0.966371027346637,277,0.0335310495097446,8261
MODERN,logistic_unweighted,0.13,0.0156862745098039,0.027972027972028,0.0201005025125628,0.969081054446908,255,0.0308679336642053,8261
MODERN,logistic_unweighted,0.14,0.0135746606334842,0.020979020979021,0.0164835164835165,0.973146095097315,221,0.0267522091756446,8261
MODERN,logistic_unweighted,0.15,0.0157894736842105,0.020979020979021,0.018018018018018,0.976964769647697,190,0.0229996368478392,8261
MODERN,logistic_unweighted,0.16,0.0170454545454545,0.020979020979021,0.0188087774294671,0.978689332347869,176,0.0213049267643142,8261
MODERN,logistic_unweighted,0.17,0.0180722891566265,0.020979020979021,0.0194174757281553,0.979921162847992,166,0.0200944195617964,8261
MODERN,logistic_unweighted,0.18,0.0194805194805195,0.020979020979021,0.0202020202020202,0.98139935944814,154,0.018641810918775,8261
MODERN,logistic_unweighted,0.19,0.020979020979021,0.020979020979021,0.020979020979021,0.982754372998275,143,0.0173102529960053,8261
MODERN,logistic_unweighted,0.2,0.0223880597014925,0.020979020979021,0.0216606498194946,0.983863020448386,134,0.0162207965137393,8261
MODERN,logistic_unweighted,0.21,0.0236220472440945,0.020979020979021,0.0222222222222222,0.984725301798473,127,0.0153734414719768,8261
MODERN,logistic_unweighted,0.22,0.025,0.020979020979021,0.0228136882129278,0.985587583148559,120,0.0145260864302143,8261
MODERN,logistic_unweighted,0.23,0.0260869565217391,0.020979020979021,0.0232558139534884,0.98620349839862,115,0.0139208328289553,8261
MODERN,logistic_unweighted,0.24,0.0272727272727273,0.020979020979021,0.0237154150197628,0.986819413648682,110,0.0133155792276964,8261
MODERN,logistic_unweighted,0.25,0.0288461538461538,0.020979020979021,0.0242914979757085,0.987558511948756,104,0.0125892749061857,8261
MODERN,logistic_unweighted,0.26,0.0303030303030303,0.020979020979021,0.0247933884297521,0.988174427198817,99,0.0119840213049268,8261
MODERN,logistic_unweighted,0.27,0.032258064516129,0.020979020979021,0.0254237288135593,0.988913525498891,93,0.0112577169834161,8261
MODERN,logistic_unweighted,0.28,0.0235294117647059,0.013986013986014,0.0175438596491228,0.989775806848978,85,0.0102893112214018,8261
MODERN,logistic_unweighted,0.29,0.025,0.013986013986014,0.0179372197309417,0.990391722099039,80,0.00968405762014284,8261
MODERN,logistic_unweighted,0.3,0.0266666666666667,0.013986013986014,0.018348623853211,0.991007637349101,75,0.00907880401888391,8261
MODERN,logistic_unweighted,0.31,0.028169014084507,0.013986013986014,0.0186915887850467,0.99150036954915,71,0.00859460113787677,8261
MODERN,logistic_unweighted,0.32,0.0303030303030303,0.013986013986014,0.0191387559808612,0.992116284799212,66,0.00798934753661784,8261
MODERN,logistic_unweighted,0.33,0.0327868852459016,0.013986013986014,0.0196078431372549,0.992732200049273,61,0.00738409393535892,8261
MODERN,logistic_unweighted,0.34,0.0344827586206897,0.013986013986014,0.0199004975124378,0.99310174919931,58,0.00702094177460356,8261
MODERN,logistic_unweighted,0.35,0.0377358490566038,0.013986013986014,0.0204081632653061,0.993717664449372,53,0.00641568817334463,8261
MODERN,logistic_unweighted,0.36,0.0392156862745098,0.013986013986014,0.0206185567010309,0.993964030549396,51,0.00617358673284106,8261
MODERN,logistic_unweighted,0.37,0.0392156862745098,0.013986013986014,0.0206185567010309,0.993964030549396,51,0.00617358673284106,8261
MODERN,logistic_unweighted,0.38,0.0408163265306122,0.013986013986014,0.0208333333333333,0.994210396649421,49,0.00593148529233749,8261
MODERN,logistic_unweighted,0.39,0.0425531914893617,0.013986013986014,0.0210526315789474,0.994456762749446,47,0.00568938385183392,8261
MODERN,logistic_unweighted,0.4,0.0454545454545455,0.013986013986014,0.0213903743315508,0.994826311899483,44,0.00532623169107856,8261
MODERN,logistic_unweighted,0.41,0.0487804878048781,0.013986013986014,0.0217391304347826,0.99519586104952,41,0.00496307953032321,8261
MODERN,logistic_unweighted,0.42,0.0512820512820513,0.013986013986014,0.021978021978022,0.995442227149544,39,0.00472097808981963,8261
MODERN,logistic_unweighted,0.43,0.0540540540540541,0.013986013986014,0.0222222222222222,0.995688593249569,37,0.00447887664931606,8261
MODERN,logistic_unweighted,0.44,0.0555555555555556,0.013986013986014,0.0223463687150838,0.995811776299581,36,0.00435782592906428,8261
MODERN,logistic_unweighted,0.45,0.0606060606060606,0.013986013986014,0.0227272727272727,0.996181325449618,33,0.00399467376830892,8261
MODERN,logistic_unweighted,0.46,0.0606060606060606,0.013986013986014,0.0227272727272727,0.996181325449618,33,0.00399467376830892,8261
MODERN,logistic_unweighted,0.47,0.0645161290322581,0.013986013986014,0.0229885057471264,0.996427691549643,31,0.00375257232780535,8261
MODERN,logistic_unweighted,0.48,0.0645161290322581,0.013986013986014,0.0229885057471264,0.996427691549643,31,0.00375257232780535,8261
MODERN,logistic_unweighted,0.49,0.0645161290322581,0.013986013986014,0.0229885057471264,0.996427691549643,31,0.00375257232780535,8261
MODERN,logistic_unweighted,0.5,0.0666666666666667,0.013986013986014,0.023121387283237,0.996550874599655,30,0.00363152160755357,8261
MODERN,logistic_unweighted,0.51,0.0689655172413793,0.013986013986014,0.0232558139534884,0.996674057649667,29,0.00351047088730178,8261
MODERN,logistic_unweighted,0.52,0.0740740740740741,0.013986013986014,0.0235294117647059,0.996920423749692,27,0.00326836944679821,8261
MODERN,logistic_unweighted,0.53,0.0740740740740741,0.013986013986014,0.0235294117647059,0.996920423749692,27,0.00326836944679821,8261
MODERN,logistic_unweighted,0.54,0.08,0.013986013986014,0.0238095238095238,0.997166789849717,25,0.00302626800629464,8261
MODERN,logistic_unweighted,0.55,0.0869565217391304,0.013986013986014,0.0240963855421687,0.997413155949741,23,0.00278416656579107,8261
MODERN,logistic_unweighted,0.56,0.0952380952380952,0.013986013986014,0.024390243902439,0.997659522049766,21,0.0025420651252875,8261
MODERN,logistic_unweighted,0.57,0.105263157894737,0.013986013986014,0.0246913580246914,0.997905888149791,19,0.00229996368478392,8261
MODERN,logistic_unweighted,0.58,0.111111111111111,0.013986013986014,0.0248447204968944,0.998029071199803,18,0.00217891296453214,8261
MODERN,logistic_unweighted,0.59,0.125,0.013986013986014,0.0251572327044025,0.998275437299828,16,0.00193681152402857,8261
MODERN,logistic_unweighted,0.6,0.133333333333333,0.013986013986014,0.0253164556962025,0.99839862034984,15,0.00181576080377678,8261
MODERN,logistic_unweighted,0.61,0.142857142857143,0.013986013986014,0.0254777070063694,0.998521803399852,14,0.001694710083525,8261
MODERN,logistic_unweighted,0.62,0.153846153846154,0.013986013986014,0.0256410256410256,0.998644986449865,13,0.00157365936327321,8261
MODERN,logistic_unweighted,0.63,0.181818181818182,0.013986013986014,0.025974025974026,0.998891352549889,11,0.00133155792276964,8261
MODERN,logistic_unweighted,0.64,0.181818181818182,0.013986013986014,0.025974025974026,0.998891352549889,11,0.00133155792276964,8261
MODERN,logistic_unweighted,0.65,0.181818181818182,0.013986013986014,0.025974025974026,0.998891352549889,11,0.00133155792276964,8261
MODERN,logistic_unweighted,0.66,0.181818181818182,0.013986013986014,0.025974025974026,0.998891352549889,11,0.00133155792276964,8261
MODERN,logistic_unweighted,0.67,0.181818181818182,0.013986013986014,0.025974025974026,0.998891352549889,11,0.00133155792276964,8261
MODERN,logistic_unweighted,0.68,0.181818181818182,0.013986013986014,0.025974025974026,0.998891352549889,11,0.00133155792276964,8261
MODERN,logistic_unweighted,0.69,0.181818181818182,0.013986013986014,0.025974025974026,0.998891352549889,11,0.00133155792276964,8261
MODERN,logistic_unweighted,0.7,0.2,0.013986013986014,0.0261437908496732,0.999014535599901,10,0.00121050720251785,8261
MODERN,logistic_unweighted,0.71,0.2,0.013986013986014,0.0261437908496732,0.999014535599901,10,0.00121050720251785,8261
MODERN,logistic_unweighted,0.72,0.2,0.013986013986014,0.0261437908496732,0.999014535599901,10,0.00121050720251785,8261
MODERN,logistic_unweighted,0.73,0.2,0.013986013986014,0.0261437908496732,0.999014535599901,10,0.00121050720251785,8261
MODERN,logistic_unweighted,0.74,0.2,0.013986013986014,0.0261437908496732,0.999014535599901,10,0.00121050720251785,8261
MODERN,logistic_unweighted,0.75,0.222222222222222,0.013986013986014,0.0263157894736842,0.999137718649914,9,0.00108945648226607,8261
MODERN,logistic_unweighted,0.76,0.25,0.013986013986014,0.0264900662251656,0.999260901699926,8,0.000968405762014284,8261
MODERN,logistic_unweighted,0.77,0.25,0.013986013986014,0.0264900662251656,0.999260901699926,8,0.000968405762014284,8261
MODERN,logistic_unweighted,0.78,0.285714285714286,0.013986013986014,0.0266666666666667,0.999384084749938,7,0.000847355041762498,8261
MODERN,logistic_unweighted,0.79,0.333333333333333,0.013986013986014,0.0268456375838926,0.999507267799951,6,0.000726304321510713,8261
MODERN,logistic_unweighted,0.8,0.333333333333333,0.013986013986014,0.0268456375838926,0.999507267799951,6,0.000726304321510713,8261
MODERN,logistic_unweighted,0.81,0.333333333333333,0.013986013986014,0.0268456375838926,0.999507267799951,6,0.000726304321510713,8261
MODERN,logistic_unweighted,0.82,0.333333333333333,0.013986013986014,0.0268456375838926,0.999507267799951,6,0.000726304321510713,8261
MODERN,logistic_unweighted,0.83,0.4,0.013986013986014,0.027027027027027,0.999630450849963,5,0.000605253601258927,8261
MODERN,logistic_unweighted,0.84,0.4,0.013986013986014,0.027027027027027,0.999630450849963,5,0.000605253601258927,8261
MODERN,logistic_unweighted,0.85,0.4,0.013986013986014,0.027027027027027,0.999630450849963,5,0.000605253601258927,8261
MODERN,logistic_unweighted,0.86,0.4,0.013986013986014,0.027027027027027,0.999630450849963,5,0.000605253601258927,8261
MODERN,logistic_unweighted,0.87,0.4,0.013986013986014,0.027027027027027,0.999630450849963,5,0.000605253601258927,8261
MODERN,logistic_unweighted,0.88,0.5,0.013986013986014,0.0272108843537415,0.999753633899975,4,0.000484202881007142,8261
MODERN,logistic_unweighted,0.89,0.5,0.013986013986014,0.0272108843537415,0.999753633899975,4,0.000484202881007142,8261
MODERN,logistic_unweighted,0.9,0.5,0.013986013986014,0.0272108843537415,0.999753633899975,4,0.000484202881007142,8261
MODERN,logistic_unweighted,0.91,0.5,0.013986013986014,0.0272108843537415,0.999753633899975,4,0.000484202881007142,8261
MODERN,logistic_unweighted,0.92,0.5,0.013986013986014,0.0272108843537415,0.999753633899975,4,0.000484202881007142,8261
MODERN,logistic_unweighted,0.93,0.5,0.013986013986014,0.0272108843537415,0.999753633899975,4,0.000484202881007142,8261
MODERN,logistic_unweighted,0.94,0.5,0.013986013986014,0.0272108843537415,0.999753633899975,4,0.000484202881007142,8261
MODERN,logistic_unweighted,0.95,0.5,0.013986013986014,0.0272108843537415,0.999753633899975,4,0.000484202881007142,8261
MODERN,logistic_unweighted,0.96,0.5,0.013986013986014,0.0272108843537415,0.999753633899975,4,0.000484202881007142,8261
MODERN,logistic_unweighted,0.97,0.5,0.013986013986014,0.0272108843537415,0.999753633899975,4,0.000484202881007142,8261
MODERN,logistic_unweighted,0.98,0.5,0.013986013986014,0.0272108843537415,0.999753633899975,4,0.000484202881007142,8261
MODERN,logistic_unweighted,0.99,0.5,0.013986013986014,0.0272108843537415,0.999753633899975,4,0.000484202881007142,8261
MODERN,logistic_unweighted,1,0,0,,0.999876816949988,1,0.000121050720251786,8261
MODERN,logistic_balanced,0.01,0.0175155279503106,0.986013986013986,0.0344196265104357,0.0257452574525745,8050,0.974458298026873,8261
MODERN,logistic_balanced,0.02,0.0173483601367608,0.958041958041958,0.0340796019900497,0.04409953190441,7897,0.95593753782835,8261
MODERN,logistic_balanced,0.03,0.0173059537646907,0.937062937062937,0.0339842759320314,0.06270017245627,7743,0.937295726909575,8261
MODERN,logistic_balanced,0.04,0.0172982965799551,0.916083916083916,0.0339554173146708,0.0832717418083272,7573,0.916717104466772,8261
MODERN,logistic_balanced,0.05,0.0169744703965236,0.874125874125874,0.0333022512321833,0.108277900960828,7364,0.891417503934148,8261
MODERN,logistic_balanced,0.06,0.0169657879977566,0.846153846153846,0.0332646048109966,0.136363636363636,7132,0.863333736835734,8261
MODERN,logistic_balanced,0.07,0.0169246347461305,0.818181818181818,0.0331632653061224,0.162847992116285,6913,0.836823629100593,8261
MODERN,logistic_balanced,0.08,0.0161697077584928,0.762237762237762,0.0316676350958745,0.183050012318305,6741,0.816002905217286,8261
MODERN,logistic_balanced,0.09,0.0156773211567732,0.72027972027972,0.0306867272456428,0.203375215570338,6570,0.795303232054231,8261
MODERN,logistic_balanced,0.1,0.0148229052894367,0.664335664335664,0.028998778998779,0.222222222222222,6409,0.775814066093693,8261
MODERN,logistic_balanced,0.11,0.0146941383165628,0.643356643356643,0.0287320424734541,0.240083764474008,6261,0.757898559496429,8261
MODERN,logistic_balanced,0.12,0.0148887434554974,0.636363636363636,0.0290967226219025,0.258314855875831,6112,0.739862002178913,8261
MODERN,logistic_balanced,0.13,0.0139121689574254,0.58041958041958,0.0271730234080864,0.275314116777531,5966,0.722188597022152,8261
MODERN,logistic_balanced,0.14,0.0139270976616231,0.566433566433566,0.0271857694244001,0.293545208179355,5816,0.704030988984384,8261
MODERN,logistic_balanced,0.15,0.0137469157560804,0.545454545454545,0.0268179473955647,0.310667652131067,5674,0.686841786708631,8261
MODERN,logistic_balanced,0.16,0.0135746606334842,0.524475524475524,0.0264643613267467,0.328652377432865,5525,0.668805229391115,8261
MODERN,logistic_balanced,0.17,0.0135536576308949,0.510489510489511,0.0264062217399168,0.345528455284553,5386,0.651979179276117,8261
MODERN,logistic_balanced,0.18,0.0129721480351011,0.475524475524476,0.025255338904364,0.362650899236265,5242,0.63454787555986,8261
MODERN,logistic_balanced,0.19,0.0125662674258787,0.447552447552448,0.0244461420932009,0.380512441488051,5093,0.616511318242344,8261
MODERN,logistic_balanced,0.2,0.0123282134195635,0.426573426573427,0.0239638577882538,0.3980044345898,4948,0.598958963805835,8261
MODERN,logistic_balanced,0.21,0.0115990057995029,0.391608391608392,0.0225306779320056,0.412170485341217,4828,0.58443287737562,8261
MODERN,logistic_balanced,0.22,0.0100213219616205,0.328671328671329,0.0194496172149803,0.428061098792806,4690,0.567727877980874,8261
MODERN,logistic_balanced,0.23,0.00962379702537183,0.307692307692308,0.0186638388123012,0.442227149544223,4572,0.553443892991163,8261
MODERN,logistic_balanced,0.24,0.00856627592425609,0.265734265734266,0.016597510373444,0.458240946045824,4436,0.53698099503692,8261
MODERN,logistic_balanced,0.25,0.00832755031228314,0.251748251748252,0.0161218092252575,0.471914264597191,4323,0.523302263648469,8261
MODERN,logistic_balanced,0.26,0.00832540437678402,0.244755244755245,0.0161030595813205,0.486449864498645,4204,0.508897227938506,8261
MODERN,logistic_balanced,0.27,0.00834560628375061,0.237762237762238,0.0161252074934788,0.502340477950234,4074,0.493160634305774,8261
MODERN,logistic_balanced,0.28,0.00840978593272171,0.230769230769231,0.0162281780181952,0.52069475240207,3924,0.475003026268006,8261
MODERN,logistic_balanced,0.29,0.00841219768664564,0.223776223776224,0.0162148467190271,0.535353535353535,3804,0.460476939837792,8261
MODERN,logistic_balanced,0.3,0.00863697705802969,0.223776223776224,0.0166320166320166,0.547548657304755,3705,0.448492918532865,8261
MODERN,logistic_balanced,0.31,0.0085920177383592,0.216783216783217,0.0165289256198347,0.559374230105937,3608,0.436750998668442,8261
MODERN,logistic_balanced,0.32,0.00797720797720798,0.195804195804196,0.0153298658636737,0.571076619857108,3510,0.424888028083767,8261
MODERN,logistic_balanced,0.33,0.00817041143857601,0.195804195804196,0.0156862745098039,0.58130081300813,3427,0.414840818302869,8261
MODERN,logistic_balanced,0.34,0.00836820083682008,0.195804195804196,0.0160504442533677,0.591278640059128,3346,0.405035709962474,8261
MODERN,logistic_balanced,0.35,0.00827966881324747,0.188811188811189,0.0158636897767333,0.601626016260163,3261,0.394746398741073,8261
MODERN,logistic_balanced,0.36,0.00818382121498269,0.181818181818182,0.0156626506024096,0.611850209411185,3177,0.384578138239923,8261
MODERN,logistic_balanced,0.37,0.00840879689521345,0.181818181818182,0.0160741885625966,0.622320768662232,3092,0.374288827018521,8261
MODERN,logistic_balanced,0.38,0.0083139341536415,0.174825174825175,0.0158730158730159,0.632668144863267,3007,0.363999515797119,8261
MODERN,logistic_balanced,0.39,0.00819112627986348,0.167832167832168,0.015619915392125,0.642030056664203,2930,0.354678610337732,8261
MODERN,logistic_balanced,0.4,0.00835945663531871,0.167832167832168,0.0159256801592568,0.64929785661493,2871,0.347536617842876,8261
MODERN,logistic_balanced,0.41,0.00864241987756572,0.167832167832168,0.0164383561643836,0.660877063316088,2777,0.336157850139208,8261
MODERN,logistic_balanced,0.42,0.00888559792669382,0.167832167832168,0.0168776371308017,0.670238975117024,2701,0.326957995400073,8261
MODERN,logistic_balanced,0.43,0.00917782026768642,0.167832167832168,0.0174039158810732,0.680832717418083,2615,0.316547633458419,8261
MODERN,logistic_balanced,0.44,0.00946745562130178,0.167832167832168,0.0179238237490665,0.690687361419069,2535,0.306863575838276,8261
MODERN,logistic_balanced,0.45,0.00985221674876847,0.167832167832168,0.0186118650639783,0.702882483370288,2436,0.294879554533349,8261
MODERN,logistic_balanced,0.46,0.00934182590233546,0.153846153846154,0.0176140912730184,0.712613944321261,2355,0.285074446192955,8261
MODERN,logistic_balanced,0.47,0.00965335673541027,0.153846153846154,0.0181668042939719,0.721975856122198,2279,0.275874591453819,8261
MODERN,logistic_balanced,0.48,0.00962419798350138,0.146853146853147,0.0180645161290323,0.73380142892338,2182,0.264132671589396,8261
MODERN,logistic_balanced,0.49,0.00897072710103872,0.132867132867133,0.0168067226890756,0.741438778024144,2118,0.256385425493282,8261
MODERN,logistic_balanced,0.5,0.00935499753815854,0.132867132867133,0.0174793008279669,0.752155703375216,2031,0.245854012831376,8261
MODERN,logistic_balanced,0.51,0.00980392156862745,0.132867132867133,0.0182604517059106,0.763611727026361,1938,0.23459629584796,8261
MODERN,logistic_balanced,0.52,0.0104625550660793,0.132867132867133,0.0193976518631955,0.778640059127864,1816,0.219828107977242,8261
MODERN,logistic_balanced,0.53,0.0105944673337257,0.125874125874126,0.0195439739413681,0.792929292929293,1699,0.205665173707784,8261
MODERN,logistic_balanced,0.54,0.0112289457267623,0.125874125874126,0.0206185567010309,0.804754865730475,1603,0.194044304563612,8261
MODERN,logistic_balanced,0.55,0.010688042752171,0.111888111888112,0.0195121951219512,0.817565902931757,1497,0.181212928216923,8261
MODERN,logistic_balanced,0.56,0.0115107913669065,0.111888111888112,0.0208741030658839,0.830746489283075,1390,0.168260501149982,8261
MODERN,logistic_balanced,0.57,0.0115384615384615,0.104895104895105,0.0207900207900208,0.841709780734171,1300,0.157365936327321,8261
MODERN,logistic_balanced,0.58,0.0123558484349259,0.104895104895105,0.0221075902726603,0.85230352303523,1214,0.146955574385668,8261
MODERN,logistic_balanced,0.59,0.0131694468832309,0.104895104895105,0.0234009360374415,0.861542251786154,1139,0.137876770366784,8261
MODERN,logistic_balanced,0.6,0.0131208997188379,0.0979020979020979,0.0231404958677686,0.870288248337029,1067,0.129161118508655,8261
MODERN,logistic_balanced,0.61,0.0139303482587065,0.0979020979020979,0.024390243902439,0.877925597437793,1005,0.121655973853044,8261
MODERN,logistic_balanced,0.62,0.0136125654450262,0.0909090909090909,0.0236794171220401,0.883961566888396,955,0.115603437840455,8261
MODERN,logistic_balanced,0.63,0.0145089285714286,0.0909090909090909,0.0250240615976901,0.891229366839123,896,0.1084614453456,8261
MODERN,logistic_balanced,0.64,0.0153482880755608,0.0909090909090909,0.0262626262626263,0.897265336289726,847,0.102529960053262,8261
MODERN,logistic_balanced,0.65,0.0160891089108911,0.0909090909090909,0.0273396424815983,0.902069475240207,808,0.0978089819634427,8261
MODERN,logistic_balanced,0.66,0.016839378238342,0.0909090909090909,0.0284153005464481,0.90650406504065,772,0.0934511560343784,8261
MODERN,logistic_balanced,0.67,0.0177353342428377,0.0909090909090909,0.0296803652968037,0.911308203991131,733,0.0887301779445588,8261
MODERN,logistic_balanced,0.68,0.0185185185185185,0.0909090909090909,0.0307692307692308,0.915126878541513,702,0.0849776056167534,8261
MODERN,logistic_balanced,0.69,0.0178306092124814,0.0839160839160839,0.0294117647058823,0.918576003941858,673,0.0814671347294516,8261
MODERN,logistic_balanced,0.7,0.0170542635658915,0.0769230769230769,0.0279187817258883,0.92190194629219,645,0.0780777145624016,8261
MODERN,logistic_balanced,0.71,0.0176848874598071,0.0769230769230769,0.0287581699346405,0.924735156442474,622,0.0752935479966106,8261
MODERN,logistic_balanced,0.72,0.0181518151815182,0.0769230769230769,0.0293724966622163,0.926706085242671,606,0.073356736472582,8261
MODERN,logistic_balanced,0.73,0.0187393526405451,0.0769230769230769,0.0301369863013699,0.929046563192905,587,0.0710567727877981,8261
MODERN,logistic_balanced,0.74,0.0192307692307692,0.0769230769230769,0.0307692307692308,0.930894308943089,572,0.0692410119840213,8261
MODERN,logistic_balanced,0.75,0.0182815356489945,0.0699300699300699,0.0289855072463768,0.933850702143385,547,0.0662147439777267,8261
MODERN,logistic_balanced,0.76,0.0189035916824197,0.0699300699300699,0.0297619047619048,0.936067997043607,529,0.0640358310131945,8261
MODERN,logistic_balanced,0.77,0.0194931773879142,0.0699300699300699,0.0304878048780488,0.938038925843804,513,0.062099019489166,8261
MODERN,logistic_balanced,0.78,0.0202429149797571,0.0699300699300699,0.0313971742543171,0.940379403794038,494,0.059799055804382,8261
MODERN,logistic_balanced,0.79,0.0188284518828452,0.0629370629370629,0.0289855072463768,0.942227149544223,478,0.0578622442803535,8261
MODERN,logistic_balanced,0.8,0.0191897654584222,0.0629370629370629,0.0294117647058824,0.943335796994334,469,0.0567727877980874,8261
MODERN,logistic_balanced,0.81,0.0200445434298441,0.0629370629370629,0.0304054054054054,0.94579945799458,449,0.0543517733930517,8261
MODERN,logistic_balanced,0.82,0.0186915887850467,0.0559440559440559,0.0280210157618214,0.948263118994826,428,0.0518097082677642,8261
MODERN,logistic_balanced,0.83,0.019559902200489,0.0559440559440559,0.0289855072463768,0.95060359694506,409,0.0495097445829803,8261
MODERN,logistic_balanced,0.84,0.020253164556962,0.0559440559440559,0.0297397769516729,0.952328159645233,395,0.0478150344994553,8261
MODERN,logistic_balanced,0.85,0.0185676392572944,0.048951048951049,0.0269230769230769,0.954422271495442,377,0.0456361215349231,8261
MODERN,logistic_balanced,0.86,0.0166666666666667,0.041958041958042,0.0238568588469185,0.956393200295639,360,0.0435782592906428,8261
MODERN,logistic_balanced,0.87,0.0145348837209302,0.034965034965035,0.0205338809034908,0.958240946045824,344,0.0416414477666142,8261
MODERN,logistic_balanced,0.88,0.0154798761609907,0.034965034965035,0.0214592274678112,0.960827790096083,323,0.0390993826413267,8261
MODERN,logistic_balanced,0.89,0.0163934426229508,0.034965034965035,0.0223214285714286,0.963045084996304,305,0.0369204696767946,8261
MODERN,logistic_balanced,0.9,0.0176056338028169,0.034965034965035,0.0234192037470726,0.965631929046563,284,0.0343784045515071,8261
MODERN,logistic_balanced,0.91,0.0192307692307692,0.034965034965035,0.0248138957816377,0.968588322246859,260,0.0314731872654642,8261
MODERN,logistic_balanced,0.92,0.0211864406779661,0.034965034965035,0.0263852242744063,0.971544715447154,236,0.0285679699794214,8261
MODERN,logistic_balanced,0.93,0.0197044334975369,0.027972027972028,0.023121387283237,0.975486573047549,203,0.0245732962111125,8261
MODERN,logistic_balanced,0.94,0.0227272727272727,0.027972027972028,0.0250783699059561,0.978812515397881,176,0.0213049267643142,8261
MODERN,logistic_balanced,0.95,0.0206896551724138,0.020979020979021,0.0208333333333333,0.982508006898251,145,0.0175523544365089,8261
MODERN,logistic_balanced,0.96,0.0247933884297521,0.020979020979021,0.0227272727272727,0.985464400098546,121,0.014647137150466,8261
MODERN,logistic_balanced,0.97,0.0326086956521739,0.020979020979021,0.025531914893617,0.989036708548904,92,0.0111366662631643,8261
MODERN,logistic_balanced,0.98,0.0333333333333333,0.013986013986014,0.0197044334975369,0.992855383099286,60,0.00726304321510713,8261
MODERN,logistic_balanced,0.99,0.0769230769230769,0.013986013986014,0.0236686390532544,0.997043606799704,26,0.00314731872654642,8261
MODERN,logistic_balanced,1,0.5,0.00699300699300699,0.0137931034482759,0.999876816949988,2,0.000242101440503571,8261
MODERN,catboost_unweighted,0.01,0.0172972972972973,0.335664335664336,0.0328992460589445,0.664079822616408,2775,0.335915748698705,8261
MODERN,catboost_unweighted,0.02,0.0132496513249651,0.132867132867133,0.0240963855421687,0.82569598423257,1434,0.17358673284106,8261
MODERN,catboost_unweighted,0.03,0.0148305084745763,0.0979020979020979,0.0257589696412144,0.885439763488544,944,0.114271879917686,8261
MODERN,catboost_unweighted,0.04,0.0172413793103448,0.0839160839160839,0.0286054827175209,0.915742793791574,696,0.0842513012952427,8261
MODERN,catboost_unweighted,0.05,0.0150375939849624,0.0559440559440559,0.0237037037037037,0.935452081793545,532,0.0643989831739499,8261
MODERN,catboost_unweighted,0.06,0.019559902200489,0.0559440559440559,0.0289855072463768,0.95060359694506,409,0.0495097445829803,8261
MODERN,catboost_unweighted,0.07,0.0214067278287462,0.048951048951049,0.0297872340425532,0.960581423996058,327,0.0395835855223339,8261
MODERN,catboost_unweighted,0.08,0.0267175572519084,0.048951048951049,0.0345679012345679,0.968588322246859,262,0.0317152887059678,8261
MODERN,catboost_unweighted,0.09,0.0220264317180617,0.034965034965035,0.027027027027027,0.972653362897265,227,0.0274785134971553,8261
MODERN,catboost_unweighted,0.1,0.0148514851485149,0.020979020979021,0.0173913043478261,0.975486573047549,202,0.0244522454908607,8261
MODERN,catboost_unweighted,0.11,0.0172413793103448,0.020979020979021,0.0189274447949527,0.978935698447894,174,0.0210628253238107,8261
MODERN,catboost_unweighted,0.12,0.0140845070422535,0.013986013986014,0.0140350877192982,0.982754372998275,142,0.0171892022757535,8261
MODERN,catboost_unweighted,0.13,0.016,0.013986013986014,0.0149253731343284,0.984848484848485,125,0.0151313400314732,8261
MODERN,catboost_unweighted,0.14,0.00934579439252336,0.00699300699300699,0.008,0.986942596698694,107,0.012952427066941,8261
MODERN,catboost_unweighted,0.15,0.0099009900990099,0.00699300699300699,0.00819672131147541,0.987681694998768,101,0.0122261227454303,8261
MODERN,catboost_unweighted,0.16,0.0112359550561798,0.00699300699300699,0.00862068965517242,0.989159891598916,89,0.0107735141024089,8261
MODERN,catboost_unweighted,0.17,0.0128205128205128,0.00699300699300699,0.00904977375565611,0.990514905149051,78,0.00944195617963927,8261
MODERN,catboost_unweighted,0.18,0.0142857142857143,0.00699300699300699,0.00938967136150235,0.99150036954915,70,0.00847355041762498,8261
MODERN,catboost_unweighted,0.19,0,0,,0.992239467849224,63,0.00762619537586249,8261
MODERN,catboost_unweighted,0.2,0,0,,0.992239467849224,63,0.00762619537586249,8261
MODERN,catboost_unweighted,0.21,0,0,,0.992609016999261,60,0.00726304321510713,8261
MODERN,catboost_unweighted,0.22,0,0,,0.993348115299335,54,0.00653673889359642,8261
MODERN,catboost_unweighted,0.23,0,0,,0.993964030549396,49,0.00593148529233749,8261
MODERN,catboost_unweighted,0.24,0,0,,0.994210396649421,47,0.00568938385183392,8261
MODERN,catboost_unweighted,0.25,0,0,,0.994210396649421,47,0.00568938385183392,8261
MODERN,catboost_unweighted,0.26,0,0,,0.994579945799458,44,0.00532623169107856,8261
MODERN,catboost_unweighted,0.27,0,0,,0.994826311899483,42,0.00508413025057499,8261
MODERN,catboost_unweighted,0.28,0,0,,0.995072677999507,40,0.00484202881007142,8261
MODERN,catboost_unweighted,0.29,0,0,,0.995072677999507,40,0.00484202881007142,8261
MODERN,catboost_unweighted,0.3,0,0,,0.995319044099532,38,0.00459992736956785,8261
MODERN,catboost_unweighted,0.31,0,0,,0.995565410199557,36,0.00435782592906428,8261
MODERN,catboost_unweighted,0.32,0,0,,0.995934959349594,33,0.00399467376830892,8261
MODERN,catboost_unweighted,0.33,0,0,,0.996058142399606,32,0.00387362304805714,8261
MODERN,catboost_unweighted,0.34,0,0,,0.99630450849963,30,0.00363152160755357,8261
MODERN,catboost_unweighted,0.35,0,0,,0.996550874599655,28,0.00338942016704999,8261
MODERN,catboost_unweighted,0.36,0,0,,0.996550874599655,28,0.00338942016704999,8261
MODERN,catboost_unweighted,0.37,0,0,,0.996674057649667,27,0.00326836944679821,8261
MODERN,catboost_unweighted,0.38,0,0,,0.996674057649667,27,0.00326836944679821,8261
MODERN,catboost_unweighted,0.39,0,0,,0.99679724069968,26,0.00314731872654642,8261
MODERN,catboost_unweighted,0.4,0,0,,0.996920423749692,25,0.00302626800629464,8261
MODERN,catboost_unweighted,0.41,0,0,,0.996920423749692,25,0.00302626800629464,8261
MODERN,catboost_unweighted,0.42,0,0,,0.997166789849717,23,0.00278416656579107,8261
MODERN,catboost_unweighted,0.43,0,0,,0.997166789849717,23,0.00278416656579107,8261
MODERN,catboost_unweighted,0.44,0,0,,0.997413155949741,21,0.0025420651252875,8261
MODERN,catboost_unweighted,0.45,0,0,,0.997413155949741,21,0.0025420651252875,8261
MODERN,catboost_unweighted,0.46,0,0,,0.997536338999754,20,0.00242101440503571,8261
MODERN,catboost_unweighted,0.47,0,0,,0.997536338999754,20,0.00242101440503571,8261
MODERN,catboost_unweighted,0.48,0,0,,0.997536338999754,20,0.00242101440503571,8261
MODERN,catboost_unweighted,0.49,0,0,,0.997536338999754,20,0.00242101440503571,8261
MODERN,catboost_unweighted,0.5,0,0,,0.997536338999754,20,0.00242101440503571,8261
MODERN,catboost_unweighted,0.51,0,0,,0.997659522049766,19,0.00229996368478392,8261
MODERN,catboost_unweighted,0.52,0,0,,0.997659522049766,19,0.00229996368478392,8261
MODERN,catboost_unweighted,0.53,0,0,,0.997659522049766,19,0.00229996368478392,8261
MODERN,catboost_unweighted,0.54,0,0,,0.997659522049766,19,0.00229996368478392,8261
MODERN,catboost_unweighted,0.55,0,0,,0.997659522049766,19,0.00229996368478392,8261
MODERN,catboost_unweighted,0.56,0,0,,0.997782705099778,18,0.00217891296453214,8261
MODERN,catboost_unweighted,0.57,0,0,,0.997782705099778,18,0.00217891296453214,8261
MODERN,catboost_unweighted,0.58,0,0,,0.997905888149791,17,0.00205786224428035,8261
MODERN,catboost_unweighted,0.59,0,0,,0.998152254249815,15,0.00181576080377678,8261
MODERN,catboost_unweighted,0.6,0,0,,0.99839862034984,13,0.00157365936327321,8261
MODERN,catboost_unweighted,0.61,0,0,,0.99839862034984,13,0.00157365936327321,8261
MODERN,catboost_unweighted,0.62,0,0,,0.998521803399852,12,0.00145260864302143,8261
MODERN,catboost_unweighted,0.63,0,0,,0.998521803399852,12,0.00145260864302143,8261
MODERN,catboost_unweighted,0.64,0,0,,0.998521803399852,12,0.00145260864302143,8261
MODERN,catboost_unweighted,0.65,0,0,,0.998521803399852,12,0.00145260864302143,8261
MODERN,catboost_unweighted,0.66,0,0,,0.998521803399852,12,0.00145260864302143,8261
MODERN,catboost_unweighted,0.67,0,0,,0.998521803399852,12,0.00145260864302143,8261
MODERN,catboost_unweighted,0.68,0,0,,0.998521803399852,12,0.00145260864302143,8261
MODERN,catboost_unweighted,0.69,0,0,,0.998768169499877,10,0.00121050720251785,8261
MODERN,catboost_unweighted,0.7,0,0,,0.999014535599901,8,0.000968405762014284,8261
MODERN,catboost_unweighted,0.71,0,0,,0.999260901699926,6,0.000726304321510713,8261
MODERN,catboost_unweighted,0.72,0,0,,0.999384084749938,5,0.000605253601258927,8261
MODERN,catboost_unweighted,0.73,0,0,,0.999507267799951,4,0.000484202881007142,8261
MODERN,catboost_unweighted,0.74,0,0,,0.999507267799951,4,0.000484202881007142,8261
MODERN,catboost_unweighted,0.75,0,0,,0.999630450849963,3,0.000363152160755357,8261
MODERN,catboost_unweighted,0.76,0,0,,0.999630450849963,3,0.000363152160755357,8261
MODERN,catboost_unweighted,0.77,0,0,,0.999630450849963,3,0.000363152160755357,8261
MODERN,catboost_unweighted,0.78,0,0,,0.999630450849963,3,0.000363152160755357,8261
MODERN,catboost_unweighted,0.79,0,0,,0.999753633899975,2,0.000242101440503571,8261
MODERN,catboost_unweighted,0.8,0,0,,0.999753633899975,2,0.000242101440503571,8261
MODERN,catboost_unweighted,0.81,0,0,,0.999753633899975,2,0.000242101440503571,8261
MODERN,catboost_unweighted,0.82,0,0,,0.999753633899975,2,0.000242101440503571,8261
MODERN,catboost_unweighted,0.83,0,0,,0.999753633899975,2,0.000242101440503571,8261
MODERN,catboost_unweighted,0.84,0,0,,0.999753633899975,2,0.000242101440503571,8261
MODERN,catboost_unweighted,0.85,0,0,,0.999753633899975,2,0.000242101440503571,8261
MODERN,catboost_unweighted,0.86,0,0,,0.999753633899975,2,0.000242101440503571,8261
MODERN,catboost_unweighted,0.87,0,0,,0.999876816949988,1,0.000121050720251786,8261
MODERN,catboost_unweighted,0.88,0,0,,0.999876816949988,1,0.000121050720251786,8261
MODERN,catboost_unweighted,0.89,,0,0,1,0,0,8261
MODERN,catboost_unweighted,0.9,,0,0,1,0,0,8261
MODERN,catboost_unweighted,0.91,,0,0,1,0,0,8261
MODERN,catboost_unweighted,0.92,,0,0,1,0,0,8261
MODERN,catboost_unweighted,0.93,,0,0,1,0,0,8261
MODERN,catboost_unweighted,0.94,,0,0,1,0,0,8261
MODERN,catboost_unweighted,0.95,,0,0,1,0,0,8261
MODERN,catboost_unweighted,0.96,,0,0,1,0,0,8261
MODERN,catboost_unweighted,0.97,,0,0,1,0,0,8261
MODERN,catboost_unweighted,0.98,,0,0,1,0,0,8261
MODERN,catboost_unweighted,0.99,,0,0,1,0,0,8261
MODERN,catboost_unweighted,1,,0,0,1,0,0,8261
MODERN,catboost_balanced,0.01,0.0236917469409008,0.636363636363636,0.0456827309236948,0.538063562453806,3841,0.464955816487108,8261
MODERN,catboost_balanced,0.02,0.022919605077574,0.454545454545455,0.0436388049681101,0.658659768415866,2836,0.343299842634064,8261
MODERN,catboost_balanced,0.03,0.0211733568592854,0.335664335664336,0.0398340248962656,0.726656812022666,2267,0.274421982810798,8261
MODERN,catboost_balanced,0.04,0.0217969165337586,0.286713286713287,0.0405138339920949,0.773343187977334,1881,0.227696404793609,8261
MODERN,catboost_balanced,0.05,0.0198265179677819,0.223776223776224,0.0364257256687536,0.805124414880512,1614,0.195375862486382,8261
MODERN,catboost_balanced,0.06,0.02,0.195804195804196,0.0362929358392741,0.830992855383099,1400,0.1694710083525,8261
MODERN,catboost_balanced,0.07,0.0201126307320998,0.174825174825175,0.0360750360750361,0.849963045084996,1243,0.150466045272969,8261
MODERN,catboost_balanced,0.08,0.0177777777777778,0.13986013986014,0.0315457413249211,0.863882729736388,1125,0.136182060283259,8261
MODERN,catboost_balanced,0.09,0.0166830225711482,0.118881118881119,0.0292598967297762,0.876570583887657,1019,0.123350683936569,8261
MODERN,catboost_balanced,0.1,0.0169133192389006,0.111888111888112,0.0293847566574839,0.885439763488544,946,0.114513981358189,8261
MODERN,catboost_balanced,0.11,0.0149769585253456,0.0909090909090909,0.0257171117705242,0.894678492239468,868,0.10507202517855,8261
MODERN,catboost_balanced,0.12,0.0161490683229814,0.0909090909090909,0.0274261603375527,0.902439024390244,805,0.0974458298026873,8261
MODERN,catboost_balanced,0.13,0.0146862483311081,0.0769230769230769,0.0246636771300448,0.909090909090909,749,0.0906669894685873,8261
MODERN,catboost_balanced,0.14,0.0157367668097282,0.0769230769230769,0.0261282660332542,0.915250061591525,699,0.0846144534559981,8261
MODERN,catboost_balanced,0.15,0.0152671755725191,0.0699300699300699,0.025062656641604,0.920546932742055,655,0.0792882217649195,8261
MODERN,catboost_balanced,0.16,0.0147058823529412,0.0629370629370629,0.023841059602649,0.925720620842572,612,0.0740830407940927,8261
MODERN,catboost_balanced,0.17,0.0121739130434783,0.048951048951049,0.0194986072423398,0.930032027593003,575,0.0696041641447767,8261
MODERN,catboost_balanced,0.18,0.0110497237569061,0.041958041958042,0.0174927113702624,0.933850702143385,543,0.0657305410967195,8261
MODERN,catboost_balanced,0.19,0.0120481927710843,0.041958041958042,0.0187207488299532,0.939393939393939,498,0.0602832586853892,8261
MODERN,catboost_balanced,0.2,0.0107758620689655,0.034965034965035,0.0164744645799012,0.943458980044346,464,0.0561675341968285,8261
MODERN,catboost_balanced,0.21,0.0116009280742459,0.034965034965035,0.0174216027874564,0.947524020694752,431,0.0521728604285195,8261
MODERN,catboost_balanced,0.22,0.00982800982800983,0.027972027972028,0.0145454545454545,0.950357230845036,407,0.0492676431424767,8261
MODERN,catboost_balanced,0.23,0.0103359173126615,0.027972027972028,0.0150943396226415,0.952820891845282,387,0.046846628737441,8261
MODERN,catboost_balanced,0.24,0.010958904109589,0.027972027972028,0.015748031496063,0.955530918945553,365,0.0441835128919017,8261
MODERN,catboost_balanced,0.25,0.0113960113960114,0.027972027972028,0.0161943319838057,0.957255481645726,351,0.0424888028083767,8261
MODERN,catboost_balanced,0.26,0.00900900900900901,0.020979020979021,0.0126050420168067,0.959349593495935,333,0.0403098898438446,8261
MODERN,catboost_balanced,0.27,0.00967741935483871,0.020979020979021,0.0132450331125828,0.962182803646218,310,0.0375257232780535,8261
MODERN,catboost_balanced,0.28,0.00675675675675676,0.013986013986014,0.00911161731207289,0.963784183296378,296,0.0358310131945285,8261
MODERN,catboost_balanced,0.29,0.00709219858156028,0.013986013986014,0.00941176470588235,0.965508745996551,282,0.0341363031110035,8261
MODERN,catboost_balanced,0.3,0.00740740740740741,0.013986013986014,0.00968523002421307,0.966986942596699,270,0.0326836944679821,8261
MODERN,catboost_balanced,0.31,0.00790513833992095,0.013986013986014,0.0101010101010101,0.969081054446908,253,0.0306258322237017,8261
MODERN,catboost_balanced,0.32,0.00823045267489712,0.013986013986014,0.0103626943005181,0.970312884947031,243,0.0294153250211839,8261
MODERN,catboost_balanced,0.33,0.00862068965517241,0.013986013986014,0.0106666666666667,0.971667898497167,232,0.0280837670984142,8261
MODERN,catboost_balanced,0.34,0.00896860986547085,0.013986013986014,0.0109289617486339,0.972776545947278,223,0.0269943106161482,8261
MODERN,catboost_balanced,0.35,0.00970873786407767,0.013986013986014,0.0114613180515759,0.974870657797487,206,0.0249364483718678,8261
MODERN,catboost_balanced,0.36,0.0050761421319797,0.00699300699300699,0.00588235294117647,0.975856122197586,197,0.0238469918896017,8261
MODERN,catboost_balanced,0.37,0.00543478260869565,0.00699300699300699,0.00611620795107034,0.977457501847746,184,0.0222733325263285,8261
MODERN,catboost_balanced,0.38,0.00552486187845304,0.00699300699300699,0.00617283950617284,0.977827050997783,181,0.0219101803655732,8261
MODERN,catboost_balanced,0.39,0.00578034682080925,0.00699300699300699,0.00632911392405063,0.978812515397881,173,0.0209417746035589,8261
MODERN,catboost_balanced,0.4,0.00598802395209581,0.00699300699300699,0.00645161290322581,0.979551613697955,167,0.0202154702820482,8261
MODERN,catboost_balanced,0.41,0.0062111801242236,0.00699300699300699,0.00657894736842105,0.980290711998029,161,0.0194891659605375,8261
MODERN,catboost_balanced,0.42,0.00645161290322581,0.00699300699300699,0.00671140939597315,0.981029810298103,155,0.0187628616390268,8261
MODERN,catboost_balanced,0.43,0.00699300699300699,0.00699300699300699,0.00699300699300699,0.982508006898251,143,0.0173102529960053,8261
MODERN,catboost_balanced,0.44,0.0072992700729927,0.00699300699300699,0.00714285714285714,0.983247105198325,137,0.0165839486744946,8261
MODERN,catboost_balanced,0.45,0.00763358778625954,0.00699300699300699,0.0072992700729927,0.983986203498399,131,0.0158576443529839,8261
MODERN,catboost_balanced,0.46,0.00806451612903226,0.00699300699300699,0.00749063670411985,0.984848484848485,124,0.0150102893112214,8261
MODERN,catboost_balanced,0.47,0.00840336134453781,0.00699300699300699,0.00763358778625954,0.985464400098546,119,0.0144050357099625,8261
MODERN,catboost_balanced,0.48,0.00869565217391304,0.00699300699300699,0.00775193798449612,0.985957132298596,115,0.0139208328289553,8261
MODERN,catboost_balanced,0.49,0.00917431192660551,0.00699300699300699,0.00793650793650794,0.98669623059867,109,0.0131945285074446,8261
MODERN,catboost_balanced,0.5,0.00980392156862745,0.00699300699300699,0.00816326530612245,0.987558511948756,102,0.0123471734656821,8261
MODERN,catboost_balanced,0.51,0.0105263157894737,0.00699300699300699,0.00840336134453781,0.988420793298842,95,0.0114998184239196,8261
MODERN,catboost_balanced,0.52,0.0119047619047619,0.00699300699300699,0.00881057268722467,0.989775806848978,84,0.01016826050115,8261
MODERN,catboost_balanced,0.53,0.0123456790123457,0.00699300699300699,0.00892857142857143,0.990145355999015,81,0.00980510834039463,8261
MODERN,catboost_balanced,0.54,0.0125,0.00699300699300699,0.00896860986547085,0.990268539049027,80,0.00968405762014284,8261
MODERN,catboost_balanced,0.55,0.0131578947368421,0.00699300699300699,0.0091324200913242,0.990761271249076,76,0.0091998547391357,8261
MODERN,catboost_balanced,0.56,0.0142857142857143,0.00699300699300699,0.00938967136150235,0.99150036954915,70,0.00847355041762498,8261
MODERN,catboost_balanced,0.57,0.0151515151515152,0.00699300699300699,0.00956937799043062,0.991993101749199,66,0.00798934753661784,8261
MODERN,catboost_balanced,0.58,0.015625,0.00699300699300699,0.00966183574879227,0.992239467849224,64,0.00774724609611427,8261
MODERN,catboost_balanced,0.59,0.0169491525423729,0.00699300699300699,0.0099009900990099,0.992855383099286,59,0.00714199249485534,8261
MODERN,catboost_balanced,0.6,0.0178571428571429,0.00699300699300699,0.0100502512562814,0.993224932249323,56,0.00677884033409999,8261
MODERN,catboost_balanced,0.61,0.0181818181818182,0.00699300699300699,0.0101010101010101,0.993348115299335,55,0.0066577896138482,8261
MODERN,catboost_balanced,0.62,0.0192307692307692,0.00699300699300699,0.0102564102564103,0.993717664449372,52,0.00629463745309285,8261
MODERN,catboost_balanced,0.63,0.0204081632653061,0.00699300699300699,0.0104166666666667,0.994087213599409,49,0.00593148529233749,8261
MODERN,catboost_balanced,0.64,0.0208333333333333,0.00699300699300699,0.0104712041884817,0.994210396649421,48,0.0058104345720857,8261
MODERN,catboost_balanced,0.65,0.0212765957446809,0.00699300699300699,0.0105263157894737,0.994333579699433,47,0.00568938385183392,8261
MODERN,catboost_balanced,0.66,0.0232558139534884,0.00699300699300699,0.010752688172043,0.994826311899483,43,0.00520518097082678,8261
MODERN,catboost_balanced,0.67,0.0256410256410256,0.00699300699300699,0.010989010989011,0.995319044099532,39,0.00472097808981963,8261
MODERN,catboost_balanced,0.68,0.027027027027027,0.00699300699300699,0.0111111111111111,0.995565410199557,37,0.00447887664931606,8261
MODERN,catboost_balanced,0.69,0.027027027027027,0.00699300699300699,0.0111111111111111,0.995565410199557,37,0.00447887664931606,8261
MODERN,catboost_balanced,0.7,0.0277777777777778,0.00699300699300699,0.0111731843575419,0.995688593249569,36,0.00435782592906428,8261
MODERN,catboost_balanced,0.71,0.0285714285714286,0.00699300699300699,0.0112359550561798,0.995811776299581,35,0.00423677520881249,8261
MODERN,catboost_balanced,0.72,0.0303030303030303,0.00699300699300699,0.0113636363636364,0.996058142399606,33,0.00399467376830892,8261
MODERN,catboost_balanced,0.73,0.032258064516129,0.00699300699300699,0.0114942528735632,0.99630450849963,31,0.00375257232780535,8261
MODERN,catboost_balanced,0.74,0.032258064516129,0.00699300699300699,0.0114942528735632,0.99630450849963,31,0.00375257232780535,8261
MODERN,catboost_balanced,0.75,0.032258064516129,0.00699300699300699,0.0114942528735632,0.99630450849963,31,0.00375257232780535,8261
MODERN,catboost_balanced,0.76,0.0333333333333333,0.00699300699300699,0.0115606936416185,0.996427691549643,30,0.00363152160755357,8261
MODERN,catboost_balanced,0.77,0.037037037037037,0.00699300699300699,0.0117647058823529,0.99679724069968,27,0.00326836944679821,8261
MODERN,catboost_balanced,0.78,0,0,,0.996920423749692,25,0.00302626800629464,8261
MODERN,catboost_balanced,0.79,0,0,,0.997043606799704,24,0.00290521728604285,8261
MODERN,catboost_balanced,0.8,0,0,,0.997043606799704,24,0.00290521728604285,8261
MODERN,catboost_balanced,0.81,0,0,,0.997043606799704,24,0.00290521728604285,8261
MODERN,catboost_balanced,0.82,0,0,,0.997166789849717,23,0.00278416656579107,8261
MODERN,catboost_balanced,0.83,0,0,,0.997413155949741,21,0.0025420651252875,8261
MODERN,catboost_balanced,0.84,0,0,,0.997905888149791,17,0.00205786224428035,8261
MODERN,catboost_balanced,0.85,0,0,,0.997905888149791,17,0.00205786224428035,8261
MODERN,catboost_balanced,0.86,0,0,,0.997905888149791,17,0.00205786224428035,8261
MODERN,catboost_balanced,0.87,0,0,,0.998029071199803,16,0.00193681152402857,8261
MODERN,catboost_balanced,0.88,0,0,,0.99839862034984,13,0.00157365936327321,8261
MODERN,catboost_balanced,0.89,0,0,,0.998768169499877,10,0.00121050720251785,8261
MODERN,catboost_balanced,0.9,0,0,,0.998768169499877,10,0.00121050720251785,8261
MODERN,catboost_balanced,0.91,0,0,,0.998768169499877,10,0.00121050720251785,8261
MODERN,catboost_balanced,0.92,0,0,,0.998891352549889,9,0.00108945648226607,8261
MODERN,catboost_balanced,0.93,0,0,,0.999137718649914,7,0.000847355041762498,8261
MODERN,catboost_balanced,0.94,0,0,,0.999384084749938,5,0.000605253601258927,8261
MODERN,catboost_balanced,0.95,0,0,,0.999384084749938,5,0.000605253601258927,8261
MODERN,catboost_balanced,0.96,0,0,,0.999630450849963,3,0.000363152160755357,8261
MODERN,catboost_balanced,0.97,0,0,,0.999876816949988,1,0.000121050720251786,8261
MODERN,catboost_balanced,0.98,0,0,,0.999876816949988,1,0.000121050720251786,8261
MODERN,catboost_balanced,0.99,,0,0,1,0,0,8261
MODERN,catboost_balanced,1,,0,0,1,0,0,8261
